# This file uses centimeters as units for non-parametric coordinates.

mtllib Teeth part 01.mtl
g default
v -0.584682 4.591524 5.019383
v -0.584824 4.565521 5.016083
v -0.706837 4.565201 5.026394
v -0.706073 4.588632 5.030217
v -0.826847 4.547818 5.087307
v -0.826190 4.573335 5.095009
v -0.928338 4.515075 5.192589
v -0.927360 4.538212 5.206386
v -0.473895 4.581702 5.041913
v -0.472504 4.554551 5.038673
v -0.381492 4.558221 5.094746
v -0.379215 4.530369 5.093983
v -0.310017 4.521205 5.186079
v -0.306023 4.490657 5.179595
v -0.246718 4.464690 5.317862
v -0.242361 4.439363 5.305576
v -1.006788 4.468007 5.315788
v -1.006004 4.485035 5.330869
v -0.202378 4.408825 5.467547
v -0.196964 4.382990 5.453999
v -0.176539 4.372818 5.602184
v -0.170882 4.344696 5.592480
v -1.062933 4.409378 5.428411
v -1.057944 4.428643 5.442794
v -1.112020 4.347340 5.541478
v -1.103532 4.371967 5.557072
v -1.160172 4.308306 5.662194
v -1.150429 4.333487 5.668670
v -1.197218 4.295628 5.755543
v -1.182886 4.324841 5.754969
v -1.234445 4.337858 5.892424
v -1.222671 4.362521 5.884895
v -1.247137 4.380090 5.960272
v -1.232302 4.402885 5.944461
v -1.206899 4.338206 5.826938
v -1.219703 4.311078 5.831267
v -1.245792 4.453908 6.032202
v -1.233762 4.472725 6.011938
v -1.223414 4.537908 6.088666
v -1.217886 4.552000 6.065014
v -1.170611 4.636887 6.138652
v -1.171656 4.653081 6.112458
v -1.089493 4.743424 6.184923
v -1.097982 4.767501 6.154780
v -0.996126 4.820134 6.213988
v -1.003744 4.846560 6.184177
v -0.864100 4.879945 6.227082
v -0.873513 4.903535 6.195495
v -0.731406 4.913068 6.226803
v -0.733110 4.932266 6.196318
v -0.592928 4.921946 6.227701
v -0.591259 4.940344 6.198453
v -0.460443 4.900935 6.239033
v -0.457301 4.919703 6.214736
v -0.336600 4.860683 6.245909
v -0.329883 4.877835 6.228645
v -0.248749 4.800766 6.241892
v -0.243962 4.820509 6.221244
v -0.188016 4.734912 6.218024
v -0.187107 4.752119 6.195021
v -0.140532 4.674106 6.144613
v -0.091633 4.540019 6.086148
v -0.100876 4.561940 6.062391
v -0.078864 4.422347 5.975317
v -0.088461 4.442177 5.955467
v -0.093336 4.367402 5.903954
v -0.101927 4.395618 5.887596
v -0.113507 4.332014 5.821929
v -0.123388 4.366576 5.812525
v -0.142505 4.321924 5.716181
v -0.150657 4.354376 5.716484
v -1.254832 4.396408 6.132348
v -1.275692 4.360311 6.079835
v -1.359078 3.989422 6.101183
v -1.348386 3.998567 6.154949
v -1.237641 4.263128 5.829373
v -1.211773 4.239498 5.743456
v -1.254513 4.295929 5.900945
v -1.265531 4.344353 5.977316
v -1.173061 4.243726 5.642477
v -1.119654 4.285540 5.522201
v -1.066698 4.342188 5.407907
v -1.006919 4.403114 5.296537
v -0.162578 4.294852 5.576098
v -0.126780 4.264001 5.712597
v -0.195814 4.333413 5.432769
v -0.241853 4.382842 5.289864
v -0.303298 4.424692 5.176604
v -0.380375 4.456029 5.095119
v -0.476113 4.476066 5.043819
v -0.588486 4.485150 5.023676
v -0.707150 4.483720 5.037848
v -0.826698 4.469287 5.091007
v -0.927518 4.443907 5.183620
v -0.096341 4.275141 5.828621
v -0.070000 4.329113 5.951344
v -0.060769 4.378061 6.016389
v -0.076977 4.497936 6.123278
v -0.195064 4.710392 6.252106
v -0.262274 4.774168 6.274079
v -0.470513 4.863967 6.282926
v -0.354145 4.828082 6.284053
v -0.597529 4.883475 6.274276
v -0.728982 4.872080 6.270202
v -0.857069 4.836119 6.265657
v -0.977736 4.783050 6.248122
v -1.076764 4.712833 6.216226
v -1.162913 4.616445 6.171288
v -1.226048 4.502725 6.131798
v -1.259901 4.418199 6.055921
v -0.492727 4.774327 6.339076
v -0.610555 4.785028 6.331949
v -0.731573 4.777191 6.322391
v -0.385163 4.742793 6.340307
v -0.293750 4.695888 6.329038
v -0.849940 4.749658 6.310526
v -0.958588 4.705636 6.291219
v -1.053191 4.649150 6.261677
v -1.130597 4.579315 6.227812
v -1.383608 3.852975 6.115639
v -1.372842 3.860548 6.175541
v -1.400921 3.708645 6.157611
v -1.389532 3.716588 6.204115
v -1.407309 3.572392 6.199610
v -1.397797 3.585323 6.235254
v -1.216454 3.261124 6.250789
v -1.233595 3.267340 6.351177
v -1.358289 3.378223 6.295107
v -1.338906 3.353266 6.192567
v -1.135163 3.233863 6.273758
v -1.150230 3.239375 6.376992
v -0.999754 3.213304 6.302097
v -1.013352 3.224360 6.401525
v -1.062894 3.219870 6.289189
v -1.078352 3.226928 6.391673
v -1.388423 3.468818 6.264605
v -1.361792 3.431150 6.152818
v -0.940325 3.199686 6.313398
v -0.950696 3.208968 6.415600
v -0.832248 3.177823 6.333372
v -0.844082 3.189207 6.435500
v -0.700872 3.168619 6.349394
v -0.708280 3.176398 6.451262
v -0.417765 3.192741 6.362976
v -0.420430 3.202813 6.460422
v -0.471513 3.183812 6.362909
v -0.476805 3.193320 6.461869
v -0.284655 3.187965 6.352064
v -0.282042 3.201826 6.452385
v -0.177865 3.194425 6.342223
v -0.175503 3.207251 6.440445
v -0.365630 3.203096 6.459109
v -0.362325 3.190645 6.358540
v -0.106900 3.209565 6.331227
v -0.093977 3.227346 6.426261
v -0.036727 3.286685 6.280700
v -0.004919 3.329131 6.373615
v -0.037316 3.440145 6.180086
v 0.010363 3.508514 6.275351
v -0.037287 3.535847 6.112209
v 0.011120 3.607672 6.203776
v -0.050295 3.653214 6.020129
v 0.007988 3.742245 6.136614
v -0.052547 3.239817 6.313321
v -0.035233 3.263540 6.402732
v -0.957185 3.246983 6.442133
v -1.018311 3.266237 6.429593
v -1.082829 3.265267 6.416090
v -0.711545 3.212773 6.482415
v -0.847623 3.224892 6.465251
v -0.478673 3.232142 6.491624
v -0.421485 3.243570 6.489084
v -0.368108 3.242908 6.486778
v -0.566292 3.171967 6.360797
v -0.568919 3.180949 6.459744
v -0.571675 3.215798 6.491007
v -0.283069 3.242721 6.481153
v -0.100875 3.261971 6.449755
v -0.183762 3.245154 6.468141
v -0.048829 3.298817 6.427391
v -0.019433 3.351216 6.402805
v -0.009507 3.553217 6.350009
v 0.006875 3.656583 6.260203
v -0.017100 3.687815 6.333184
v -0.003350 3.820389 6.232323
v -0.032882 3.866217 6.314579
v -0.014991 4.006935 6.201097
v -0.049817 4.052596 6.294262
v -0.033268 4.208220 6.173706
v -0.063427 4.204177 6.277191
v -0.222164 4.635190 6.311755
v -0.091739 4.420504 6.264532
v -0.066846 4.434022 6.192760
v -0.063353 4.443592 6.145802
v -0.038985 4.292804 6.089180
v -0.080170 3.784642 5.905604
v -0.018199 3.882858 5.971446
v 0.011618 3.642446 6.221907
v 0.004699 3.780866 6.188297
v -0.007408 3.971092 6.140337
v -1.223962 3.302365 6.379347
v -1.147530 3.275328 6.400998
v -1.331485 3.407437 6.332464
v -0.035389 3.356435 6.233386
v 0.007017 3.409248 6.332506
v -0.006533 3.439183 6.374500
v -1.351035 3.487840 6.316138
v -1.288402 3.298442 6.225209
v -1.306961 3.310670 6.322934
v -1.285348 3.342439 6.355931
v -0.597239 4.346784 5.056138
v -0.709278 4.344520 5.075287
v -0.816168 4.332590 5.120444
v -0.913681 4.311733 5.189411
v -0.993966 4.281095 5.281734
v -0.488618 4.341264 5.072172
v -0.393646 4.331006 5.121125
v -0.315109 4.311595 5.194292
v -0.254490 4.288373 5.287594
v -0.203883 4.250494 5.417772
v -1.059079 4.239856 5.385128
v -1.117750 4.189055 5.497798
v -1.179598 4.134650 5.640040
v -1.243811 4.144088 5.779937
v -1.272158 4.182699 5.859744
v -0.025073 4.151315 6.097557
v -0.041790 4.243584 6.023831
v -0.069405 4.170557 5.864118
v -0.041913 4.055748 5.919053
v -0.133859 3.916300 5.750409
v -0.072930 4.015062 5.806524
v -0.182794 4.005672 5.613431
v -0.123413 4.110648 5.673853
v -0.112324 4.165959 5.715634
v -0.162383 4.210362 5.554514
v -0.280645 4.106517 5.413642
v -0.215977 4.203092 5.413958
v -0.324062 4.118912 5.363427
v -0.268601 4.236657 5.295183
v -0.071828 3.425324 6.163635
v -0.069196 3.344120 6.217810
v -0.076229 3.521190 6.095633
v -1.184631 4.502285 6.201882
v -1.212294 4.423914 6.196268
v -1.285830 4.228367 5.925998
v -1.290150 4.264765 5.972157
v -1.299368 4.020311 6.239134
v -1.326226 3.872010 6.259168
v -1.340851 3.721887 6.283427
v -1.351335 3.591388 6.302612
v -0.069140 3.280228 6.264348
v -0.076381 3.243387 6.293452
v -0.125532 3.220815 6.308345
v -0.184476 3.209418 6.320950
v -0.360626 3.207167 6.335168
v -0.285091 3.204977 6.327561
v -1.172903 4.442268 6.235247
v -0.473139 3.199298 6.339726
v -0.419410 3.207840 6.341039
v -0.566189 3.187654 6.337395
v -0.825085 3.194400 6.311409
v -0.695581 3.184244 6.327537
v -0.991840 3.227432 6.284736
v -0.934949 3.218526 6.292408
v -1.052179 3.238227 6.270724
v -1.123122 3.252216 6.255259
v -1.202278 3.277212 6.233712
v -1.266929 3.309657 6.209111
v -1.312069 3.356417 6.178319
v -1.330752 3.427296 6.137294
v -1.374014 3.524713 6.106229
v -1.340175 3.510702 6.086699
v -1.370100 3.654749 6.036881
v -1.335594 3.631922 6.014555
v -0.362512 4.134186 5.307134
v -0.329283 4.255415 5.214003
v -1.014131 3.396289 6.458218
v -1.075508 3.400393 6.443009
v -0.955624 3.382283 6.473021
v -1.254756 4.027214 6.283246
v -1.281602 3.871380 6.303768
v -1.300485 3.711513 6.322412
v -1.307908 3.585651 6.338777
v -1.307149 3.486750 6.349683
v -1.299447 3.422210 6.356362
v -1.262145 3.379690 6.373044
v -1.201080 3.344758 6.396275
v -1.143042 3.328639 6.414643
v -0.958258 3.300865 6.458486
v -1.016552 3.314848 6.444579
v -1.083803 3.315914 6.429765
v -0.718013 3.270657 6.501526
v -0.852156 3.281493 6.482744
v -0.576478 3.269989 6.508685
v -0.850388 3.367096 6.496625
v -0.717011 3.354810 6.513330
v -0.477167 3.278873 6.504478
v -0.579682 3.356725 6.519960
v -0.473844 3.365776 6.516451
v -0.365556 3.289678 6.498422
v -0.421079 3.285926 6.500082
v -0.280000 3.288767 6.492285
v -0.192064 3.289629 6.480578
v -0.122583 3.312545 6.466177
v -0.072579 3.344307 6.444646
v -0.046151 3.392970 6.426187
v -0.032869 3.582857 6.380073
v -0.035007 3.476550 6.405079
v -0.040364 3.713254 6.365395
v -0.059109 3.892923 6.348385
v -0.078843 4.069741 6.334477
v -0.089328 4.200519 6.318495
v -0.113390 4.401835 6.299942
v -0.238800 4.576449 6.339398
v -0.310948 4.623940 6.356733
v -0.400040 4.666733 6.366884
v -0.506472 4.688856 6.368746
v -0.620120 4.702907 6.360272
v -0.852250 4.674568 6.335414
v -0.737923 4.696154 6.349781
v -0.953454 4.642401 6.313931
v -1.042716 4.596771 6.285829
v -1.115272 4.545834 6.253017
v -1.160608 4.497521 6.229594
v -1.118448 4.478409 6.271055
v -1.198553 4.041398 6.323494
v -1.174632 4.181786 6.306858
v -1.230233 4.162116 6.266500
v -1.274640 4.149878 6.221857
v -1.322209 4.121091 6.143690
v -1.334628 4.105836 6.096124
v -1.043403 4.522592 6.306726
v -0.956402 4.562829 6.335106
v -0.865349 4.587054 6.356250
v -0.751087 4.594029 6.376000
v -0.973135 3.840928 6.442762
v -1.030571 3.847090 6.428140
v -0.929888 3.838927 6.454654
v -0.948385 4.176351 6.408079
v -0.989664 4.197476 6.393475
v -0.900808 4.199092 6.417960
v -0.633976 4.590102 6.389262
v -0.520347 4.577779 6.396905
v -0.414114 4.556747 6.395588
v -0.322033 4.527150 6.384379
v -0.250866 4.489494 6.369281
v -0.256101 4.380680 6.394390
v -0.365600 3.371145 6.508735
v -0.422504 3.374100 6.511827
v -0.421760 3.820855 6.496128
v -0.478010 3.818982 6.501138
v -0.369819 3.823451 6.491752
v -0.199233 3.378188 6.491299
v -0.283704 3.371771 6.503544
v -0.142873 3.389237 6.476428
v -0.100462 3.413546 6.458087
v -0.074086 3.433711 6.441833
v -0.069978 3.501526 6.429896
v -0.072670 3.602520 6.414492
v -0.077605 3.738056 6.398764
v -0.702743 3.822946 6.491766
v -0.825030 3.831154 6.476430
v -0.581926 3.820452 6.500894
v -0.425024 4.166178 6.459754
v -0.470300 4.187148 6.461174
v -0.379078 4.189964 6.451753
v -0.798734 4.189439 6.441887
v -0.681454 4.184043 6.456924
v -0.569414 4.179224 6.464423
v -0.370400 4.029495 6.470039
v -0.424742 4.031455 6.474832
v -0.474977 4.032582 6.479976
v -0.578754 4.030859 6.481903
v -0.689436 4.046047 6.471897
v -0.811403 4.051865 6.455759
v -0.909715 4.052509 6.434542
v -0.957043 4.054325 6.422260
v -1.010350 4.059592 6.407538
v -1.139246 3.410292 6.423720
v -1.190957 3.425441 6.405891
v -1.253772 3.451950 6.380097
v -1.250714 3.564777 6.375274
v -0.368475 3.507107 6.510336
v -0.422580 3.509521 6.513000
v -0.477177 3.506961 6.517973
v -0.581617 3.504574 6.520122
v -0.713525 3.504330 6.513226
v -0.843750 3.514266 6.497972
v -0.949997 3.521627 6.476663
v -1.001878 3.528006 6.462260
v -1.063954 3.535851 6.445429
v -1.182480 3.548219 6.406008
v -1.125602 3.543769 6.426281
v -1.048618 3.682476 6.438895
v -0.988403 3.675292 6.453295
v -0.940690 3.671006 6.466890
v -0.835125 3.663491 6.488970
v -0.708202 3.656021 6.505415
v -0.581323 3.654958 6.513332
v -0.477454 3.653918 6.511898
v -0.421999 3.656203 6.507444
v -0.368920 3.656164 6.504466
v -1.243606 3.697222 6.363191
v -1.168663 3.689993 6.400094
v -1.110973 3.686279 6.421197
v -0.288160 3.504774 6.504068
v -0.218081 3.506619 6.492064
v -0.161086 3.511660 6.475144
v -0.113232 3.508224 6.454844
v -1.225094 3.869002 6.346045
v -1.149418 3.863301 6.386219
v -0.966301 4.185432 6.402055
v -0.977497 4.054031 6.417231
v -0.994314 3.843198 6.437335
v -1.010606 3.677938 6.447941
v -1.024818 3.530906 6.456210
v -1.036833 3.397783 6.452860
v -1.041406 3.315192 6.439331
v -1.042075 3.265985 6.424414
v -1.037644 3.225853 6.397457
v -1.022932 3.216001 6.296978
v -1.014855 3.232531 6.278433
v -0.968563 3.224494 6.287834
v -0.977697 3.208861 6.306577
v -0.989441 3.219175 6.406375
v -0.995300 3.259411 6.433641
v -0.994725 3.309748 6.449364
v -0.992267 3.391101 6.463438
v -0.982592 3.525635 6.467727
v -0.970603 3.673684 6.458227
v -0.957010 3.840174 6.447100
v -0.939390 4.053631 6.426695
v -0.927930 4.186802 6.412181
v -0.444848 4.175723 6.460569
v -0.444978 4.033568 6.476851
v -0.445058 3.820091 6.498362
v -0.444970 3.655266 6.509446
v -0.445196 3.508462 6.515188
v -0.443775 3.370647 6.513819
v -0.444346 3.283042 6.501719
v -0.445212 3.238896 6.490026
v -0.444056 3.199176 6.460850
v -0.440032 3.190149 6.362421
v -0.443560 3.206714 6.338502
v -0.396735 3.210873 6.337965
v -0.396896 3.193572 6.361187
v -0.399810 3.203683 6.459544
v -0.401586 3.243550 6.487763
v -0.400375 3.287425 6.499036
v -0.401286 3.373016 6.510181
v -0.402403 3.508619 6.511645
v -0.402185 3.656198 6.506469
v -0.402359 3.821847 6.494759
v -0.405158 4.031163 6.473368
v -0.405237 4.175269 6.456743
v -0.942564 4.258834 6.398629
v -0.933795 4.315037 6.392931
v -0.426168 4.263047 6.446710
v -0.427983 4.302151 6.441286
v -0.648196 4.463732 6.415366
v -0.531342 4.454030 6.421322
v -0.421440 4.434396 6.419971
v -0.322611 4.410706 6.408089
v -0.773262 4.459353 6.402625
v -0.889618 4.451739 6.380722
v -0.792240 4.322082 6.423997
v -0.667942 4.321531 6.438619
v -0.548765 4.313975 6.444835
v -1.089685 3.857680 6.409720
v -1.341855 3.785890 5.951201
v -1.310561 3.747750 5.925912
v -1.289896 3.897523 5.849855
v -1.258125 3.867155 5.828473
v -1.220942 4.004075 5.726356
v -1.191992 3.976046 5.708028
v -1.161102 4.083752 5.604015
v -1.131263 4.048314 5.592274
v -1.104612 4.139865 5.483268
v -1.073293 4.101226 5.478046
v -1.046194 4.187498 5.375625
v -1.017368 4.141219 5.371949
v -0.950070 4.182369 5.292869
v -0.978101 4.224032 5.283638
v -1.218953 3.433336 6.137172
v -1.216815 3.384305 6.167044
v -1.214134 3.504075 6.091504
v -1.202929 3.597147 6.029404
v -1.179410 3.710079 5.949615
v -1.141346 3.834909 5.847141
v -1.080674 3.947664 5.729741
v -1.021675 4.021784 5.624319
v -0.960387 4.077175 5.511954
v -0.913443 4.116786 5.421431
v -0.867806 4.144040 5.350555
v -0.880132 4.199573 5.232634
v -0.808363 4.092171 5.360928
v -0.839763 4.119852 5.369007
v -0.814041 4.036289 5.478659
v -0.845152 4.054569 5.486263
v -0.806449 3.974474 5.612821
v -0.836273 3.981987 5.623976
v -0.900389 4.250449 5.204994
v -1.247913 4.047698 5.769507
v -1.307589 3.953135 5.876653
v -1.358759 3.857414 5.984923
v -1.391654 3.676874 6.070227
v -1.395371 3.539442 6.132592
v -0.346921 4.206765 5.235510
v -0.285007 4.189852 5.311162
v -0.233673 4.164022 5.406323
v -0.136699 4.067924 5.645885
v -0.083810 3.972252 5.788895
v -0.032081 3.837665 5.942366
v 0.004084 3.713539 6.096003
v 0.006756 3.585118 6.179543
v 0.008156 3.489724 6.247166
v 0.006495 3.394270 6.304408
v -0.002090 3.314582 6.348885
v -0.030233 3.249839 6.381711
v -0.091766 3.212839 6.404904
v -0.174909 3.193383 6.419064
v -0.283509 3.188726 6.430507
v -0.365398 3.190188 6.436624
v -0.399212 3.191135 6.437631
v -0.419526 3.190263 6.438560
v -0.442558 3.186845 6.438886
v -0.474857 3.181189 6.439587
v -0.568189 3.169915 6.437223
v -0.707423 3.165574 6.427906
v -0.842978 3.176222 6.411614
v -0.950228 3.194376 6.391979
v -0.988713 3.204831 6.383319
v -1.012252 3.209990 6.378407
v -1.035693 3.211422 6.374290
v -1.076355 3.212024 6.368039
v -1.150451 3.224867 6.352129
v -1.235402 3.253491 6.326502
v -1.312055 3.298037 6.298112
v -1.365975 3.366160 6.268113
v -1.395714 3.457067 6.233387
v -0.370144 4.160797 5.264537
v -0.304844 4.148491 5.336258
v -0.257996 4.129097 5.404943
v -0.160082 4.027921 5.622866
v -0.106229 3.936754 5.767293
v -0.050413 3.807230 5.922830
v -0.026886 3.667149 6.036842
v -0.017077 3.549775 6.130233
v -0.016109 3.455101 6.198802
v -0.014885 3.368484 6.252225
v -0.017768 3.293995 6.299528
v -0.037880 3.238800 6.334332
v -0.096154 3.204176 6.354869
v -0.175639 3.186049 6.367846
v -0.285092 3.180687 6.378378
v -0.364074 3.182986 6.384373
v -0.397673 3.185155 6.386463
v -0.417664 3.184536 6.387968
v -0.439681 3.181660 6.387753
v -0.471636 3.175736 6.388327
v -0.566918 3.164427 6.386195
v -0.704609 3.160786 6.375137
v -0.837967 3.169599 6.358535
v -0.946021 3.189136 6.338233
v -0.984467 3.199424 6.330718
v -1.006739 3.204313 6.326049
v -1.029499 3.206124 6.321310
v -1.070211 3.208356 6.313618
v -1.143732 3.222259 6.297501
v -1.227303 3.250393 6.273597
v -1.302817 3.292265 6.246273
v -1.356627 3.353858 6.213552
v -1.381799 3.436954 6.174672
v -0.071689 4.083572 5.820406
v -0.854337 4.158454 5.294935
v -0.888854 4.152595 5.332124
v -0.942453 4.118344 5.407522
v -0.999656 4.075936 5.496664
v -1.060143 4.021255 5.605995
v -1.120657 3.949799 5.710294
v -1.179748 3.836645 5.830235
v -1.226103 3.716679 5.927732
v -1.253244 3.602047 6.012376
v -1.262086 3.500489 6.081379
v -1.261857 3.428888 6.133381
v -1.254801 3.370786 6.170392
v -1.273098 4.093897 5.828253
v -0.808678 4.271303 5.145564
v -0.597834 4.287386 5.080911
v -0.708573 4.283413 5.100983
v -0.235314 4.071929 5.499852
v -0.212768 4.092021 5.502981
v -0.187754 4.125632 5.519216
v -0.171890 4.163533 5.538815
v -0.496384 4.284039 5.096790
v -0.406851 4.273776 5.144586
v -0.801614 4.211716 5.183902
v -0.701158 4.224655 5.138580
v -0.595235 4.233003 5.115609
v -0.504641 4.229785 5.130955
v -0.418180 4.221984 5.174061
v -0.086649 3.640867 6.004909
v -0.116617 3.767829 5.898177
v -0.160889 3.901586 5.745686
v -0.209315 3.992894 5.608800
v -0.258372 4.059272 5.501916
v -0.303425 4.094425 5.422315
v -0.300587 4.050709 5.514877
v -0.333301 4.083611 5.439664
v -0.267308 3.984234 5.627738
v -0.230202 3.894303 5.762341
v -0.199286 3.761556 5.915554
v -0.180223 3.639331 6.018676
v -0.173420 3.528682 6.100171
v -0.168567 3.427757 6.169991
v -0.164419 3.345742 6.225154
v -0.167363 3.305971 6.252080
v -0.996726 3.270498 6.251889
v -1.033786 3.281375 6.243789
v -0.979409 3.262047 6.258333
v -0.955760 3.262527 6.258605
v -0.962499 3.303233 6.231810
v -0.921286 3.262684 6.260661
v -0.811660 3.244411 6.273752
v -1.100527 3.295087 6.229777
v -1.175895 3.313789 6.211735
v -0.685218 3.235831 6.289803
v -0.567345 3.234073 6.300772
v -0.479977 3.240177 6.303679
v -0.448128 3.250370 6.301755
v -0.425895 3.247523 6.305855
v -0.405024 3.255297 6.301758
v -0.428492 3.288292 6.278062
v -0.361085 3.252367 6.299073
v -0.288659 3.253520 6.290242
v -0.209606 3.257821 6.284033
v -0.229227 3.646034 6.483568
v -0.302144 3.652640 6.497432
v -0.173181 3.638800 6.466550
v -0.117708 3.623065 6.441776
v -0.308116 3.820864 6.483128
v -0.236620 3.804861 6.468922
v -0.182939 3.791134 6.452887
v -0.130874 3.772004 6.430738
v -0.313174 4.020457 6.461524
v -0.098301 3.915385 6.383113
v -0.315908 4.283339 6.427275
v -0.254639 4.262504 6.413699
v -0.311407 4.168447 6.442323
v -0.252999 4.135586 6.430835
v -0.247155 3.987770 6.448467
v -0.192795 3.961415 6.432144
v -0.145239 3.941033 6.411194
v -0.115020 4.084569 6.367270
v -0.201005 4.109973 6.414856
v -0.156222 4.096124 6.394052
v -1.130246 4.054827 6.360644
v -1.069944 4.063663 6.386340
v -1.112248 4.198877 6.341845
v -1.040833 4.204791 6.374110
v -1.013255 4.324770 6.363458
v -0.980117 4.440496 6.353886
v -1.084775 4.317992 6.331213
v -1.060773 4.419547 6.321972
v -1.313180 4.203682 6.093283
v -1.299296 4.225445 6.137817
v -1.254638 4.259560 6.207421
v -1.208527 4.276585 6.252681
v -1.151077 4.302139 6.293533
v -1.295387 4.286944 6.087368
v -1.276989 4.316823 6.136199
v -1.233510 4.345747 6.199147
v -1.189791 4.368371 6.241575
v -1.131935 4.394833 6.283433
v -0.203590 4.241562 6.397250
v -0.160060 4.219794 6.377271
v -0.122038 4.204940 6.351488
v -1.343162 4.004449 5.975305
v -1.317518 4.035798 5.911530
v -1.289088 4.148143 5.886935
v -1.298811 4.195957 5.942272
v -1.303781 4.225398 5.985403
v -1.331071 4.095398 5.991807
v -0.798765 3.938136 5.678154
v -0.824272 3.938072 5.692081
v -0.783789 3.901407 5.737215
v -0.802074 3.886250 5.762639
v -0.780343 3.860497 5.800997
v -0.770048 3.889964 5.759346
v -0.751236 3.904686 5.742188
v -0.746621 3.888497 5.772520
v -0.728427 3.936371 5.687696
v -0.708695 3.935602 5.705073
v -0.705999 3.965875 5.628793
v -0.682582 3.968431 5.645261
v -0.669634 4.014289 5.515934
v -0.638227 4.023116 5.533048
v -0.647677 4.061252 5.422277
v -0.616021 4.072842 5.448138
v -0.602179 4.119781 5.313170
v -0.598044 4.108382 5.366413
v -0.592191 4.123434 5.304650
v -0.594270 4.111172 5.355180
v -0.589273 4.107900 5.366295
v -0.578642 4.116971 5.317714
v -0.543800 4.055885 5.440311
v -0.576627 4.071367 5.457305
v -0.521816 4.004980 5.538617
v -0.557056 4.020070 5.544795
v -0.500643 3.953583 5.642382
v -0.527500 3.962471 5.654090
v -0.490001 3.922920 5.699347
v -0.511130 3.927458 5.712062
v -0.479182 3.890030 5.751876
v -0.492822 3.886726 5.769627
v -0.840245 4.134017 5.341629
v -0.804575 4.123915 5.296760
v -0.844876 4.142524 5.328565
v -0.827508 4.152040 5.279789
v -0.855880 4.144696 5.337159
v -0.609282 4.129728 5.253656
v -0.587227 4.135620 5.251510
v -0.562471 4.134990 5.254248
v -0.464527 3.867633 5.785346
v -0.464059 3.852015 5.813365
v -0.448673 3.882083 5.761726
v -0.437973 3.874619 5.772836
v -0.434758 3.917776 5.701247
v -0.418130 3.913844 5.710758
v -0.422787 3.946326 5.646007
v -0.402487 3.947767 5.655403
v -0.398755 3.995761 5.543833
v -0.377470 4.005798 5.553532
v -0.384591 4.037292 5.459389
v -0.363031 4.048559 5.476578
v -0.906282 3.295721 6.236727
v -0.808437 3.279450 6.250447
v -0.685062 3.276783 6.265274
v -0.564786 3.279683 6.272361
v -0.484969 3.283064 6.273171
v -0.367456 3.292825 6.273768
v -0.286689 3.291770 6.267920
v -0.229218 3.292508 6.263898
v -0.732799 4.003932 5.483427
v -0.714706 4.045618 5.370930
v -0.749101 3.962635 5.608127
v -0.757960 3.936569 5.671755
v -0.459333 3.918411 5.696507
v -0.457349 3.944438 5.639678
v -0.458360 3.984270 5.533578
v -0.460809 4.026053 5.430604
v -0.378093 4.079280 5.381677
v -0.356339 4.079720 5.422894
v -0.351833 4.094640 5.387782
v -0.352654 4.085726 5.413078
v -0.331775 4.099718 5.396324
v -0.344729 4.085505 5.424527
v -0.467997 4.069069 5.348508
v -0.703856 4.066647 5.323132
v -0.637581 4.084000 5.381562
v -0.607450 4.093229 5.411556
v -0.563657 4.094305 5.361079
v -0.585528 4.099740 5.393521
v -0.569539 4.104565 5.340286
v -0.587404 4.103800 5.379922
v -0.600642 4.105335 5.377194
v -0.615593 4.111285 5.328990
v -0.723769 4.135129 5.221440
v -0.593004 4.135663 5.247938
v -0.595935 4.122868 5.305609
v -0.595698 4.110693 5.357684
v -0.592607 4.110378 5.358925
v -0.586598 4.122130 5.309121
v -0.580347 4.137182 5.249174
v -0.585892 4.159275 5.194743
v -0.652667 4.150639 5.195589
v -0.533829 4.157532 5.205370
v -0.469828 4.153877 5.222219
v -0.418420 4.067553 5.360284
v -0.415860 4.025726 5.439444
v -0.424875 3.986396 5.533984
v -0.438006 3.944701 5.641608
v -0.445110 3.917703 5.699064
v -0.458195 3.870931 5.779515
v -0.452398 3.858093 5.802327
v -0.763238 3.871691 5.792323
v -0.758994 3.897432 5.751441
v -0.742332 3.935673 5.679760
v -0.726179 3.963359 5.616923
v -0.698079 4.007497 5.495347
v -0.675072 4.050502 5.399556
v -0.663409 4.075455 5.349053
v -0.623274 4.114448 5.293817
v -0.602342 4.125662 5.284334
v -0.594100 4.129164 5.276237
v -0.588487 4.130039 5.274275
v -0.583569 4.129306 5.277661
v -0.573011 4.125646 5.284855
v -0.532462 4.106296 5.302699
v -0.520405 4.081305 5.345815
v -0.505053 4.038664 5.430674
v -0.492454 3.991832 5.533315
v -0.480080 3.947512 5.639493
v -0.475729 3.919200 5.698197
v -0.472825 3.879459 5.767196
v -0.479211 3.864692 5.798796
v -0.791606 3.870738 5.784623
v -0.776757 3.894411 5.749832
v -0.781645 3.937168 5.672639
v -0.781216 3.967283 5.607469
v -0.772028 4.013572 5.475338
v -0.761699 4.060236 5.356341
v -0.753374 4.082450 5.305387
v -0.627700 4.134690 5.221885
v -0.586116 4.145401 5.221899
v -0.551101 4.145336 5.228459
v -0.842793 4.139736 5.332536
v -0.817344 4.142728 5.284406
v -0.838462 4.155711 5.284335
v -0.850558 4.144230 5.331854
v -1.233646 3.377656 6.168964
v -1.232918 3.432426 6.135932
v -1.230476 3.502919 6.089154
v -1.219946 3.598559 6.023214
v -1.195629 3.711085 5.943229
v -1.154444 3.835550 5.841441
v -1.094399 3.948820 5.723369
v -1.034905 4.022148 5.618349
v -0.973869 4.077429 5.506979
v -0.923363 4.117621 5.416813
v -0.874004 4.146918 5.344436
v -0.855264 4.148568 5.324555
v -0.847617 4.147423 5.318594
v -0.840794 4.144509 5.316899
v -0.835620 4.140433 5.318949
v -0.832351 4.131720 5.332809
v -0.829514 4.111139 5.366089
v -0.834437 4.048516 5.483750
v -0.827222 3.981146 5.620051
v -0.816745 3.940058 5.686378
v -0.794885 3.891620 5.753909
v -0.787201 3.877922 5.774312
v -0.777434 3.868410 5.791237
v -0.765419 3.878564 5.781117
v -0.751442 3.893668 5.762817
v -0.716022 3.936641 5.698802
v -0.690627 3.968493 5.639189
v -0.650799 4.020830 5.525817
v -0.626730 4.069436 5.439365
v -0.616595 4.090835 5.402326
v -0.606985 4.107365 5.360620
v -0.599816 4.112532 5.347360
v -0.595531 4.114869 5.340336
v -0.593278 4.115559 5.337552
v -0.590585 4.114262 5.341938
v -0.586912 4.110991 5.349482
v -0.581712 4.104024 5.366486
v -0.578276 4.097632 5.382421
v -0.562110 4.066952 5.449003
v -0.544087 4.016353 5.544003
v -0.518531 3.960673 5.650400
v -0.503940 3.927247 5.707591
v -0.487844 3.887827 5.764297
v -0.476534 3.867982 5.791224
v -0.463734 3.858109 5.803513
v -0.453693 3.862600 5.794912
v -0.441608 3.877412 5.769389
v -0.424712 3.915618 5.707995
v -0.410216 3.947675 5.652185
v -0.385550 4.002270 5.549226
v -0.370085 4.044284 5.472220
v -0.361576 4.079836 5.412113
v -0.352421 4.088834 5.404491
v -0.339208 4.091004 5.415199
v -0.324014 4.087407 5.433039
v -0.290092 4.052039 5.510961
v -0.255381 3.984685 5.622768
v -0.216852 3.893422 5.757693
v -0.185901 3.762774 5.909113
v -0.166105 3.641280 6.011133
v -0.157377 3.522974 6.097433
v -0.153598 3.427024 6.164412
v -0.150964 3.345323 6.220772
v -0.152285 3.295014 6.255676
v -0.797836 4.166453 5.223653
v -0.734835 4.171995 5.194529
v -0.667900 4.180410 5.167795
v -0.590086 4.185947 5.159835
v -0.518048 4.183128 5.173182
v -0.439905 4.177433 5.204888
v -0.358630 4.091164 5.386707
v -0.356723 4.084883 5.408041
v -0.354397 4.083061 5.417605
v -0.346830 4.096642 5.389247
v -0.348392 4.090175 5.407548
v -0.349450 4.086147 5.417462
v -0.354312 4.110414 5.352093
v -0.376236 4.102946 5.341281
v -0.768860 4.126856 5.254640
v -0.731884 4.098679 5.268019
v -0.689087 4.088669 5.279706
v -0.648511 4.096080 5.308451
v -0.626290 4.101075 5.347702
v -0.610749 4.101873 5.374813
v -0.603549 4.101074 5.390141
v -0.949324 4.073959 5.512858
v -0.903656 4.112992 5.426430
v -0.862516 4.139331 5.358725
v -0.853772 4.141137 5.345180
v -0.851437 4.140451 5.343625
v -0.847443 4.137333 5.345955
v -0.845972 4.134164 5.350425
v -0.848837 4.139559 5.342193
v -0.846633 4.122679 5.372540
v -0.855147 4.057814 5.487144
v -0.470363 4.089121 5.313101
v -0.418438 4.089763 5.323793
v -0.466615 4.110366 5.280398
v -0.516433 4.120686 5.269896
v -0.676322 4.112596 5.241350
v -0.710452 4.111756 5.243531
v -0.637308 4.119975 5.247719
v -0.627052 4.119102 5.265167
v -0.499204 4.135106 5.244514
v -0.465636 4.127165 5.257971
v -0.416776 4.113439 5.289909
v -0.417501 4.140857 5.256368
v -0.845818 3.981258 5.627038
v -0.832584 3.935043 5.696004
v -0.812062 3.882677 5.765987
v -0.798869 3.866554 5.789412
v -0.782726 3.854480 5.808130
v -0.759328 3.866146 5.799771
v -0.741636 3.884530 5.778049
v -0.698577 3.933769 5.710456
v -1.318195 4.169088 6.003664
v -0.671141 3.966835 5.650155
v -0.627262 4.022522 5.537398
v -0.607715 4.073372 5.453182
v -0.598735 4.094047 5.415915
v -0.594245 4.100812 5.396398
v -0.595049 4.105111 5.380310
v -0.594163 4.107882 5.369213
v -0.594121 4.109963 5.361123
v -0.581419 4.091308 5.416326
v -0.572296 4.087137 5.407484
v -0.553512 4.076437 5.397848
v -0.511648 4.059932 5.389856
v -0.463812 4.047564 5.388845
v -0.417463 4.044753 5.400181
v -0.381417 4.057931 5.420050
v -0.366071 4.065881 5.434062
v -0.359419 4.068130 5.442716
v -0.589493 4.092859 5.418355
v -0.594324 4.092954 5.419165
v -0.593942 4.072085 5.457234
v -0.583750 4.072339 5.457278
v -0.599131 4.022054 5.541568
v -0.568804 4.022552 5.542544
v -0.538466 3.963172 5.654875
v -0.519900 3.926993 5.714562
v -0.500607 3.885794 5.772807
v -0.484540 3.862655 5.803591
v -0.463943 3.847242 5.820609
v -0.447303 3.854312 5.806847
v -0.432864 3.871608 5.775833
v -0.410333 3.911633 5.712225
v -0.393041 3.946736 5.658642
v -0.369350 4.006578 5.559470
v -0.367112 4.030572 5.508508
v -0.375029 4.026724 5.503223
v -0.389491 4.018992 5.494734
v -0.418888 4.007161 5.481456
v -0.459307 4.006114 5.476094
v -0.498046 4.016188 5.477308
v -0.533119 4.032576 5.484624
v -0.554399 4.044183 5.492806
v -0.567180 4.047373 5.496675
v -0.576110 4.048858 5.496476
v -0.596514 4.051056 5.492205
v -0.615918 4.051377 5.490660
v -0.625888 4.050272 5.485461
v -0.636211 4.046893 5.477884
v -0.655291 4.038921 5.465478
v -0.685263 4.029186 5.442711
v -0.722406 4.025527 5.421903
v -0.766756 4.037601 5.413349
v -0.811694 4.064570 5.417001
v -0.832825 4.080075 5.421919
v -0.842993 4.087486 5.424615
v -0.851142 4.090734 5.427004
v -0.360424 4.032521 5.511873
v -0.355666 4.050309 5.481558
v -0.352997 4.070700 5.445906
v -0.351423 4.078989 5.430898
v -0.350329 4.082498 5.424527
v -0.346825 4.081649 5.430482
v -0.339191 4.078020 5.446146
v -0.313510 4.048235 5.516270
v -0.278046 3.984343 5.629042
v -0.241007 3.895387 5.766891
v -0.278680 4.053724 5.507215
v -0.236861 3.986942 5.614047
v -0.192777 3.893519 5.750677
v -0.154856 3.760849 5.902708
v -0.130982 3.638456 6.003870
v -0.119525 3.520453 6.092033
v -0.111990 3.421752 6.159679
v -0.108794 3.340987 6.215284
v -0.107801 3.284105 6.256901
v -0.212929 3.762007 5.918889
v -0.195330 3.637468 6.023810
v -0.187414 3.528429 6.103909
v -0.182501 3.429326 6.173080
v -0.178143 3.344535 6.229509
v -0.182524 3.300144 6.258016
v -0.341839 4.073915 5.451481
v -0.347677 4.077298 5.438808
v -0.348125 4.070033 5.452511
v -0.345622 4.051198 5.488613
v -0.348125 4.033319 5.520335
v -0.351109 4.008836 5.565197
v -0.373031 3.942949 5.665790
v -0.576770 3.963576 5.660135
v -0.562263 3.926117 5.723647
v -0.545165 3.875419 5.788612
v -0.495017 3.845829 5.824209
v -0.462166 3.837055 5.833918
v -0.429793 3.843294 5.815810
v -0.402208 3.863154 5.779449
v -0.385319 3.905681 5.718892
v -0.644016 3.961740 5.660468
v -0.672928 3.925087 5.726069
v -0.701494 3.875306 5.794015
v -0.744459 3.853813 5.816022
v -0.784511 3.840862 5.823116
v -0.818401 3.856512 5.796719
v -0.837201 3.879305 5.765905
v -0.855346 3.933825 5.698235
v -0.865684 3.981203 5.630843
v -1.223646 3.340743 6.191581
v -1.028364 3.314352 6.221535
v -1.089822 3.322913 6.214225
v -1.008452 4.015938 5.627883
v -1.063126 3.942487 5.732168
v -1.123436 3.835994 5.847773
v -1.164123 3.710664 5.949611
v -1.183479 3.596301 6.031831
v -1.195168 3.504366 6.092116
v -1.199759 3.435828 6.136356
v -1.201499 3.380555 6.170655
v -1.210920 3.353495 6.185088
v -1.162931 3.334387 6.200698
v -1.153454 3.369277 6.181468
v -1.022772 3.351298 6.197996
v -1.084790 3.361442 6.189079
v -0.955701 3.339437 6.205321
v -0.893823 3.336142 6.209184
v -0.872446 4.059318 5.493078
v -0.857397 4.171744 5.262889
v -0.916072 4.162382 5.312799
v -0.976285 4.123168 5.389798
v -1.035262 4.078076 5.483153
v -1.093575 4.024927 5.593964
v -1.154700 3.955595 5.702373
v -1.216589 3.845609 5.820305
v -1.266980 3.725112 5.919277
v -1.293128 3.611634 6.006579
v -1.299608 3.501764 6.078981
v -1.295242 3.426747 6.131582
v -1.281795 3.363004 6.171792
v -1.243340 3.324959 6.198603
v -1.187206 3.296989 6.220708
v -1.110499 3.274561 6.240893
v -1.041322 3.260767 6.256270
v -1.005671 3.253057 6.264470
v -0.984351 3.245666 6.271144
v -0.960088 3.244436 6.272976
v -0.930074 3.241695 6.274865
v -0.818976 3.216042 6.292996
v -0.690770 3.205124 6.309548
v -0.566402 3.208839 6.317943
v -0.476343 3.219476 6.319901
v -0.447487 3.228256 6.318200
v -0.422405 3.227361 6.322348
v -0.399109 3.233101 6.318629
v -0.360093 3.229244 6.314401
v -0.286652 3.228175 6.306159
v -0.194865 3.231596 6.301833
v -0.169538 3.276625 6.270998
v -0.148486 3.238866 6.292439
v -0.116716 3.252620 6.280187
v -0.189395 3.265132 6.278558
v -0.686545 3.327756 6.233492
v -0.798358 3.327174 6.220278
v -0.489998 3.330618 6.243363
v -0.570994 3.329094 6.242064
v -0.428595 3.334462 6.246740
v -0.368630 3.337046 6.244053
v -0.290125 3.336807 6.241625
v -0.233435 3.336448 6.237335
v -0.205478 3.294836 6.261252
v -0.200610 3.339228 6.233603
v -0.618946 3.926982 5.725669
v -0.625313 3.871755 5.802310
v -0.565348 3.795631 5.884841
v -0.634929 3.796407 5.885197
v -0.704491 3.795120 5.880304
v -0.925978 3.505315 6.102334
v -0.849390 3.505832 6.106138
v -0.995302 3.504588 6.097337
v -0.761407 3.507713 6.111503
v -0.668372 3.505833 6.121577
v -0.577201 3.508082 6.129685
v -0.498604 3.506762 6.131310
v -0.202764 4.351358 6.377779
v -0.161207 4.326695 6.358573
v -0.128343 4.307410 6.336893
v -0.090071 4.497108 6.010597
v -0.080331 4.476553 6.032094
v -0.065620 4.438406 6.070230
v -0.051597 4.387213 6.121844
v -0.051882 4.353008 6.176232
v -0.077704 4.327047 6.267341
v -0.100660 4.310516 6.306862
v -0.136796 4.656692 6.169442
v -0.135230 4.621258 6.222244
v -0.163332 4.571012 6.290476
v -0.181102 4.523298 6.321270
v -0.195988 4.445184 6.353825
v -0.134133 4.383074 6.325824
v -0.117268 4.616969 6.103801
v -0.109798 4.598257 6.129334
v -0.087751 4.524199 6.181446
v -0.118688 4.493439 6.274478
v -0.138404 4.460340 6.307784
v -0.156060 4.409508 6.337369
v -1.312472 4.157373 5.965363
v -1.316142 4.108223 5.942061
v -0.570341 3.705272 5.973134
v -0.645431 3.704178 5.967875
v -0.720167 3.703171 5.960186
v -0.791843 3.698948 5.955563
v -0.502683 3.703505 5.970486
v -0.433924 3.504399 6.129151
v -0.370419 3.506358 6.127190
v -0.304771 3.514279 6.122135
v -0.245186 3.517109 6.115139
v -1.068964 3.506095 6.092999
v -1.141146 3.507808 6.091658
v -0.240150 3.425333 6.179738
v -0.300216 3.423293 6.186700
v -0.368758 3.416362 6.192050
v -0.431363 3.414984 6.194093
v -0.497918 3.415754 6.191380
v -0.577437 3.413917 6.190606
v -0.677330 3.408681 6.185399
v -0.782256 3.409713 6.171284
v -0.876249 3.411119 6.163206
v -0.944958 3.412438 6.158431
v -1.007445 3.418858 6.151990
v -1.076166 3.424028 6.145820
v -1.149957 3.434110 6.139856
v -0.202904 3.427608 6.176064
v -0.208417 3.521345 6.111069
v -1.120501 3.706669 5.949185
v -1.133171 3.593165 6.031513
v -1.086755 3.829293 5.848674
v -0.866587 4.096299 5.429776
v -0.856873 4.129562 5.371989
v -0.852684 4.135984 5.355551
v -0.850759 4.137457 5.350169
v -0.884585 4.107069 5.424782
v -0.930685 4.062969 5.516222
v -0.985236 4.009150 5.629091
v -1.035488 3.925395 5.739510
v -0.872244 4.024896 5.558925
v -0.853119 4.023595 5.554765
v -0.842324 4.022065 5.552545
v -0.831711 4.018132 5.550325
v -0.810847 4.007665 5.546379
v -0.777420 3.992848 5.540379
v -0.740286 3.984777 5.542832
v -0.710158 3.987610 5.552554
v -0.685323 3.992814 5.568000
v -0.668257 3.997571 5.576699
v -0.658439 3.998571 5.582922
v -0.646906 3.997412 5.586708
v -0.619200 3.995959 5.591155
v -0.611397 3.962441 5.662338
v -0.362040 3.979356 5.611808
v -0.378383 3.981287 5.604001
v -0.388213 3.980688 5.599078
v -0.396301 3.978279 5.595399
v -0.410274 3.973284 5.590042
v -0.431273 3.968318 5.582499
v -0.457043 3.967051 5.581248
v -0.486365 3.972984 5.579571
v -0.511766 3.982258 5.584407
v -0.532674 3.991612 5.591590
v -0.543510 3.994665 5.594304
v -0.555986 3.996531 5.593175
v -0.588167 3.996765 5.592974
v -0.607690 3.983869 5.618147
v -0.501196 3.602509 6.055989
v -0.573282 3.604391 6.056050
v -0.657258 3.603766 6.050414
v -0.740217 3.605912 6.042490
v -0.819140 3.603967 6.035140
v -1.061219 3.591252 6.033734
v -0.983346 3.594994 6.036068
v -0.903483 3.600974 6.034152
v -0.439021 3.601762 6.050416
v -0.374663 3.602392 6.047648
v -0.309041 3.603743 6.047845
v -0.254417 3.613894 6.041784
v -0.214629 3.623055 6.034608
v -0.504474 3.783811 5.891643
v -0.765925 3.787107 5.878010
v -0.444803 3.705103 5.964610
v -0.449107 3.786911 5.889113
v -0.830262 3.787669 5.868061
v -0.872036 3.699443 5.950202
v -1.040027 3.704772 5.943966
v -0.951771 3.703835 5.944602
v -1.010915 3.819070 5.846209
v -0.901672 3.814253 5.844108
v -0.979013 3.910560 5.744330
v -0.900173 3.890063 5.755214
v -0.384289 3.712628 5.951794
v -0.324289 3.722436 5.944984
v -0.274153 3.731484 5.937862
v -0.234134 3.749647 5.927538
v -0.389669 3.794668 5.869879
v -0.343021 3.824942 5.832537
v -0.302006 3.839298 5.823853
v -0.262080 3.861685 5.807677
v -0.899015 3.946283 5.684516
v -0.342945 3.901195 5.730161
v -0.330531 3.942051 5.676308
v -0.321256 3.984535 5.616531
v -0.951197 3.973480 5.656224
v -0.918049 4.020960 5.576361
v -0.893376 3.985391 5.629766
v -0.313330 3.905055 5.734172
v -0.290255 3.927724 5.710344
v -0.341994 4.066276 5.465387
v -0.332460 4.053557 5.494662
v -0.336036 4.034622 5.526023
v -0.328891 4.014190 5.566547
v -0.152970 4.395193 5.708003
v -0.125884 4.402429 5.790744
v -0.176375 4.405821 5.605402
v -0.198215 4.435054 5.476410
v -0.235252 4.497160 5.332691
v -0.300966 4.562202 5.179386
v -1.225661 4.295612 5.830492
v -1.202217 4.278144 5.751140
v -1.165566 4.288750 5.654232
v -1.116286 4.327717 5.533585
v -1.066065 4.388890 5.421042
v -1.008599 4.447660 5.308279
v -0.929304 4.493353 5.188276
v -0.827507 4.523070 5.086494
v -0.707088 4.539701 5.027894
v -0.585043 4.541768 5.016526
v -0.472993 4.531565 5.039073
v -0.379743 4.504462 5.092462
v -0.303458 4.465097 5.177645
v -0.241706 4.422783 5.298398
v -0.196047 4.366779 5.446401
v -0.167815 4.329451 5.586844
v -0.137156 4.304920 5.714584
v -0.107428 4.315607 5.826211
v -0.086468 4.352186 5.914706
v -0.072966 4.408398 5.988243
v -0.075363 4.464584 6.044090
v -0.086630 4.526841 6.097846
v -0.100928 4.575100 6.145066
v -0.134304 4.647005 6.185486
v -0.189450 4.728210 6.228807
v -0.251749 4.794162 6.250797
v -0.340297 4.852898 6.255972
v -0.462151 4.893044 6.250155
v -0.593653 4.914007 6.240153
v -0.730694 4.902924 6.240320
v -0.862231 4.867040 6.240272
v -0.990697 4.808817 6.225412
v -1.086025 4.734096 6.195335
v -1.168952 4.630767 6.149295
v -1.225886 4.527378 6.102599
v -1.250603 4.442353 6.042188
v -1.253224 4.367799 5.964439
v -1.241217 4.323536 5.895281
v -0.928496 4.570019 5.195332
v -1.001253 4.521682 5.319861
v -1.056437 4.459204 5.442609
v -1.102057 4.404270 5.559584
v -1.148379 4.358142 5.665846
v -1.181065 4.354597 5.749949
v -1.202344 4.365341 5.813894
v -1.228441 4.421081 5.927506
v -1.218486 4.386175 5.871959
v -1.218476 4.563132 6.049784
v -1.231579 4.486511 5.996470
v -1.177615 4.665954 6.092571
v -1.109272 4.790429 6.132910
v -1.012681 4.873847 6.166183
v -0.879139 4.930893 6.176200
v -0.584776 4.577020 5.017799
v -0.706629 4.575700 5.027661
v -0.826455 4.559109 5.090841
v -0.928216 4.525479 5.198543
v -1.006428 4.475563 5.322489
v -1.060538 4.418064 5.434826
v -1.108371 4.358083 5.548244
v -1.155520 4.319315 5.665167
v -1.190559 4.308438 5.755398
v -1.213515 4.322885 5.829562
v -1.228563 4.348532 5.889376
v -1.240084 4.390016 5.953448
v -1.240157 4.462130 6.023293
v -1.220791 4.544100 6.078173
v -1.171015 4.644050 6.127005
v -1.093100 4.754017 6.171429
v -0.999552 4.831918 6.200804
v -0.868377 4.890713 6.213302
v -0.732195 4.921803 6.213395
v -0.592201 4.929554 6.214406
v -0.459185 4.908405 6.227670
v -0.333900 4.867566 6.237376
v -0.247199 4.809042 6.232159
v -0.187893 4.742399 6.207694
v -0.138260 4.664499 6.158439
v -0.114088 4.606140 6.118073
v -0.096398 4.549521 6.075695
v -0.085112 4.485538 6.022650
v -0.083644 4.431024 5.966662
v -0.098314 4.379713 5.897148
v -0.118546 4.347217 5.817972
v -0.147042 4.336059 5.716564
v -0.173763 4.357098 5.596828
v -0.198722 4.394639 5.459923
v -0.243855 4.450733 5.310919
v -0.307982 4.504170 5.182578
v -0.380773 4.542618 5.094868
v -0.473067 4.566628 5.039970
v -0.738526 4.962256 6.170542
v -0.588454 4.969614 6.175590
v -0.448033 4.949055 6.195398
v -0.324476 4.905865 6.212218
v -0.234720 4.847884 6.202182
v -0.187407 4.789215 6.179647
v -0.138768 4.706554 6.130805
v -0.115452 4.643632 6.084304
v -0.100670 4.586438 6.037909
v -0.091118 4.526556 5.986278
v -0.090107 4.474189 5.935813
v -0.101520 4.432518 5.871246
v -0.307921 4.529627 5.186006
v -0.245035 4.471435 5.321175
v -0.200806 4.413691 5.471233
v -0.175633 4.379391 5.602658
v -0.150076 4.362448 5.714478
v -0.123038 4.373637 5.807934
v -0.101376 4.403000 5.884218
v -0.088716 4.447948 5.952971
v -0.090683 4.503007 6.005685
v -0.101271 4.566823 6.057395
v -0.117100 4.622325 6.099813
v -0.139581 4.680756 6.142097
v -0.187476 4.759514 6.191687
v -0.242115 4.826022 6.217370
v -0.328803 4.883463 6.225274
v -0.454138 4.924363 6.211427
v -0.590689 4.946039 6.193561
v -0.734068 4.937233 6.189979
v -0.874452 4.908502 6.190876
v -1.005382 4.851856 6.180232
v -1.100130 4.772065 6.150239
v -1.172522 4.655568 6.108278
v -1.217841 4.554205 6.061926
v -1.233106 4.475490 6.008838
v -1.231209 4.406545 5.941077
v -1.221508 4.367288 5.882349
v -1.205616 4.343690 5.824419
v -1.182229 4.330838 5.754066
v -1.149590 4.338440 5.668268
v -1.103097 4.377023 5.557961
v -1.057237 4.434768 5.442882
v -1.004244 4.492442 5.329092
v -0.930433 4.543893 5.208684
v -0.584776 4.586452 5.019549
v -0.706224 4.584161 5.029467
v -0.826183 4.568425 5.093697
v -0.927575 4.533805 5.203735
v -1.006152 4.481782 5.327990
v -1.058780 4.424990 5.440067
v -1.104821 4.367011 5.554115
v -1.151585 4.328321 5.667650
v -1.184872 4.318964 5.755364
v -1.208585 4.332798 5.828058
v -1.224257 4.357580 5.886601
v -1.234458 4.398303 5.947716
v -1.235487 4.468925 6.015931
v -1.218538 4.549157 6.069534
v -1.171232 4.649892 6.117396
v -1.095917 4.762653 6.160201
v -1.002176 4.841367 6.189697
v -0.871642 4.898816 6.201337
v -0.732772 4.928522 6.202094
v -0.591592 4.936144 6.203589
v -0.458016 4.915327 6.218626
v -0.331343 4.874108 6.231322
v -0.245268 4.816418 6.224751
v -0.187672 4.748636 6.199235
v -0.139406 4.670902 6.149445
v -0.116879 4.613064 6.108618
v -0.099866 4.557519 6.067003
v -0.088777 4.493036 6.014787
v -0.087180 4.438290 5.959391
v -0.101517 4.390189 5.891062
v -0.122789 4.359546 5.814781
v -0.149586 4.348058 5.716555
v -0.175685 4.367397 5.600357
v -0.201050 4.403981 5.464922
v -0.245531 4.459970 5.315431
v -0.309400 4.515335 5.184923
v -0.381597 4.552905 5.095207
v -0.473611 4.576524 5.041245
v -0.379477 4.563950 5.093057
v -0.377681 4.598021 5.077957
v -0.473423 4.585680 5.040502
v -0.468800 4.619421 5.022631
v -0.827067 4.580419 5.093425
v -0.827527 4.607010 5.081125
v -0.583701 4.596633 5.017984
v -0.581834 4.630356 4.998703
v -0.706814 4.595065 5.029978
v -0.705447 4.624496 5.016378
v -0.128957 4.893066 5.798163
v -0.124668 4.940254 5.856336
v -0.129793 4.992463 5.913031
v -0.148121 5.045042 5.970674
v -0.455238 5.206066 6.057337
v -0.579568 5.222072 6.037079
v -0.338945 5.170884 6.076993
v -0.248163 5.133413 6.068448
v -0.186023 5.095070 6.026352
v -0.140258 4.841097 5.744608
v -0.160203 4.797257 5.688545
v -0.209153 4.745965 5.579504
v -0.233491 4.984743 5.477007
v -0.189869 5.025985 5.575775
v -0.267065 5.246935 5.356363
v -0.226581 5.291168 5.445938
v -0.482044 4.824712 6.313009
v -0.603331 4.841284 6.304296
v -0.729367 4.832956 6.295981
v -0.853082 4.801164 6.287172
v -0.968181 4.751414 6.269078
v -1.066608 4.686548 6.237565
v -1.150123 4.602760 6.196979
v -1.207522 4.503860 6.168766
v -1.235019 4.411945 6.166842
v -1.256113 4.333132 6.171739
v -1.278038 4.245874 6.178121
v -1.301340 4.138869 6.186202
v -1.328163 4.012539 6.200203
v -1.353470 3.868112 6.221951
v -1.369147 3.721460 6.247380
v -1.378445 3.592055 6.272446
v -1.373921 3.475814 6.291507
v -1.346941 3.391684 6.315458
v -1.298421 3.323876 6.340142
v -1.230532 3.279798 6.365834
v -1.149306 3.253242 6.390203
v -1.080920 3.242301 6.404597
v -1.040189 3.242122 6.411959
v -1.016439 3.241533 6.416623
v -0.993169 3.235529 6.420900
v -0.954587 3.224016 6.429440
v -0.845982 3.202770 6.451061
v -0.709879 3.189989 6.467975
v -0.570008 3.193827 6.476396
v -0.477403 3.208490 6.478336
v -0.444327 3.214940 6.476962
v -0.420509 3.219029 6.477020
v -0.400538 3.219498 6.475594
v -0.366859 3.218654 6.474833
v -0.282212 3.218486 6.468472
v -0.178832 3.222532 6.455301
v -0.094537 3.242122 6.438682
v -0.041084 3.278062 6.416313
v -0.008929 3.341569 6.386337
v 0.003280 3.424669 6.351249
v 0.005925 3.529976 6.309908
v -0.002310 3.671597 6.295632
v -0.017055 3.848277 6.280273
v -0.032150 4.035098 6.257631
v -0.046550 4.215031 6.228562
v -0.061545 4.340398 6.225800
v -0.075270 4.426322 6.227425
v -0.096168 4.510631 6.228874
v -0.145387 4.600776 6.256387
v -0.204942 4.686172 6.277412
v -0.275217 4.744738 6.299741
v -0.369792 4.792434 6.313674
v -0.308312 5.483960 5.246779
v -0.272118 5.519253 5.330977
v -0.353762 5.695268 5.148782
v -0.324524 5.725071 5.226033
v -0.451424 6.049093 4.982093
v -0.439526 6.074241 5.043785
v -0.530329 6.336491 4.841198
v -0.525585 6.359070 4.884795
v -0.247723 4.950247 5.357619
v -0.225450 4.707536 5.450578
v -0.282116 5.215004 5.246182
v -0.313364 5.426112 5.158486
v -0.257014 4.946362 5.271989
v -0.232650 4.691566 5.365846
v -0.288237 5.203466 5.175008
v -0.314550 5.391627 5.104426
v -0.360005 5.670589 5.059158
v -0.449614 6.027736 4.912861
v -0.529734 6.322145 4.791783
v -0.551862 6.450741 4.783864
v -0.546514 6.469327 4.819265
v -0.555583 6.439423 4.744633
v -0.586880 6.598580 4.709658
v -0.583783 6.612255 4.733951
v -0.593188 6.588080 4.687147
v -0.184983 4.769850 5.633838
v -0.213275 5.002064 5.525532
v -0.247608 5.264230 5.401641
v -0.291649 5.499379 5.288971
v -0.342091 5.712255 5.186387
v -0.447190 6.060991 5.013042
v -0.528575 6.346355 4.863430
v -0.549452 6.460533 4.801450
v -0.585083 6.605067 4.721023
v -0.589165 6.594496 4.700519
v -0.553848 6.444720 4.766273
v -0.530535 6.327704 4.817941
v -0.452232 6.039003 4.949085
v -0.358035 5.682873 5.106524
v -0.314655 5.467778 5.200552
v -0.276235 5.229268 5.305832
v -0.241804 4.965461 5.423003
v -0.218439 4.720854 5.522193
v -0.362709 5.656899 5.005317
v -0.446872 6.016485 4.872209
v -0.528270 6.317069 4.763179
v -0.557171 6.431654 4.721986
v -0.598377 6.581375 4.673798
v -0.582308 5.070393 6.112664
v -0.448092 5.052041 6.134675
v -0.324781 5.011070 6.156249
v -0.240770 4.968255 6.146640
v -0.186042 4.921581 6.112696
v -0.144640 4.862756 6.060856
v -0.123780 4.800087 6.012032
v -0.112925 4.749283 5.955118
v -0.109876 4.697069 5.900362
v -0.113422 4.644626 5.845669
v -0.125998 4.602691 5.784441
v -0.150619 4.574037 5.717241
v -0.173908 4.552181 5.661784
v -0.192657 4.545822 5.587867
v -0.309028 4.956158 5.079224
v -0.300751 4.744562 5.133861
v -0.331669 5.191971 5.014018
v -0.353347 5.368506 4.956926
v -0.391154 5.627514 4.879248
v -0.457677 5.991616 4.778564
v -0.366907 4.964646 4.987422
v -0.368501 4.764492 5.035635
v -0.465974 4.966927 4.914774
v -0.465712 4.772048 4.969501
v -0.384714 5.183248 4.923860
v -0.583940 4.969570 4.889935
v -0.582920 4.777566 4.944723
v -0.708021 4.966228 4.915334
v -0.711529 4.771312 4.968686
v -0.824932 4.955474 4.987773
v -0.833007 4.756828 5.042358
v -0.905628 4.934815 5.104426
v -0.927444 4.726610 5.161765
v -0.966244 4.901589 5.232455
v -0.995173 4.681237 5.290807
v -0.862203 5.047764 6.112840
v -0.723917 5.067939 6.104612
v -0.709476 5.222726 6.025534
v -0.839083 5.211123 6.028265
v -0.994196 5.000397 6.112094
v -1.100966 4.920852 6.079537
v -0.964987 5.183756 6.028754
v -1.075262 5.127348 5.984116
v -1.162022 4.824138 6.020475
v -1.189896 4.739687 5.959124
v -1.195055 4.649359 5.884603
v -1.187994 4.552861 5.818632
v -1.183797 4.456732 5.781638
v -1.137896 4.524729 5.673715
v -1.091748 4.585967 5.543889
v -1.046059 4.631647 5.419586
v -1.120260 4.777658 5.650052
v -1.016254 4.868255 5.358747
v -1.065902 4.831259 5.488571
v -1.129191 5.051403 5.908112
v -1.144463 4.972211 5.830353
v -1.140385 4.878246 5.741443
v -1.083630 5.138559 5.616251
v -1.059221 5.090442 5.520647
v -1.091498 5.211021 5.705148
v -1.079593 5.277313 5.788452
v -0.935501 5.381324 5.921774
v -1.035771 5.338351 5.867960
v -0.696153 5.402503 5.933723
v -0.815882 5.397620 5.933084
v -0.462938 5.389110 5.956930
v -0.577591 5.399770 5.941444
v -0.616783 6.581394 4.651275
v -0.569447 6.419031 4.676621
v -0.611090 6.657879 4.692650
v -0.609201 6.662624 4.701424
v -0.614320 6.653786 4.684833
v -0.620062 6.650652 4.676725
v -0.626420 6.646849 4.670090
v -0.631606 6.644232 4.666029
v -0.644306 6.641013 4.660462
v -0.651023 6.639964 4.659795
v -0.628659 6.579264 4.643285
v -0.657474 6.640097 4.660686
v -0.644136 6.576422 4.638787
v -0.663977 6.639882 4.662288
v -0.658515 6.574090 4.639964
v -0.536297 6.298501 4.703570
v -0.637365 6.642312 4.662448
v -0.605881 6.580309 4.662165
v -0.561299 6.425479 4.699688
v -0.528891 6.308677 4.733920
v -0.448334 6.007626 4.826805
v -0.371400 5.641401 4.944963
v -0.327209 5.379177 5.033324
v -0.302943 5.196801 5.096609
v -0.274517 4.944108 5.176566
v -0.253947 4.709593 5.252909
v -0.473094 5.175723 4.855123
v -0.705475 5.172571 4.856633
v -0.586518 5.171529 4.828320
v -0.807904 5.170786 4.932260
v -0.881290 5.157015 5.043018
v -0.934351 5.134249 5.162462
v -1.020133 5.091148 5.402112
v -0.979188 5.109275 5.282448
v -0.168815 5.067938 5.629584
v -0.156374 5.114560 5.682267
v -0.150813 5.161224 5.736797
v -0.152686 5.205513 5.795798
v -0.354914 5.366313 5.965602
v -0.263927 5.331395 5.952100
v -0.200946 5.297815 5.910261
v -0.166438 5.250357 5.855011
v -0.480065 5.343882 4.811536
v -0.401613 5.355186 4.876591
v -0.206769 5.321444 5.495301
v -0.192597 5.357178 5.547586
v -0.184669 5.396241 5.601825
v -0.184013 5.436953 5.658617
v -0.195277 5.475731 5.716710
v -0.229253 5.513492 5.774114
v -0.287078 5.544274 5.816718
v -0.371121 5.569555 5.843362
v -0.472115 5.582904 5.844698
v -0.577258 5.588737 5.835135
v -0.684528 5.591826 5.829086
v -0.794186 5.591322 5.825335
v -0.903795 5.580672 5.804085
v -0.987812 5.547258 5.744328
v -1.024159 5.498435 5.667334
v -1.034910 5.443564 5.587064
v -1.027152 5.386531 5.502992
v -1.005993 5.344749 5.414216
v -0.977307 5.331209 5.313099
v -0.941525 5.337410 5.207470
v -0.253393 5.544129 5.375423
v -0.238645 5.573425 5.423336
v -0.229656 5.608463 5.472771
v -0.227928 5.647128 5.524081
v -0.237433 5.683188 5.578997
v -0.908475 5.311861 5.111225
v -0.858330 5.318267 4.999657
v -0.793751 5.327741 4.892993
v -0.586457 5.335382 4.779376
v -0.703420 5.332267 4.810251
v -0.308510 5.747756 5.264853
v -0.294469 5.772746 5.307378
v -0.430277 6.090665 5.074359
v -0.286733 5.805079 5.350481
v -0.428863 5.613584 4.811193
v -0.492333 5.600256 4.753437
v -0.589240 5.580583 4.723001
v -0.694849 5.588545 4.748586
v -0.771269 5.593565 4.825716
v -0.820161 5.596300 4.924119
v -0.906444 5.537275 5.141633
v -0.865123 5.606334 5.034207
v -0.935507 5.538964 5.232823
v -0.959133 5.562649 5.319696
v -0.976588 5.603143 5.399089
v -0.983245 5.653739 5.474737
v -0.266166 5.717104 5.633369
v -0.317021 5.746759 5.680828
v -0.394599 5.765954 5.715314
v -0.487479 5.773451 5.725350
v -0.583398 5.773932 5.721013
v -0.680409 5.774754 5.715069
v -0.778511 5.776899 5.706274
v -0.875708 5.769228 5.679243
v -0.975638 5.704230 5.546622
v -0.946367 5.743613 5.618586
v -0.898750 5.712880 5.159971
v -0.879368 5.673993 5.088928
v -0.916725 5.750243 5.234432
v -0.931978 5.787912 5.303600
v -0.939767 5.828697 5.371641
v -0.935452 5.870943 5.435670
v -0.907330 5.911457 5.496648
v -0.848088 5.934572 5.551519
v -0.763192 5.943607 5.578974
v -0.677474 5.941099 5.590062
v -0.591668 5.941355 5.594272
v -0.506484 5.943932 5.593587
v -0.423735 5.941820 5.577790
v -0.357567 5.924476 5.542480
v -0.314855 5.897232 5.496875
v -0.291632 5.866347 5.447635
v -0.283790 5.835100 5.398339
v -0.484008 5.974775 4.730211
v -0.532751 5.958623 4.692112
v -0.598136 5.947835 4.678711
v -0.725242 5.948251 4.745729
v -0.667738 5.944151 4.696951
v -0.766486 5.957748 4.810520
v -0.797692 5.977102 4.878229
v -0.821382 6.008475 4.941949
v -0.840164 6.041194 5.004524
v -0.852433 6.076551 5.066686
v -0.861128 6.106911 5.119492
v -0.863141 6.137773 5.172104
v -0.855078 6.166583 5.219916
v -0.833322 6.191988 5.264684
v -0.420777 6.108642 5.105956
v -0.413710 6.127474 5.138971
v -0.410511 6.147469 5.173465
v -0.793719 6.212127 5.299669
v -0.737444 6.224489 5.319154
v -0.674708 6.226065 5.329496
v -0.610853 6.227545 5.330626
v -0.549395 6.226268 5.326333
v -0.492054 6.217784 5.308868
v -0.414107 6.167779 5.209865
v -0.427920 6.186837 5.246473
v -0.453974 6.204228 5.280350
v -0.403569 5.881102 5.061704
v -0.395695 5.896230 5.095992
v -0.382569 5.910735 5.130190
v -0.368478 5.925963 5.166673
v -0.356326 5.948528 5.202563
v -0.347786 5.973518 5.241044
v -0.344385 6.000580 5.281524
v -0.349157 6.025724 5.326476
v -0.369590 6.050616 5.370754
v -0.406593 6.073621 5.407646
v -0.458179 6.089652 5.435876
v -0.527045 6.092423 5.456961
v -0.600754 6.090907 5.461773
v -0.675173 6.089733 5.459175
v -0.748888 6.088201 5.448856
v -0.819110 6.077408 5.424764
v -0.868681 6.053463 5.381176
v -0.892835 6.021492 5.328310
v -0.898496 5.987127 5.272623
v -0.892985 5.953897 5.212544
v -0.880439 5.921367 5.152539
v -0.863854 5.881366 5.084167
v -0.844622 5.843037 5.016728
v -0.824405 5.800707 4.949673
v -0.793471 5.780893 4.864915
v -0.750233 5.773106 4.781609
v -0.682252 5.766110 4.721485
v -0.594886 5.769908 4.698077
v -0.512159 5.785240 4.718638
v -0.456252 5.800835 4.768006
v -0.423869 5.817324 4.825257
v -0.409969 5.833123 4.882370
v -0.405371 5.844940 4.935017
v -0.404562 5.857233 4.982178
v -0.404434 5.868893 5.024048
v -0.497623 6.149436 4.739059
v -0.490701 6.163025 4.777951
v -0.490222 6.170846 4.815593
v -0.492735 6.178102 4.850206
v -0.495639 6.186928 4.881513
v -0.496352 6.196054 4.910189
v -0.493540 6.208106 4.937023
v -0.487621 6.222137 4.962449
v -0.480448 6.236809 4.988768
v -0.474379 6.253888 5.014835
v -0.468991 6.269608 5.041553
v -0.466326 6.285645 5.068735
v -0.468911 6.301633 5.097164
v -0.478199 6.317333 5.126024
v -0.496995 6.331733 5.153014
v -0.526908 6.344944 5.177732
v -0.570505 6.354156 5.194980
v -0.621143 6.357158 5.200850
v -0.673983 6.358248 5.197858
v -0.725852 6.358648 5.185989
v -0.769389 6.347209 5.171124
v -0.800328 6.331798 5.143524
v -0.820432 6.309061 5.107319
v -0.828547 6.284444 5.069421
v -0.828914 6.254338 5.024821
v -0.822934 6.224848 4.979774
v -0.812958 6.193413 4.926762
v -0.798164 6.166252 4.870858
v -0.776772 6.139539 4.813063
v -0.748158 6.121874 4.757224
v -0.712023 6.112429 4.707048
v -0.663934 6.110641 4.668853
v -0.608184 6.116712 4.653338
v -0.517526 6.136552 4.700471
v -0.553872 6.127260 4.666721
v -0.200505 4.544154 5.515175
v -0.521804 6.372877 4.905996
v -0.517507 6.385711 4.927684
v -0.552799 6.288234 4.675982
v -0.581350 6.283631 4.652218
v -0.619301 6.278717 4.639709
v -0.662787 6.270411 4.648140
v -0.699490 6.269950 4.674114
v -0.728158 6.276648 4.711074
v -0.751734 6.290166 4.755950
v -0.772537 6.311507 4.805491
v -0.786220 6.334661 4.850379
v -0.794160 6.359526 4.892784
v -0.796792 6.383405 4.928679
v -0.794379 6.408487 4.963740
v -0.788153 6.429098 4.992085
v -0.773433 6.447729 5.022111
v -0.752375 6.461751 5.040413
v -0.716365 6.471603 5.058207
v -0.673286 6.476061 5.065460
v -0.631053 6.472922 5.069967
v -0.591865 6.469701 5.063663
v -0.559021 6.462751 5.048364
v -0.537266 6.452340 5.028243
v -0.523332 6.438793 5.009296
v -0.514896 6.425006 4.989538
v -0.512490 6.411814 4.968966
v -0.513803 6.399320 4.948307
v -0.540611 6.501308 4.870891
v -0.541790 6.511442 4.887342
v -0.545765 6.521805 4.903595
v -0.554014 6.533352 4.917605
v -0.541805 6.491531 4.853785
v -0.543784 6.480058 4.836850
v -0.565919 6.542864 4.931604
v -0.583937 6.551087 4.945533
v -0.609222 6.557048 4.955759
v -0.638869 6.559151 4.962984
v -0.583374 6.412344 4.655459
v -0.603478 6.408875 4.638680
v -0.632554 6.407467 4.629132
v -0.663470 6.402485 4.634917
v -0.670213 6.573589 4.644160
v -0.672101 6.639894 4.665450
v -0.690132 6.399046 4.653620
v -0.713335 6.403082 4.680772
v -0.678870 6.640028 4.668978
v -0.682618 6.573013 4.651462
v -0.693723 6.575726 4.660538
v -0.686543 6.640830 4.674098
v -0.693714 6.643647 4.680463
v -0.710521 6.578044 4.678688
v -0.733170 6.411780 4.715444
v -0.671651 6.561179 4.961518
v -0.704891 6.555761 4.957532
v -0.732852 6.545847 4.946241
v -0.751713 6.533625 4.929612
v -0.763388 6.517197 4.904006
v -0.768116 6.499023 4.880375
v -0.769641 6.481471 4.853184
v -0.767650 6.465272 4.825095
v -0.761133 6.444789 4.788504
v -0.751625 6.428281 4.757728
v -0.721560 6.582425 4.696027
v -0.729768 6.591349 4.717710
v -0.732911 6.613869 4.756120
v -0.732887 6.603605 4.739380
v -0.730125 6.624282 4.772500
v -0.723909 6.635373 4.790132
v -0.714335 6.643630 4.805023
v -0.583434 6.618064 4.744484
v -0.583696 6.623527 4.755262
v -0.585358 6.630636 4.768493
v -0.588242 6.636656 4.778145
v -0.592359 6.642085 4.787314
v -0.597730 6.647088 4.796408
v -0.605203 6.651492 4.805796
v -0.617022 6.656935 4.813603
v -0.608094 6.665863 4.710762
v -0.607260 6.668995 4.718517
v -0.607955 6.673186 4.724257
v -0.609521 6.676881 4.728776
v -0.631701 6.660215 4.820516
v -0.646784 6.661434 4.824541
v -0.666220 6.662197 4.823488
v -0.683218 6.659062 4.820840
v -0.699093 6.652519 4.816726
v -0.700467 6.647711 4.689529
v -0.704041 6.652075 4.696727
v -0.706311 6.658121 4.707441
v -0.706180 6.665346 4.716654
v -0.703599 6.673069 4.725133
v -0.698018 6.681134 4.734158
v -0.689971 6.689070 4.741107
v -0.681346 6.694771 4.747128
v -0.668528 6.698529 4.750111
v -0.657876 6.700096 4.751346
v -0.647061 6.699970 4.750960
v -0.636687 6.697803 4.748744
v -0.628628 6.694033 4.744921
v -0.622796 6.690525 4.741492
v -0.612347 6.681350 4.732704
v -0.616967 6.685888 4.737261
v -0.621845 6.676608 4.711412
v -0.622730 6.680831 4.714942
v -0.622707 6.673184 4.706467
v -0.623182 6.670672 4.699349
v -0.623763 6.668563 4.693895
v -0.626312 6.665630 4.688087
v -0.631763 6.662789 4.682552
v -0.636743 6.660676 4.678396
v -0.641729 6.658684 4.675456
v -0.645608 6.657277 4.673674
v -0.649917 6.655915 4.672664
v -0.624206 6.683976 4.717745
v -0.626646 6.687049 4.720927
v -0.629482 6.690232 4.724567
v -0.633941 6.692984 4.727929
v -0.638426 6.695435 4.730481
v -0.644378 6.697566 4.732400
v -0.650118 6.698059 4.733548
v -0.658446 6.697249 4.734117
v -0.665440 6.696656 4.734353
v -0.674111 6.693987 4.732510
v -0.681821 6.690236 4.729147
v -0.688644 6.684225 4.724756
v -0.654786 6.655011 4.671992
v -0.659794 6.654217 4.672085
v -0.665154 6.653550 4.673014
v -0.669854 6.653467 4.675420
v -0.674287 6.653451 4.678008
v -0.680316 6.654906 4.682244
v -0.685531 6.656320 4.687179
v -0.690249 6.659584 4.693218
v -0.693187 6.662938 4.699728
v -0.694690 6.666989 4.706689
v -0.694516 6.671940 4.713691
v -0.692535 6.677575 4.719780
v -0.643333 6.690020 4.724638
v -0.647690 6.691287 4.726268
v -0.651516 6.691746 4.727326
v -0.658347 6.691149 4.728057
v -0.664985 6.690932 4.728567
v -0.671845 6.688303 4.726751
v -0.678495 6.685400 4.724347
v -0.683975 6.681036 4.721074
v -0.687013 6.675166 4.717681
v -0.688511 6.670769 4.712598
v -0.639841 6.688338 4.722853
v -0.636377 6.686589 4.720298
v -0.634469 6.683512 4.717022
v -0.632691 6.680860 4.714614
v -0.631184 6.677885 4.712199
v -0.630634 6.674270 4.709498
v -0.631124 6.670937 4.705917
v -0.630922 6.669803 4.700218
v -0.688532 6.667049 4.706597
v -0.687336 6.664027 4.701654
v -0.684359 6.660942 4.696449
v -0.680406 6.658241 4.692153
v -0.676218 6.657334 4.688241
v -0.671743 6.656005 4.684164
v -0.668523 6.656220 4.681889
v -0.664969 6.656270 4.680114
v -0.660245 6.656668 4.680050
v -0.656277 6.657288 4.680645
v -0.652485 6.658248 4.681420
v -0.649259 6.659539 4.682103
v -0.646141 6.660746 4.683557
v -0.641589 6.662408 4.685827
v -0.637633 6.664087 4.688969
v -0.632856 6.666566 4.692426
v -0.631339 6.668569 4.696715
v -0.600994 6.643034 4.702126
v -0.599373 6.648477 4.712378
v -0.598707 6.652451 4.722653
v -0.598861 6.656095 4.731385
v -0.600749 6.660951 4.739867
v -0.603087 6.665149 4.746062
v -0.606402 6.669780 4.751689
v -0.610933 6.674460 4.757658
v -0.617206 6.678932 4.763658
v -0.625078 6.683253 4.768627
v -0.635629 6.686613 4.772637
v -0.647089 6.687974 4.776009
v -0.660842 6.688365 4.775885
v -0.673529 6.687147 4.774358
v -0.687338 6.682690 4.771141
v -0.698343 6.675876 4.763143
v -0.706750 6.667820 4.753526
v -0.713177 6.658907 4.741593
v -0.716156 6.650434 4.730357
v -0.716434 6.642352 4.718446
v -0.713990 6.634276 4.703554
v -0.708254 6.628189 4.691282
v -0.699741 6.623934 4.679565
v -0.689083 6.621268 4.669260
v -0.679061 6.620628 4.662004
v -0.671027 6.620366 4.657666
v -0.661702 6.620092 4.653989
v -0.652664 6.620294 4.652353
v -0.642754 6.620016 4.653612
v -0.633256 6.621760 4.657322
v -0.625844 6.623857 4.661888
v -0.619076 6.626436 4.667889
v -0.613167 6.629917 4.675343
v -0.607610 6.634804 4.684580
v -0.603478 6.638199 4.693211
v -0.635808 6.664547 4.708776
v -0.635330 6.667137 4.711153
v -0.636367 6.669575 4.715290
v -0.638827 6.673368 4.718927
v -0.639746 6.675949 4.720348
v -0.642802 6.677697 4.722585
v -0.644902 6.678537 4.724105
v -0.646679 6.680109 4.725075
v -0.649441 6.679874 4.726313
v -0.652858 6.679952 4.727783
v -0.658071 6.680519 4.728848
v -0.664130 6.678973 4.729412
v -0.669131 6.677670 4.729061
v -0.675213 6.674225 4.726995
v -0.678823 6.669415 4.724006
v -0.681179 6.665934 4.720445
v -0.682751 6.662741 4.715539
v -0.682783 6.659880 4.710259
v -0.681334 6.657655 4.706378
v -0.677457 6.654892 4.700090
v -0.636296 6.663145 4.704288
v -0.636523 6.662402 4.700168
v -0.638038 6.660592 4.697770
v -0.640176 6.658572 4.695212
v -0.643457 6.657235 4.692867
v -0.675326 6.654520 4.696637
v -0.671810 6.653675 4.694161
v -0.668729 6.652557 4.693798
v -0.665474 6.652049 4.692764
v -0.646029 6.655439 4.692832
v -0.649030 6.654687 4.691716
v -0.651835 6.654490 4.689849
v -0.655566 6.653238 4.690243
v -0.659037 6.652471 4.690637
v -0.662873 6.653176 4.689119
v -0.643244 6.643196 4.725706
v -0.646383 6.647054 4.731430
v -0.642887 6.638935 4.718230
v -0.647502 6.634092 4.713929
v -0.654831 6.631433 4.712400
v -0.662153 6.629992 4.713531
v -0.652382 6.649618 4.736272
v -0.661005 6.649824 4.738791
v -0.670732 6.645354 4.736284
v -0.670354 6.631441 4.717296
v -0.674288 6.634941 4.723137
v -0.674966 6.639101 4.728715
v -0.652618 6.640420 4.730894
v -0.660580 6.638946 4.732361
v -0.668173 6.639287 4.731878
v -0.651433 6.634420 4.723380
v -0.658815 6.633128 4.723880
v -0.665430 6.632683 4.723753
v -0.613318 6.675447 4.715457
v -0.614478 6.680102 4.720185
v -0.616162 6.683581 4.723827
v -0.619119 6.686976 4.727561
v -0.623133 6.690595 4.731174
v -0.628370 6.694152 4.735228
v -0.633495 6.697151 4.738479
v -0.640748 6.700175 4.740695
v -0.648801 6.701094 4.742116
v -0.658284 6.700438 4.742525
v -0.666144 6.699493 4.742249
v -0.676658 6.696568 4.740644
v -0.685168 6.692224 4.736038
v -0.693064 6.684976 4.730224
v -0.697911 6.677783 4.723066
v -0.700438 6.670988 4.715722
v -0.700727 6.664740 4.707609
v -0.698637 6.659527 4.698479
v -0.695584 6.655744 4.690833
v -0.689974 6.651971 4.683053
v -0.683697 6.649880 4.677340
v -0.676603 6.648852 4.673045
v -0.670754 6.648585 4.670041
v -0.664385 6.648684 4.667108
v -0.658535 6.649174 4.665484
v -0.652590 6.649748 4.664872
v -0.646508 6.650420 4.665465
v -0.640882 6.651623 4.667042
v -0.635959 6.653127 4.669455
v -0.631222 6.655508 4.672899
v -0.625219 6.658255 4.678243
v -0.619885 6.661851 4.685406
v -0.616497 6.665448 4.692564
v -0.615577 6.668826 4.700437
v -0.614415 6.672309 4.709025
v -0.648055 6.666347 4.729234
v -0.650781 6.666089 4.730851
v -0.656474 6.666581 4.732669
v -0.662467 6.663461 4.734404
v -0.669911 6.661927 4.732580
v -0.675035 6.658152 4.729753
v -0.678018 6.652280 4.724653
v -0.679361 6.650785 4.718338
v -0.678149 6.647388 4.713953
v -0.676094 6.646315 4.709999
v -0.672995 6.643698 4.706324
v -0.669388 6.643989 4.703332
v -0.664177 6.643434 4.700875
v -0.660197 6.644102 4.699162
v -0.655284 6.644861 4.698754
v -0.651051 6.646586 4.698921
v -0.646618 6.646908 4.701262
v -0.643634 6.647017 4.704047
v -0.640366 6.650195 4.707593
v -0.639561 6.651151 4.711195
v -0.639431 6.654144 4.717026
v -0.639785 6.656463 4.720467
v -0.642574 6.660318 4.725128
v -0.644552 6.662724 4.726907
v -0.639107 6.656358 4.717573
v -0.643299 6.662343 4.725646
v -0.648972 6.667343 4.729512
v -0.659335 6.666518 4.733083
v -0.672660 6.661007 4.730882
v -0.679021 6.651471 4.721588
v -0.670970 6.644463 4.703964
v -0.662229 6.644220 4.699497
v -0.653076 6.646440 4.698095
v -0.639780 6.651447 4.708420
v -0.645218 6.647636 4.701818
v -0.567273 6.530861 4.742421
v -0.565207 6.539265 4.757108
v -0.563177 6.547253 4.772784
v -0.561804 6.555376 4.786460
v -0.561348 6.564055 4.800394
v -0.562072 6.572965 4.816464
v -0.564800 6.581386 4.829941
v -0.569545 6.589306 4.842865
v -0.576726 6.597414 4.854210
v -0.586611 6.603932 4.865702
v -0.602175 6.610751 4.876383
v -0.622194 6.615273 4.884725
v -0.644082 6.616887 4.890472
v -0.670347 6.618306 4.889359
v -0.695078 6.613495 4.885983
v -0.716121 6.604918 4.878738
v -0.734139 6.593925 4.863853
v -0.744800 6.581516 4.843198
v -0.750122 6.566298 4.821827
v -0.752224 6.552627 4.799967
v -0.751274 6.539757 4.777491
v -0.746401 6.522876 4.747009
v -0.737455 6.510434 4.719951
v -0.722341 6.500480 4.689452
v -0.702535 6.495698 4.661972
v -0.685933 6.492637 4.645151
v -0.666680 6.495256 4.632519
v -0.646793 6.497814 4.627820
v -0.624761 6.499637 4.631370
v -0.606256 6.502990 4.641744
v -0.592951 6.506948 4.656785
v -0.582571 6.508916 4.674900
v -0.576152 6.512144 4.692516
v -0.572167 6.520160 4.711620
v -0.569211 6.526265 4.729810
v -1.310686 3.291264 6.271209
v -1.365766 3.357831 6.239272
v -1.393152 3.444878 6.201786
v -1.406590 3.555715 6.164332
v -1.401584 3.695602 6.111298
v -1.380743 3.846971 6.054657
v -1.358623 3.987563 6.045513
v -1.337910 4.096238 6.045802
v -1.319237 4.183046 6.046394
v -1.304192 4.253934 6.037396
v -1.284654 4.323858 6.036353
v -1.148488 3.218763 6.324420
v -1.074202 3.205451 6.341067
v -1.033456 3.204546 6.348038
v -1.010924 3.203070 6.352163
v -0.988238 3.197931 6.357130
v -0.950119 3.187342 6.365274
v -0.841508 3.169455 6.385458
v -0.706586 3.160492 6.402544
v -0.567666 3.164257 6.412877
v -0.472770 3.175209 6.414977
v -0.440800 3.180885 6.414438
v -0.418405 3.183998 6.414217
v -0.398595 3.184835 6.413199
v -0.365270 3.183451 6.411535
v -0.285053 3.181689 6.405923
v -0.175665 3.185823 6.394943
v -0.091432 3.204912 6.380513
v -0.030339 3.241376 6.358122
v -0.005756 3.303446 6.322778
v -0.000800 3.381533 6.276129
v -0.000979 3.472293 6.221663
v -0.002769 3.566823 6.151979
v -0.008999 3.685374 6.058961
v -1.233482 3.247030 6.299766
v -0.050342 4.205234 5.961372
v -0.030718 4.097260 6.007218
v -0.010739 3.928765 6.060527
v -0.327215 5.507843 5.125062
v -0.335380 5.520411 5.056244
v -0.346488 5.505722 4.990086
v -0.370109 5.492762 4.918417
v -0.413752 5.478402 4.844160
v -0.484831 5.465633 4.782043
v -0.587063 5.452065 4.748460
v -0.701034 5.447848 4.778906
v -0.783591 5.451511 4.861672
v -0.840499 5.447367 4.965589
v -0.889590 5.441908 5.076580
v -1.273982 4.296871 5.952707
v -1.267705 4.268767 5.908289
v -1.249829 4.231439 5.832777
v -1.221084 4.201392 5.744152
v -1.178335 4.197391 5.639604
v -1.119246 4.242199 5.513906
v -1.063153 4.294679 5.397472
v -1.000628 4.341668 5.286633
v -0.921628 4.376789 5.183712
v -0.822740 4.397244 5.103584
v -0.707429 4.408678 5.056291
v -0.594074 4.409193 5.038846
v -0.481906 4.401645 5.055526
v -0.383427 4.391142 5.104821
v -0.306289 4.370455 5.180798
v -0.244925 4.341918 5.287088
v -0.197805 4.299011 5.423179
v -0.160179 4.259550 5.567008
v -0.119000 4.222529 5.713360
v -0.084710 4.235454 5.840818
v -0.063951 4.259505 5.932624
vt 0.008474 0.233768
vt 0.934389 0.986244
vt 0.109763 0.972405
vt 0.029917 0.217399
vt 0.136595 0.960193
vt 0.050577 0.193781
vt 0.165531 0.943571
vt 0.164784 0.942742
vt 0.911233 0.977961
vt 0.756271 0.225772
vt 0.890099 0.966916
vt 0.741962 0.205388
vt 0.729958 0.179971
vt 0.868435 0.951671
vt 0.842338 0.930204
vt 0.716829 0.146311
vt 0.191190 0.921723
vt 0.191951 0.922275
vt 0.814467 0.907671
vt 0.701820 0.111355
vt 0.788712 0.890823
vt 0.686121 0.083032
vt 0.212727 0.901501
vt 0.213472 0.902175
vt 0.235019 0.882220
vt 0.234155 0.881270
vt 0.256702 0.864929
vt 0.257192 0.865991
vt 0.275495 0.856897
vt 0.275718 0.858223
vt 0.307263 0.857637
vt 0.149153 0.020470
vt 0.292545 0.854975
vt 0.307299 0.856443
vt 0.323729 0.861267
vt 0.323358 0.862525
vt 0.343919 0.872115
vt 0.343388 0.873256
vt 0.361875 0.886478
vt 0.361199 0.887432
vt 0.382099 0.906218
vt 0.381347 0.907255
vt 0.406032 0.928837
vt 0.405149 0.930225
vt 0.430302 0.944994
vt 0.429601 0.946521
vt 0.460292 0.958760
vt 0.459598 0.960290
vt 0.491838 0.967609
vt 0.491593 0.969086
vt 0.524278 0.972243
vt 0.524261 0.970800
vt 0.555366 0.966620
vt 0.555196 0.965349
vt 0.584454 0.954841
vt 0.584812 0.955824
vt 0.605659 0.942939
vt 0.606054 0.944080
vt 0.623745 0.930721
vt 0.624224 0.931816
vt 0.674439 0.901279
vt 0.564631 0.037662
vt 0.659657 0.909013
vt 0.673920 0.899963
vt 0.707197 0.882403
vt 0.599959 0.033638
vt 0.690586 0.889544
vt 0.706686 0.881294
vt 0.725043 0.875710
vt 0.725322 0.877077
vt 0.743700 0.876143
vt 0.743750 0.874540
vt 0.765156 0.880292
vt 0.765543 0.878956
vt 0.344607 0.761792
vt 0.348814 0.788631
vt 0.337686 0.787430
vt 0.332582 0.762071
vt 0.268944 0.839384
vt 0.289260 0.838664
vt 0.291211 0.846084
vt 0.272676 0.847547
vt 0.306972 0.841020
vt 0.307264 0.847875
vt 0.326692 0.846479
vt 0.325430 0.852788
vt 0.251979 0.856536
vt 0.246962 0.847478
vt 0.222966 0.865276
vt 0.227900 0.873467
vt 0.201198 0.885696
vt 0.206919 0.894572
vt 0.179873 0.907071
vt 0.185307 0.915473
vt 0.771427 0.860788
vt 0.798272 0.876830
vt 0.793852 0.883505
vt 0.768538 0.869609
vt 0.825673 0.894956
vt 0.820603 0.900942
vt 0.852499 0.915697
vt 0.848033 0.923338
vt 0.875464 0.933209
vt 0.872539 0.941401
vt 0.896117 0.946881
vt 0.893275 0.956913
vt 0.917407 0.957062
vt 0.913962 0.968604
vt 0.940918 0.964563
vt 0.937241 0.976797
vt 0.103545 0.951358
vt 0.106734 0.963213
vt 0.129236 0.939935
vt 0.132647 0.951013
vt 0.159485 0.934928
vt 0.154967 0.925186
vt 0.744009 0.864098
vt 0.746004 0.855025
vt 0.716346 0.858041
vt 0.722608 0.865753
vt 0.699308 0.863927
vt 0.702884 0.872597
vt 0.686952 0.880918
vt 0.683759 0.873239
vt 0.635621 0.901412
vt 0.654168 0.883644
vt 0.656513 0.897381
vt 0.640433 0.909771
vt 0.599350 0.929904
vt 0.617124 0.918156
vt 0.620292 0.923751
vt 0.602789 0.935946
vt 0.581747 0.948028
vt 0.553968 0.957026
vt 0.551871 0.947585
vt 0.577916 0.940312
vt 0.524148 0.961534
vt 0.523654 0.951659
vt 0.493420 0.957730
vt 0.494591 0.948509
vt 0.466383 0.939946
vt 0.464226 0.948393
vt 0.439173 0.928553
vt 0.435133 0.935390
vt 0.414952 0.914575
vt 0.411405 0.920314
vt 0.390894 0.895425
vt 0.387045 0.899811
vt 0.370957 0.872091
vt 0.366699 0.879185
vt 0.347416 0.864024
vt 0.348472 0.857653
vt 0.549312 0.936969
vt 0.522758 0.940454
vt 0.521607 0.926927
vt 0.547146 0.924812
vt 0.495146 0.938404
vt 0.495302 0.925093
vt 0.570529 0.918602
vt 0.573956 0.930595
vt 0.595622 0.921928
vt 0.591093 0.909915
vt 0.469455 0.919068
vt 0.468025 0.931196
vt 0.445204 0.909939
vt 0.442244 0.920695
vt 0.422904 0.898714
vt 0.418604 0.907823
vt 0.403157 0.884774
vt 0.396309 0.891177
vt 0.342405 0.731383
vt 0.329258 0.731984
vt 0.342994 0.699653
vt 0.332588 0.699301
vt 0.345796 0.670919
vt 0.337755 0.668924
vt 0.986532 0.414216
vt 0.974304 0.401716
vt 0.977646 0.397155
vt 0.991258 0.410435
vt 0.958424 0.392944
vt 0.940712 0.386127
vt 0.942473 0.380380
vt 0.960778 0.387480
vt 0.925045 0.382311
vt 0.926491 0.376436
vt 0.912685 0.374020
vt 0.917651 0.374984
vt 0.916373 0.380763
vt 0.911310 0.379706
vt 0.331030 0.639164
vt 0.325075 0.636892
vt 0.906463 0.378584
vt 0.907776 0.372854
vt 0.898249 0.376651
vt 0.874720 0.371454
vt 0.875746 0.365691
vt 0.899284 0.370751
vt 0.846394 0.368878
vt 0.846863 0.363010
vt 0.817399 0.368814
vt 0.817099 0.363079
vt 0.784780 0.366633
vt 0.789564 0.366189
vt 0.790057 0.372053
vt 0.785195 0.372460
vt 0.756192 0.369156
vt 0.773219 0.367745
vt 0.773126 0.373594
vt 0.756444 0.375041
vt 0.732744 0.372784
vt 0.733782 0.378560
vt 0.780667 0.373104
vt 0.780480 0.367211
vt 0.718944 0.383184
vt 0.715817 0.378390
vt 0.707741 0.390870
vt 0.703544 0.387418
vt 0.704134 0.402843
vt 0.703338 0.420852
vt 0.696758 0.420426
vt 0.698380 0.401267
vt 0.703351 0.442275
vt 0.703965 0.467679
vt 0.697352 0.467880
vt 0.696387 0.442540
vt 0.707615 0.499947
vt 0.700682 0.500230
vt 0.438401 0.589918
vt 0.443748 0.588452
vt 0.444100 0.593848
vt 0.438925 0.595552
vt 0.433516 0.595839
vt 0.432927 0.590513
vt 0.478174 0.587027
vt 0.477973 0.582061
vt 0.508803 0.579772
vt 0.508778 0.584861
vt 0.452813 0.586140
vt 0.452905 0.591206
vt 0.540245 0.581009
vt 0.539957 0.586016
vt 0.568186 0.591340
vt 0.568702 0.585852
vt 0.574081 0.587003
vt 0.573473 0.592560
vt 0.578624 0.587319
vt 0.577916 0.592755
vt 0.796507 0.365149
vt 0.796933 0.370927
vt 0.560686 0.589788
vt 0.561165 0.584466
vt 0.586237 0.587916
vt 0.605219 0.589738
vt 0.604158 0.595013
vt 0.585351 0.593215
vt 0.628097 0.593318
vt 0.646111 0.599741
vt 0.644026 0.603477
vt 0.626080 0.598027
vt 0.658114 0.608140
vt 0.655723 0.612017
vt 0.663460 0.623889
vt 0.667621 0.621876
vt 0.675011 0.640469
vt 0.669362 0.643239
vt 0.670166 0.698515
vt 0.671458 0.668712
vt 0.681429 0.664843
vt 0.679413 0.696483
vt 0.674821 0.735339
vt 0.666020 0.737621
vt 0.670198 0.776317
vt 0.660783 0.778189
vt 0.655933 0.810950
vt 0.666173 0.815858
vt 0.608332 0.898519
vt 0.613352 0.911289
vt 0.652644 0.860048
vt 0.645483 0.877530
vt 0.636026 0.871186
vt 0.644656 0.856641
vt 0.658918 0.842258
vt 0.650401 0.837118
vt 0.668140 0.882288
vt 0.659387 0.863815
vt 0.668149 0.868967
vt 0.690339 0.840658
vt 0.677221 0.858586
vt 0.668522 0.847875
vt 0.678330 0.817528
vt 0.705902 0.539136
vt 0.714754 0.537742
vt 0.687809 0.694643
vt 0.689619 0.661166
vt 0.701763 0.686189
vt 0.696588 0.693146
vt 0.697935 0.725152
vt 0.686654 0.731592
vt 0.710689 0.719294
vt 0.698747 0.768953
vt 0.684032 0.773283
vt 0.739063 0.759951
vt 0.409773 0.600037
vt 0.392634 0.607393
vt 0.390101 0.602846
vt 0.408364 0.595642
vt 0.424290 0.596581
vt 0.423639 0.591691
vt 0.363730 0.628628
vt 0.374870 0.613490
vt 0.378941 0.616944
vt 0.368830 0.631730
vt 0.364344 0.648932
vt 0.357119 0.646815
vt 0.097638 0.920638
vt 0.947974 0.933106
vt 0.121071 0.910945
vt 0.144227 0.898630
vt 0.166950 0.883607
vt 0.924726 0.927961
vt 0.902973 0.920103
vt 0.860975 0.896870
vt 0.882092 0.909333
vt 0.835141 0.879104
vt 0.188912 0.866399
vt 0.211283 0.846951
vt 0.239107 0.824634
vt 0.271346 0.815940
vt 0.291490 0.818485
vt 0.697483 0.810065
vt 0.706991 0.834540
vt 0.745058 0.829867
vt 0.740417 0.801172
vt 0.727412 0.581854
vt 0.719099 0.582489
vt 0.739183 0.617087
vt 0.732236 0.618874
vt 0.777077 0.839653
vt 0.808616 0.860748
vt 0.751144 0.645603
vt 0.744971 0.647922
vt 0.768663 0.684654
vt 0.756845 0.669971
vt 0.762348 0.665392
vt 0.772878 0.675876
vt 0.711829 0.420809
vt 0.712284 0.441769
vt 0.713694 0.467188
vt 0.388470 0.868927
vt 0.379873 0.870619
vt 0.381077 0.852150
vt 0.372611 0.850682
vt 0.363370 0.848778
vt 0.349506 0.843448
vt 0.308662 0.823893
vt 0.320727 0.828828
vt 0.366272 0.763715
vt 0.369497 0.792067
vt 0.359597 0.790829
vt 0.355670 0.763162
vt 0.353339 0.731514
vt 0.363279 0.731407
vt 0.363106 0.698935
vt 0.353290 0.699604
vt 0.363305 0.670918
vt 0.354742 0.671594
vt 0.711911 0.404105
vt 0.713362 0.394275
vt 0.723393 0.388302
vt 0.735584 0.384103
vt 0.773102 0.379840
vt 0.756908 0.381470
vt 0.791162 0.378445
vt 0.785876 0.378380
vt 0.781006 0.379545
vt 0.817696 0.374907
vt 0.797598 0.376967
vt 0.873470 0.377469
vt 0.845548 0.374746
vt 0.904731 0.384045
vt 0.909796 0.384720
vt 0.897390 0.382837
vt 0.914824 0.386264
vt 0.938344 0.391868
vt 0.922935 0.388027
vt 0.955599 0.398153
vt 0.969876 0.406121
vt 0.980539 0.417370
vt 0.985519 0.434889
vt 0.988899 0.455879
vt 0.315606 0.659499
vt 0.989980 0.486371
vt 0.303677 0.691588
vt 0.782740 0.687727
vt 0.785119 0.698646
vt 0.440743 0.607519
vt 0.435217 0.607850
vt 0.445585 0.606271
vt 0.442407 0.625599
vt 0.445553 0.654239
vt 0.440515 0.654965
vt 0.437416 0.626072
vt 0.447208 0.624360
vt 0.449815 0.653649
vt 0.379927 0.764127
vt 0.383359 0.793467
vt 0.376797 0.730329
vt 0.375230 0.669090
vt 0.375028 0.696014
vt 0.376009 0.648077
vt 0.377548 0.634387
vt 0.386035 0.624924
vt 0.399696 0.616623
vt 0.412654 0.612291
vt 0.425777 0.608607
vt 0.477816 0.600625
vt 0.507636 0.598823
vt 0.453796 0.604321
vt 0.538810 0.599060
vt 0.478656 0.619254
vt 0.507916 0.617032
vt 0.455326 0.622354
vt 0.560685 0.601098
vt 0.537886 0.617856
vt 0.560801 0.620307
vt 0.577475 0.603502
vt 0.572968 0.602938
vt 0.567889 0.602132
vt 0.622752 0.608156
vt 0.603694 0.606044
vt 0.585031 0.604552
vt 0.637489 0.614438
vt 0.648860 0.621875
vt 0.655720 0.632502
vt 0.662481 0.674226
vt 0.659863 0.650691
vt 0.660845 0.702769
vt 0.655909 0.741830
vt 0.649538 0.779863
vt 0.645781 0.808064
vt 0.641628 0.831546
vt 0.629672 0.862462
vt 0.637002 0.850800
vt 0.587462 0.893434
vt 0.604309 0.884742
vt 0.567632 0.901386
vt 0.520100 0.908233
vt 0.544615 0.905429
vt 0.469715 0.902034
vt 0.494619 0.906657
vt 0.426369 0.886519
vt 0.447145 0.895544
vt 0.408253 0.876567
vt 0.396228 0.866882
vt 0.393614 0.854749
vt 0.408487 0.861405
vt 0.395003 0.766314
vt 0.398491 0.796714
vt 0.390081 0.838600
vt 0.406076 0.843055
vt 0.376313 0.835099
vt 0.368257 0.833317
vt 0.346301 0.826968
vt 0.358793 0.831191
vt 0.427129 0.869881
vt 0.447282 0.877809
vt 0.467572 0.882624
vt 0.492562 0.883969
vt 0.450050 0.721778
vt 0.451636 0.767597
vt 0.447097 0.767575
vt 0.445360 0.722314
vt 0.453628 0.721573
vt 0.455561 0.767412
vt 0.517896 0.883248
vt 0.542373 0.880922
vt 0.565298 0.877133
vt 0.585513 0.871942
vt 0.601677 0.865123
vt 0.576443 0.622531
vt 0.571860 0.622544
vt 0.567282 0.621594
vt 0.575414 0.652134
vt 0.571071 0.652119
vt 0.566201 0.651666
vt 0.619903 0.626982
vt 0.601718 0.624063
vt 0.584126 0.622585
vt 0.632320 0.630291
vt 0.642105 0.636107
vt 0.648648 0.640787
vt 0.650311 0.655430
vt 0.650628 0.677388
vt 0.649434 0.706823
vt 0.480176 0.651054
vt 0.457009 0.652685
vt 0.508397 0.649214
vt 0.536868 0.649832
vt 0.559318 0.651055
vt 0.567663 0.764250
vt 0.563249 0.764503
vt 0.564720 0.718804
vt 0.569765 0.719190
vt 0.573959 0.719582
vt 0.571910 0.764368
vt 0.482643 0.719481
vt 0.483836 0.766861
vt 0.462177 0.767103
vt 0.459661 0.721231
vt 0.509132 0.717942
vt 0.510353 0.765796
vt 0.535194 0.717901
vt 0.534385 0.762945
vt 0.556750 0.764011
vt 0.557596 0.718269
vt 0.570585 0.795150
vt 0.566390 0.793018
vt 0.562015 0.794869
vt 0.535156 0.794721
vt 0.556419 0.797087
vt 0.510959 0.795352
vt 0.485479 0.796331
vt 0.462847 0.798555
vt 0.456890 0.795993
vt 0.452409 0.793803
vt 0.448320 0.795804
vt 0.428897 0.626954
vt 0.414706 0.629799
vt 0.403113 0.633668
vt 0.388807 0.640070
vt 0.389521 0.664014
vt 0.570547 0.683833
vt 0.574820 0.684021
vt 0.565588 0.683410
vt 0.536249 0.682307
vt 0.558585 0.682829
vt 0.508944 0.681956
vt 0.481483 0.683336
vt 0.458423 0.685052
vt 0.447841 0.686131
vt 0.451779 0.685726
vt 0.442970 0.686767
vt 0.405357 0.659841
vt 0.418192 0.658411
vt 0.431895 0.656254
vt 0.389923 0.692281
vt 0.407737 0.690119
vt 0.420822 0.688975
vt 0.434637 0.687870
vt 0.600003 0.652726
vt 0.582705 0.652188
vt 0.615292 0.654154
vt 0.628116 0.656124
vt 0.639413 0.656136
vt 0.391917 0.729051
vt 0.410283 0.727230
vt 0.439697 0.768857
vt 0.442941 0.798474
vt 0.437336 0.723236
vt 0.582003 0.684350
vt 0.581008 0.720250
vt 0.579479 0.764361
vt 0.576120 0.798564
vt 0.453042 0.811517
vt 0.454539 0.823591
vt 0.565239 0.813750
vt 0.564482 0.822105
vt 0.515801 0.855644
vt 0.540967 0.854022
vt 0.564681 0.850579
vt 0.586262 0.846662
vt 0.488808 0.854509
vt 0.512722 0.824885
vt 0.538419 0.823741
vt 0.485787 0.824822
vt 0.463307 0.853043
vt 0.424041 0.725714
vt 0.289955 0.725490
vt 0.986258 0.518106
vt 0.271950 0.757234
vt 0.977061 0.551900
vt 0.249568 0.790185
vt 0.964970 0.587421
vt 0.953660 0.617322
vt 0.227169 0.816899
vt 0.942594 0.645137
vt 0.203830 0.838167
vt 0.182031 0.856690
vt 0.931019 0.670244
vt 0.160910 0.872292
vt 0.154687 0.863150
vt 0.977787 0.435976
vt 0.974046 0.419844
vt 0.979752 0.455760
vt 0.979843 0.484305
vt 0.975800 0.515603
vt 0.966917 0.550017
vt 0.955805 0.585816
vt 0.944438 0.614594
vt 0.933419 0.642007
vt 0.921827 0.665266
vt 0.909259 0.684782
vt 0.895922 0.695787
vt 0.135677 0.872865
vt 0.889310 0.669724
vt 0.889132 0.655793
vt 0.891858 0.655915
vt 0.892174 0.669939
vt 0.889574 0.624558
vt 0.887083 0.624717
vt 0.884809 0.607617
vt 0.886822 0.606843
vt 0.139706 0.885486
vt 0.262953 0.795947
vt 0.281977 0.767298
vt 0.301261 0.739338
vt 0.312675 0.695372
vt 0.322723 0.662898
vt 0.763273 0.694723
vt 0.779306 0.710054
vt 0.885071 0.896503
vt 0.864915 0.885882
vt 0.840278 0.869755
vt 0.748919 0.674659
vt 0.721383 0.621609
vt 0.823306 0.846039
vt 0.815638 0.852304
vt 0.789815 0.831134
vt 0.709166 0.585136
vt 0.767162 0.800630
vt 0.748231 0.752051
vt 0.720652 0.715122
vt 0.707855 0.682180
vt 0.696208 0.657791
vt 0.679328 0.637335
vt 0.685523 0.634317
vt 0.675466 0.615633
vt 0.670395 0.619129
vt 0.660932 0.604817
vt 0.664861 0.601195
vt 0.650598 0.591340
vt 0.647621 0.595983
vt 0.632035 0.583966
vt 0.630065 0.589107
vt 0.606236 0.584808
vt 0.607179 0.579338
vt 0.587173 0.583143
vt 0.588129 0.577543
vt 0.580199 0.576785
vt 0.579334 0.582329
vt 0.575422 0.576286
vt 0.574582 0.581834
vt 0.569139 0.580864
vt 0.569999 0.575380
vt 0.561551 0.579604
vt 0.562398 0.574120
vt 0.540486 0.576467
vt 0.540662 0.571045
vt 0.508794 0.575136
vt 0.508435 0.569588
vt 0.477727 0.577600
vt 0.476852 0.571795
vt 0.451471 0.575755
vt 0.452863 0.581616
vt 0.443559 0.583521
vt 0.442083 0.577694
vt 0.436382 0.578857
vt 0.437907 0.584762
vt 0.432275 0.585688
vt 0.430812 0.579796
vt 0.423017 0.587367
vt 0.421295 0.581548
vt 0.404021 0.586261
vt 0.406796 0.591822
vt 0.384014 0.594518
vt 0.387681 0.599426
vt 0.370931 0.610406
vt 0.366130 0.606635
vt 0.352563 0.623090
vt 0.358626 0.625856
vt 0.350594 0.645732
vt 0.343765 0.643583
vt 0.759759 0.814249
vt 0.898925 0.675671
vt 0.908015 0.658812
vt 0.910191 0.659745
vt 0.900244 0.677133
vt 0.916775 0.636883
vt 0.919766 0.637775
vt 0.931231 0.610328
vt 0.928242 0.609305
vt 0.939074 0.581051
vt 0.942212 0.582116
vt 0.949878 0.545348
vt 0.952890 0.546132
vt 0.959772 0.510946
vt 0.956073 0.510126
vt 0.959704 0.480043
vt 0.963565 0.480854
vt 0.960945 0.455751
vt 0.964534 0.455624
vt 0.964196 0.437325
vt 0.961148 0.437518
vt 0.963683 0.423525
vt 0.960082 0.425170
vt 0.279245 0.801438
vt 0.117962 0.896880
vt 0.949281 0.918622
vt 0.095547 0.906362
vt 0.927191 0.914559
vt 0.906090 0.906821
vt 0.861116 0.726765
vt 0.883791 0.716060
vt 0.816887 0.729878
vt 0.836932 0.732396
vt 0.796805 0.722208
vt 0.716582 0.499797
vt 0.723514 0.536042
vt 0.734042 0.580346
vt 0.745539 0.616017
vt 0.756467 0.643455
vt 0.767200 0.662133
vt 0.758139 0.611113
vt 0.765510 0.639612
vt 0.763264 0.640615
vt 0.755516 0.612167
vt 0.746345 0.576878
vt 0.749354 0.576111
vt 0.741838 0.532175
vt 0.738813 0.533399
vt 0.734027 0.498920
vt 0.737242 0.497527
vt 0.735222 0.467783
vt 0.731509 0.467179
vt 0.730318 0.441944
vt 0.733743 0.441344
vt 0.732620 0.420151
vt 0.729613 0.420669
vt 0.729774 0.407572
vt 0.733094 0.409850
vt 0.920787 0.393913
vt 0.913029 0.391773
vt 0.908364 0.389785
vt 0.903126 0.389584
vt 0.904243 0.405245
vt 0.902397 0.394680
vt 0.907476 0.394390
vt 0.911281 0.396554
vt 0.896627 0.389210
vt 0.872443 0.383665
vt 0.952604 0.403419
vt 0.935843 0.397714
vt 0.844751 0.380747
vt 0.817961 0.381130
vt 0.798524 0.383109
vt 0.792282 0.384963
vt 0.786805 0.384376
vt 0.781848 0.386084
vt 0.783396 0.392221
vt 0.787810 0.390141
vt 0.792644 0.391039
vt 0.788779 0.401016
vt 0.773364 0.386463
vt 0.757631 0.388260
vt 0.738165 0.390328
vt 0.596514 0.684353
vt 0.612627 0.683902
vt 0.625419 0.683213
vt 0.638840 0.680847
vt 0.594512 0.720403
vt 0.610463 0.717937
vt 0.622779 0.715859
vt 0.635335 0.712781
vt 0.592105 0.763131
vt 0.643959 0.745082
vt 0.588953 0.819376
vt 0.601257 0.841335
vt 0.602766 0.815934
vt 0.591136 0.794837
vt 0.604506 0.788763
vt 0.607124 0.757137
vt 0.619852 0.752497
vt 0.631516 0.749223
vt 0.638585 0.781411
vt 0.616731 0.784337
vt 0.627694 0.782520
vt 0.411874 0.768507
vt 0.426045 0.769990
vt 0.414124 0.799635
vt 0.431118 0.800319
vt 0.436254 0.826156
vt 0.442884 0.851115
vt 0.419214 0.825367
vt 0.423945 0.847346
vt 0.353514 0.811356
vt 0.342606 0.808686
vt 0.364032 0.814156
vt 0.372493 0.816131
vt 0.386835 0.818462
vt 0.402506 0.822863
vt 0.614693 0.812543
vt 0.625486 0.809094
vt 0.635738 0.807322
vt 0.306818 0.771886
vt 0.294673 0.782787
vt 0.295470 0.809018
vt 0.310299 0.815654
vt 0.321224 0.819278
vt 0.315193 0.790660
vt 0.881193 0.590783
vt 0.882785 0.589392
vt 0.875092 0.572940
vt 0.876541 0.570601
vt 0.873083 0.567649
vt 0.870659 0.563539
vt 0.871149 0.560762
vt 0.873890 0.564839
vt 0.864051 0.569686
vt 0.867463 0.563922
vt 0.868120 0.566748
vt 0.865243 0.572012
vt 0.858150 0.589005
vt 0.856415 0.587764
vt 0.853129 0.603753
vt 0.851229 0.602619
vt 0.848745 0.618712
vt 0.846432 0.617636
vt 0.837926 0.650753
vt 0.839934 0.641473
vt 0.842522 0.642583
vt 0.840574 0.652093
vt 0.838411 0.661149
vt 0.836226 0.659580
vt 0.834545 0.669662
vt 0.835085 0.673790
vt 0.834248 0.675417
vt 0.834126 0.671603
vt 0.833188 0.675106
vt 0.832297 0.673398
vt 0.832714 0.669734
vt 0.833470 0.671359
vt 0.830960 0.669546
vt 0.832232 0.666733
vt 0.826235 0.650509
vt 0.824347 0.640051
vt 0.827223 0.639486
vt 0.829595 0.649149
vt 0.821608 0.627710
vt 0.818567 0.616354
vt 0.821082 0.615999
vt 0.824549 0.627774
vt 0.814785 0.602267
vt 0.810970 0.588180
vt 0.812617 0.587292
vt 0.816869 0.601642
vt 0.806795 0.573420
vt 0.807930 0.572262
vt 0.890442 0.678198
vt 0.892485 0.676641
vt 0.891286 0.681737
vt 0.893131 0.678954
vt 0.896227 0.678435
vt 0.895992 0.681305
vt 0.894186 0.682416
vt 0.894975 0.679469
vt 0.835985 0.681249
vt 0.836460 0.687593
vt 0.834780 0.689611
vt 0.834729 0.683075
vt 0.832469 0.689475
vt 0.830037 0.687887
vt 0.830790 0.680428
vt 0.832691 0.682419
vt 0.804004 0.566271
vt 0.804595 0.564472
vt 0.801067 0.562941
vt 0.798865 0.565100
vt 0.798557 0.563213
vt 0.801091 0.560416
vt 0.791333 0.586803
vt 0.795459 0.570652
vt 0.796284 0.571599
vt 0.792799 0.587491
vt 0.787995 0.601084
vt 0.789747 0.601654
vt 0.784882 0.615412
vt 0.786839 0.615842
vt 0.784663 0.627289
vt 0.782602 0.626845
vt 0.779778 0.646200
vt 0.780525 0.638152
vt 0.782628 0.638736
vt 0.781717 0.646547
vt 0.892089 0.403853
vt 0.894965 0.394820
vt 0.870837 0.400260
vt 0.871174 0.391139
vt 0.844093 0.399015
vt 0.843809 0.388681
vt 0.818129 0.399419
vt 0.818352 0.387737
vt 0.800968 0.400318
vt 0.799493 0.388833
vt 0.775788 0.402911
vt 0.773932 0.392523
vt 0.758465 0.404313
vt 0.758431 0.394697
vt 0.746202 0.405496
vt 0.741651 0.397032
vt 0.845853 0.654662
vt 0.847356 0.644245
vt 0.854743 0.647844
vt 0.852733 0.658181
vt 0.861606 0.663263
vt 0.862954 0.651529
vt 0.872494 0.653986
vt 0.871597 0.667139
vt 0.861666 0.607481
vt 0.858865 0.622486
vt 0.852886 0.619952
vt 0.856875 0.605480
vt 0.874033 0.609240
vt 0.873903 0.624909
vt 0.865641 0.624027
vt 0.866876 0.608999
vt 0.868088 0.593884
vt 0.873322 0.593528
vt 0.864488 0.592387
vt 0.861207 0.591034
vt 0.869529 0.572040
vt 0.871155 0.574247
vt 0.867133 0.574477
vt 0.865483 0.577085
vt 0.797383 0.589304
vt 0.799904 0.568901
vt 0.801274 0.567410
vt 0.800550 0.589774
vt 0.804733 0.576069
vt 0.807477 0.589455
vt 0.804196 0.589409
vt 0.803208 0.572077
vt 0.810317 0.603367
vt 0.805529 0.603565
vt 0.800449 0.603447
vt 0.796146 0.603248
vt 0.809020 0.628280
vt 0.807356 0.617598
vt 0.813365 0.617175
vt 0.816063 0.628020
vt 0.795155 0.617192
vt 0.800815 0.617063
vt 0.801499 0.627968
vt 0.794287 0.628491
vt 0.812569 0.652373
vt 0.810669 0.641323
vt 0.818978 0.640885
vt 0.821546 0.651514
vt 0.793525 0.650591
vt 0.793630 0.640710
vt 0.802226 0.641156
vt 0.803020 0.651779
vt 0.781138 0.656146
vt 0.779214 0.654769
vt 0.780319 0.661853
vt 0.779222 0.663207
vt 0.778397 0.661189
vt 0.778740 0.659805
vt 0.778293 0.664350
vt 0.777252 0.663936
vt 0.777229 0.661585
vt 0.778107 0.662359
vt 0.776014 0.660208
vt 0.775019 0.662656
vt 0.771381 0.659021
vt 0.773232 0.657212
vt 0.804194 0.661825
vt 0.794347 0.659924
vt 0.870025 0.679008
vt 0.859486 0.674427
vt 0.835010 0.667271
vt 0.836510 0.670701
vt 0.830832 0.658685
vt 0.828554 0.660229
vt 0.823884 0.661562
vt 0.814487 0.662215
vt 0.850231 0.670298
vt 0.843543 0.664622
vt 0.841156 0.684659
vt 0.838774 0.677320
vt 0.820584 0.683268
vt 0.828281 0.675086
vt 0.816999 0.672697
vt 0.826606 0.670192
vt 0.830032 0.665939
vt 0.831783 0.663755
vt 0.837261 0.667453
vt 0.835538 0.664380
vt 0.847031 0.680128
vt 0.841069 0.672737
vt 0.865621 0.687700
vt 0.856481 0.684804
vt 0.833593 0.690156
vt 0.833941 0.683355
vt 0.833802 0.676058
vt 0.833848 0.672161
vt 0.843339 0.700735
vt 0.834000 0.702155
vt 0.835068 0.695961
vt 0.838613 0.694139
vt 0.833724 0.695294
vt 0.832247 0.695980
vt 0.826165 0.701239
vt 0.828231 0.695007
vt 0.785734 0.648201
vt 0.785493 0.657886
vt 0.786467 0.639519
vt 0.790247 0.616328
vt 0.788020 0.627627
vt 0.792679 0.602651
vt 0.795068 0.588956
vt 0.797876 0.573529
vt 0.872894 0.577327
vt 0.877123 0.592372
vt 0.879881 0.608606
vt 0.881946 0.624712
vt 0.883502 0.655426
vt 0.883324 0.669019
vt 0.882884 0.684594
vt 0.874397 0.693030
vt 0.849093 0.707229
vt 0.834356 0.708846
vt 0.822719 0.707140
vt 0.835698 0.718427
vt 0.819640 0.716209
vt 0.852887 0.715818
vt 0.808377 0.704319
vt 0.801855 0.710632
vt 0.864453 0.700269
vt 0.867734 0.709679
vt 0.892552 0.682507
vt 0.893619 0.679989
vt 0.968229 0.421821
vt 0.970527 0.436610
vt 0.971607 0.455736
vt 0.971051 0.482408
vt 0.966798 0.513588
vt 0.958725 0.547658
vt 0.948272 0.584157
vt 0.937016 0.612318
vt 0.925555 0.639477
vt 0.914402 0.661558
vt 0.903392 0.680081
vt 0.895514 0.688141
vt 0.891723 0.690031
vt 0.889075 0.690619
vt 0.886507 0.688834
vt 0.785254 0.667468
vt 0.780305 0.667973
vt 0.778670 0.668214
vt 0.777467 0.668205
vt 0.773908 0.667363
vt 0.760824 0.641629
vt 0.751486 0.614168
vt 0.741012 0.578232
vt 0.731889 0.534181
vt 0.726225 0.499495
vt 0.723166 0.467490
vt 0.721130 0.441655
vt 0.720410 0.420660
vt 0.720186 0.405699
vt 0.881755 0.703068
vt 0.780060 0.676707
vt 0.785490 0.677660
vt 0.905837 0.657552
vt 0.914304 0.636482
vt 0.897751 0.673655
vt 0.895797 0.676529
vt 0.895242 0.676787
vt 0.893909 0.674895
vt 0.894302 0.676060
vt 0.894620 0.677001
vt 0.893831 0.669475
vt 0.893774 0.655696
vt 0.806873 0.680298
vt 0.805707 0.671592
vt 0.795045 0.669768
vt 0.795629 0.678928
vt 0.817759 0.691224
vt 0.806742 0.688704
vt 0.861188 0.693656
vt 0.853875 0.694422
vt 0.845194 0.694257
vt 0.842568 0.690791
vt 0.814469 0.697749
vt 0.806931 0.694735
vt 0.795793 0.687825
vt 0.796341 0.697114
vt 0.891943 0.624170
vt 0.888867 0.606061
vt 0.884535 0.588192
vt 0.878690 0.569408
vt 0.875414 0.563359
vt 0.871566 0.558702
vt 0.866504 0.561942
vt 0.862885 0.568255
vt 0.854117 0.586642
vt 0.321788 0.805980
vt 0.848657 0.601612
vt 0.843867 0.616878
vt 0.837679 0.640640
vt 0.836095 0.649889
vt 0.834393 0.658854
vt 0.833584 0.663189
vt 0.833832 0.666674
vt 0.833720 0.669097
vt 0.833770 0.670870
vt 0.832515 0.658351
vt 0.833489 0.658171
vt 0.833208 0.649082
vt 0.831088 0.649179
vt 0.833532 0.640436
vt 0.829150 0.639581
vt 0.823847 0.616279
vt 0.827148 0.628333
vt 0.814545 0.586689
vt 0.819297 0.601457
vt 0.809636 0.571498
vt 0.805757 0.563316
vt 0.801024 0.558531
vt 0.797400 0.561962
vt 0.794301 0.569767
vt 0.789587 0.586305
vt 0.785895 0.600400
vt 0.780692 0.625834
vt 0.782640 0.614586
vt 0.833772 0.628208
vt 0.839946 0.628873
vt 0.842384 0.629704
vt 0.845369 0.630846
vt 0.850016 0.632155
vt 0.856932 0.635576
vt 0.864605 0.637498
vt 0.873156 0.639666
vt 0.883347 0.640690
vt 0.888554 0.640647
vt 0.891248 0.640634
vt 0.893513 0.640681
vt 0.778926 0.637755
vt 0.777999 0.645484
vt 0.777638 0.654478
vt 0.777458 0.658238
vt 0.777307 0.659839
vt 0.776405 0.658639
vt 0.774451 0.655319
vt 0.760483 0.610820
vt 0.768302 0.638965
vt 0.751834 0.575396
vt 0.744880 0.531687
vt 0.740575 0.496476
vt 0.738325 0.467223
vt 0.736859 0.441190
vt 0.735630 0.419339
vt 0.736316 0.407997
vt 0.775002 0.653840
vt 0.776481 0.656576
vt 0.776443 0.653184
vt 0.775666 0.644306
vt 0.776085 0.636311
vt 0.776609 0.625105
vt 0.779032 0.612985
vt 0.830914 0.616062
vt 0.823868 0.584514
vt 0.827734 0.600154
vt 0.819315 0.566972
vt 0.807863 0.557452
vt 0.800527 0.554908
vt 0.793375 0.559076
vt 0.787420 0.568224
vt 0.784027 0.584483
vt 0.781462 0.598722
vt 0.837744 0.616089
vt 0.842575 0.599352
vt 0.848291 0.583005
vt 0.853834 0.564641
vt 0.863022 0.557654
vt 0.871743 0.554270
vt 0.879636 0.560497
vt 0.884246 0.568630
vt 0.889506 0.587323
vt 0.893175 0.605094
vt 0.965066 0.410420
vt 0.918522 0.407915
vt 0.919349 0.399208
vt 0.931840 0.409822
vt 0.933872 0.402836
vt 0.925224 0.608116
vt 0.935144 0.580149
vt 0.945980 0.545659
vt 0.952761 0.510420
vt 0.955443 0.479830
vt 0.956830 0.455958
vt 0.957007 0.438296
vt 0.956697 0.424257
vt 0.958415 0.417556
vt 0.961007 0.414340
vt 0.950349 0.407634
vt 0.947778 0.412797
vt 0.946121 0.421485
vt 0.931195 0.419834
vt 0.917708 0.417498
vt 0.903165 0.415084
vt 0.889812 0.414616
vt 0.896083 0.623302
vt 0.733351 0.402343
vt 0.728492 0.393235
vt 0.721957 0.397385
vt 0.737450 0.399196
vt 0.869116 0.412571
vt 0.844843 0.412013
vt 0.819856 0.411992
vt 0.802440 0.412576
vt 0.789239 0.413283
vt 0.776426 0.414585
vt 0.759634 0.415595
vt 0.747463 0.416545
vt 0.741165 0.406452
vt 0.740432 0.417750
vt 0.835353 0.599333
vt 0.836376 0.583739
vt 0.834961 0.609860
vt 0.836949 0.563436
vt 0.838068 0.539251
vt 0.822771 0.539824
vt 0.853405 0.539187
vt 0.881786 0.458163
vt 0.886723 0.433897
vt 0.901591 0.434063
vt 0.898395 0.457806
vt 0.915158 0.435401
vt 0.913457 0.457583
vt 0.862691 0.458617
vt 0.866350 0.433519
vt 0.842436 0.457800
vt 0.843506 0.432497
vt 0.822630 0.457899
vt 0.821920 0.433534
vt 0.805641 0.458047
vt 0.804797 0.434314
vt 0.613781 0.836226
vt 0.624173 0.832168
vt 0.633146 0.829323
vt 0.670608 0.890576
vt 0.644709 0.918168
vt 0.547568 0.040315
vt 0.623564 0.886432
vt 0.629840 0.894733
vt 0.618492 0.874773
vt 0.614737 0.856847
vt 0.630896 0.845533
vt 0.624830 0.850369
vt 0.305319 0.796527
vt 0.313013 0.805779
vt 0.839378 0.512413
vt 0.822917 0.512494
vt 0.822635 0.484211
vt 0.840937 0.484159
vt 0.855802 0.512680
vt 0.859047 0.484859
vt 0.876284 0.484777
vt 0.871504 0.511981
vt 0.808125 0.513155
vt 0.806966 0.484472
vt 0.790471 0.434312
vt 0.791655 0.458384
vt 0.777944 0.459430
vt 0.777032 0.435297
vt 0.763777 0.461877
vt 0.762321 0.437727
vt 0.749351 0.439369
vt 0.750850 0.463594
vt 0.930084 0.436394
vt 0.929462 0.457609
vt 0.946167 0.438151
vt 0.945140 0.457266
vt 0.741289 0.440429
vt 0.742875 0.465005
vt 0.943232 0.510347
vt 0.944475 0.479923
vt 0.937881 0.544954
vt 0.897253 0.639503
vt 0.897312 0.655562
vt 0.896321 0.670180
vt 0.895509 0.674023
vt 0.895086 0.675225
vt 0.901556 0.657444
vt 0.909834 0.634823
vt 0.920013 0.607339
vt 0.928639 0.576882
vt 0.911884 0.481394
vt 0.928806 0.480162
vt 0.894594 0.483543
vt 0.793436 0.485583
vt 0.779456 0.486509
vt 0.765184 0.487075
vt 0.753338 0.489859
vt 0.744719 0.492523
vt 0.809278 0.537522
vt 0.866934 0.537729
vt 0.795485 0.514712
vt 0.797156 0.538829
vt 0.881181 0.538702
vt 0.889037 0.512004
vt 0.925712 0.511758
vt 0.906482 0.512611
vt 0.921160 0.544703
vt 0.897203 0.545679
vt 0.915996 0.574743
vt 0.898319 0.571097
vt 0.782289 0.518220
vt 0.769209 0.521129
vt 0.758271 0.523840
vt 0.749508 0.528388
vt 0.784113 0.543460
vt 0.774089 0.554209
vt 0.765053 0.557859
vt 0.756272 0.563848
vt 0.899401 0.590736
vt 0.774625 0.582105
vt 0.772021 0.596897
vt 0.769993 0.612930
vt 0.911477 0.598492
vt 0.905769 0.619073
vt 0.899308 0.605429
vt 0.767986 0.582037
vt 0.762920 0.589235
vt 0.774941 0.650378
vt 0.772648 0.643511
vt 0.773347 0.635459
vt 0.771658 0.625603
vt 0.669681 0.062469
vt 0.652648 0.048265
vt 0.700433 0.111414
vt 0.684974 0.083908
vt 0.715191 0.146680
vt 0.728427 0.181070
vt 0.292189 0.849621
vt 0.274525 0.851240
vt 0.254641 0.860497
vt 0.230577 0.877332
vt 0.209555 0.898567
vt 0.187964 0.919383
vt 0.161621 0.939230
vt 0.134396 0.956060
vt 0.108362 0.968485
vt 0.083394 0.976340
vt 0.912534 0.973357
vt 0.891335 0.962166
vt 0.870728 0.946657
vt 0.845526 0.926350
vt 0.817994 0.903832
vt 0.791740 0.886431
vt 0.767202 0.873291
vt 0.743931 0.868034
vt 0.723882 0.869866
vt 0.704525 0.876588
vt 0.688407 0.884472
vt 0.671741 0.894436
vt 0.657179 0.903830
vt 0.642416 0.913333
vt 0.621713 0.926106
vt 0.603981 0.938120
vt 0.582893 0.950660
vt 0.554461 0.959956
vt 0.524191 0.964731
vt 0.492878 0.961352
vt 0.463223 0.952281
vt 0.433276 0.938554
vt 0.409767 0.922977
vt 0.385284 0.901838
vt 0.364740 0.882471
vt 0.346211 0.867316
vt 0.325332 0.855954
vt 0.307454 0.851417
vt 0.084998 0.131195
vt 0.070566 0.163276
vt 0.096359 0.101097
vt 0.107795 0.071801
vt 0.121514 0.046666
vt 0.149516 0.021765
vt 0.135415 0.031141
vt 0.178766 0.013646
vt 0.162976 0.016352
vt 0.221354 0.020165
vt 0.200448 0.014736
vt 0.246310 0.030751
vt 0.276184 0.044412
vt 0.339197 0.059895
vt 0.305169 0.053043
vt 0.109131 0.970641
vt 0.084225 0.978749
vt 0.135601 0.958326
vt 0.163361 0.941157
vt 0.189735 0.920667
vt 0.211304 0.900210
vt 0.232508 0.879460
vt 0.255772 0.862931
vt 0.275055 0.854339
vt 0.292383 0.852548
vt 0.307369 0.854168
vt 0.324452 0.858862
vt 0.344954 0.869941
vt 0.363167 0.884666
vt 0.383533 0.904238
vt 0.407716 0.926185
vt 0.431644 0.942083
vt 0.461620 0.955835
vt 0.492306 0.964786
vt 0.524230 0.968050
vt 0.554864 0.962887
vt 0.583759 0.952951
vt 0.604899 0.940755
vt 0.622829 0.928633
vt 0.643681 0.915989
vt 0.658530 0.906648
vt 0.672936 0.897460
vt 0.689601 0.887250
vt 0.705708 0.879166
vt 0.724506 0.873049
vt 0.743827 0.871626
vt 0.766289 0.876396
vt 0.790078 0.888845
vt 0.816057 0.905937
vt 0.843776 0.928462
vt 0.869469 0.949406
vt 0.890667 0.964756
vt 0.911819 0.975883
vt 0.374249 0.064305
vt 0.409975 0.066258
vt 0.444816 0.062965
vt 0.477425 0.058001
vt 0.502264 0.052204
vt 0.522882 0.046305
vt 0.547056 0.041793
vt 0.564453 0.039097
vt 0.580894 0.037028
vt 0.599789 0.035300
vt 0.617138 0.035307
vt 0.635451 0.039837
vt 0.723309 0.186401
vt 0.708849 0.148085
vt 0.696171 0.113639
vt 0.680401 0.087423
vt 0.665592 0.068494
vt 0.650777 0.055360
vt 0.632701 0.046266
vt 0.615628 0.041948
vt 0.599133 0.041887
vt 0.580983 0.043027
vt 0.563775 0.044774
vt 0.545033 0.047575
vt 0.520407 0.052869
vt 0.502559 0.058174
vt 0.477154 0.063705
vt 0.445190 0.069471
vt 0.409850 0.072686
vt 0.372929 0.071161
vt 0.338290 0.065708
vt 0.304038 0.058769
vt 0.274365 0.049910
vt 0.244563 0.034609
vt 0.220494 0.023314
vt 0.199956 0.018310
vt 0.178607 0.018014
vt 0.164002 0.020975
vt 0.150935 0.026868
vt 0.138263 0.035554
vt 0.124012 0.050211
vt 0.112052 0.075947
vt 0.099945 0.105058
vt 0.087958 0.137385
vt 0.072872 0.169443
vt 0.740933 0.206294
vt 0.736698 0.213305
vt 0.755699 0.226503
vt 0.750699 0.233261
vt 0.051609 0.195005
vt 0.054672 0.200704
vt 0.008938 0.234847
vt 0.013136 0.242274
vt 0.034305 0.224687
vt 0.030888 0.218422
vt 0.556161 0.124845
vt 0.568932 0.080704
vt 0.586124 0.081255
vt 0.572681 0.126869
vt 0.551313 0.079885
vt 0.539063 0.124197
vt 0.532656 0.082326
vt 0.521297 0.123802
vt 0.408911 0.098474
vt 0.441192 0.095097
vt 0.435164 0.131589
vt 0.406790 0.134854
vt 0.471679 0.088944
vt 0.462080 0.125861
vt 0.493691 0.085512
vt 0.483863 0.122907
vt 0.512173 0.083733
vt 0.502653 0.123474
vt 0.603251 0.082070
vt 0.589320 0.127876
vt 0.587995 0.183339
vt 0.605411 0.131000
vt 0.618977 0.136749
vt 0.599983 0.188930
vt 0.577673 0.247494
vt 0.566555 0.243107
vt 0.556209 0.299976
vt 0.546926 0.294730
vt 0.527026 0.341079
vt 0.534459 0.347048
vt 0.513694 0.387547
vt 0.506915 0.382699
vt 0.493697 0.423426
vt 0.475199 0.455246
vt 0.469726 0.451909
vt 0.487692 0.419163
vt 0.657553 0.158959
vt 0.633483 0.210207
vt 0.621503 0.201434
vt 0.644571 0.148949
vt 0.607814 0.267615
vt 0.597227 0.259517
vt 0.585809 0.312705
vt 0.573430 0.311433
vt 0.672890 0.170842
vt 0.646536 0.224159
vt 0.619558 0.278088
vt 0.598661 0.317095
vt 0.557738 0.363949
vt 0.549625 0.357462
vt 0.490866 0.467522
vt 0.485490 0.462968
vt 0.505250 0.432295
vt 0.511745 0.437228
vt 0.534530 0.402705
vt 0.527288 0.396947
vt 0.438610 0.505675
vt 0.452683 0.481859
vt 0.457392 0.484610
vt 0.442085 0.508301
vt 0.469801 0.495419
vt 0.451783 0.517285
vt 0.448625 0.513607
vt 0.465855 0.491160
vt 0.420512 0.537841
vt 0.418026 0.535906
vt 0.426618 0.543378
vt 0.424276 0.541105
vt 0.631817 0.143021
vt 0.610465 0.195110
vt 0.587281 0.253342
vt 0.564632 0.305690
vt 0.542175 0.351778
vt 0.520506 0.391970
vt 0.499479 0.427662
vt 0.480462 0.458857
vt 0.461657 0.487761
vt 0.445722 0.510776
vt 0.422734 0.539568
vt 0.566914 0.371412
vt 0.542531 0.409348
vt 0.496328 0.472876
vt 0.518773 0.442951
vt 0.473947 0.500178
vt 0.455509 0.520926
vt 0.429031 0.545726
vt 0.619853 0.085893
vt 0.635680 0.093291
vt 0.648538 0.099953
vt 0.661390 0.111631
vt 0.699708 0.220058
vt 0.673163 0.259810
vt 0.660670 0.240359
vt 0.686891 0.193049
vt 0.644101 0.305305
vt 0.631528 0.290835
vt 0.622470 0.340545
vt 0.610216 0.327869
vt 0.587992 0.390451
vt 0.577192 0.380045
vt 0.560824 0.425842
vt 0.551054 0.417190
vt 0.713895 0.243156
vt 0.687032 0.279546
vt 0.730921 0.262901
vt 0.704933 0.299817
vt 0.659622 0.322199
vt 0.750450 0.280413
vt 0.057992 0.309165
vt 0.053874 0.252740
vt 0.078735 0.290797
vt 0.074373 0.228445
vt 0.098469 0.267426
vt 0.092816 0.198446
vt 0.116104 0.240484
vt 0.108016 0.166927
vt 0.131977 0.211578
vt 0.375552 0.098026
vt 0.343173 0.094097
vt 0.348520 0.133262
vt 0.377456 0.135255
vt 0.311575 0.087441
vt 0.281660 0.078966
vt 0.320355 0.129513
vt 0.291696 0.126004
vt 0.254008 0.070606
vt 0.230446 0.065089
vt 0.204488 0.061444
vt 0.179078 0.056274
vt 0.158622 0.046849
vt 0.149559 0.075871
vt 0.136256 0.107426
vt 0.122011 0.136190
vt 0.182552 0.119549
vt 0.147462 0.183816
vt 0.163412 0.155275
vt 0.265476 0.123512
vt 0.240983 0.121822
vt 0.212642 0.120492
vt 0.206553 0.190301
vt 0.229123 0.181855
vt 0.253819 0.179135
vt 0.276892 0.177327
vt 0.326681 0.176640
vt 0.300486 0.176363
vt 0.378703 0.178146
vt 0.352800 0.177538
vt 0.429627 0.175195
vt 0.404488 0.177396
vt 0.462259 0.529104
vt 0.430690 0.551705
vt 0.430116 0.548461
vt 0.458836 0.524801
vt 0.413860 0.545206
vt 0.411939 0.543593
vt 0.415543 0.546698
vt 0.416875 0.548406
vt 0.418550 0.550320
vt 0.419804 0.552111
vt 0.421445 0.555700
vt 0.420735 0.553906
vt 0.431756 0.554597
vt 0.421999 0.557863
vt 0.432821 0.557933
vt 0.421926 0.560031
vt 0.347492 0.557744
vt 0.421751 0.562019
vt 0.534294 0.457049
vt 0.508980 0.484689
vt 0.502113 0.478828
vt 0.525785 0.449973
vt 0.483794 0.509780
vt 0.478696 0.504770
vt 0.676608 0.339819
vt 0.106318 0.331271
vt 0.086341 0.348996
vt 0.124809 0.310113
vt 0.141532 0.285443
vt 0.156711 0.259842
vt 0.187661 0.210819
vt 0.171556 0.234547
vt 0.572859 0.180050
vt 0.557535 0.178113
vt 0.542066 0.176278
vt 0.526251 0.173772
vt 0.453438 0.172172
vt 0.474591 0.169737
vt 0.492532 0.170892
vt 0.509986 0.171701
vt 0.652446 0.371109
vt 0.636859 0.355183
vt 0.554284 0.238560
vt 0.541045 0.234690
vt 0.527167 0.231350
vt 0.512695 0.228222
vt 0.498034 0.225069
vt 0.482025 0.222321
vt 0.465557 0.220819
vt 0.446180 0.220520
vt 0.424678 0.221349
vt 0.402368 0.222536
vt 0.379665 0.223417
vt 0.356472 0.223879
vt 0.332732 0.224971
vt 0.309791 0.227308
vt 0.289075 0.230453
vt 0.247216 0.238958
vt 0.268489 0.234104
vt 0.227352 0.247648
vt 0.209944 0.263052
vt 0.194951 0.282718
vt 0.525217 0.285346
vt 0.536581 0.289864
vt 0.499892 0.278652
vt 0.512934 0.281713
vt 0.486516 0.275180
vt 0.160560 0.318099
vt 0.176597 0.296187
vt 0.144940 0.341029
vt 0.110064 0.381497
vt 0.128513 0.362522
vt 0.518065 0.336603
vt 0.508369 0.331993
vt 0.499733 0.377512
vt 0.497509 0.328615
vt 0.599826 0.402642
vt 0.612708 0.416228
vt 0.149043 0.427031
vt 0.165959 0.410673
vt 0.181074 0.392581
vt 0.195688 0.373663
vt 0.216793 0.324539
vt 0.212858 0.354335
vt 0.230114 0.308482
vt 0.246330 0.296748
vt 0.264054 0.289080
vt 0.282671 0.284127
vt 0.472268 0.272069
vt 0.456789 0.269742
vt 0.438910 0.267773
vt 0.419579 0.267157
vt 0.399757 0.267344
vt 0.379675 0.268073
vt 0.338353 0.271849
vt 0.359287 0.269539
vt 0.300828 0.280473
vt 0.318540 0.275989
vt 0.247720 0.346966
vt 0.231636 0.354177
vt 0.263929 0.339115
vt 0.279464 0.332365
vt 0.295293 0.326673
vt 0.310852 0.322406
vt 0.326885 0.319210
vt 0.343808 0.314988
vt 0.362254 0.312689
vt 0.380042 0.310806
vt 0.397770 0.310297
vt 0.415325 0.310816
vt 0.432569 0.312632
vt 0.448285 0.314906
vt 0.462128 0.317572
vt 0.474733 0.320772
vt 0.486436 0.324472
vt 0.571369 0.435917
vt 0.582790 0.447640
vt 0.596166 0.460786
vt 0.206442 0.427236
vt 0.193705 0.442267
vt 0.219449 0.411535
vt 0.234147 0.398205
vt 0.250265 0.391604
vt 0.265692 0.384428
vt 0.281448 0.377490
vt 0.294789 0.371230
vt 0.308203 0.365444
vt 0.321398 0.361023
vt 0.334999 0.357292
vt 0.491373 0.373409
vt 0.482343 0.369413
vt 0.472765 0.365668
vt 0.349561 0.354376
vt 0.365309 0.352559
vt 0.380957 0.351286
vt 0.396637 0.351003
vt 0.412170 0.351754
vt 0.427205 0.354073
vt 0.462749 0.361423
vt 0.451783 0.357889
vt 0.439947 0.355673
vt 0.481097 0.415164
vt 0.474095 0.411143
vt 0.466797 0.407155
vt 0.459093 0.403295
vt 0.450890 0.399529
vt 0.442162 0.396034
vt 0.432611 0.393150
vt 0.422165 0.390827
vt 0.409173 0.389665
vt 0.395928 0.389389
vt 0.382204 0.389482
vt 0.368641 0.390881
vt 0.355665 0.392083
vt 0.343837 0.394630
vt 0.332497 0.398324
vt 0.321216 0.402484
vt 0.309273 0.407614
vt 0.297423 0.413194
vt 0.283474 0.419995
vt 0.269792 0.427601
vt 0.256089 0.435898
vt 0.243770 0.447013
vt 0.232953 0.459890
vt 0.223076 0.473072
vt 0.214440 0.486223
vt 0.553039 0.475314
vt 0.543339 0.465433
vt 0.464013 0.448403
vt 0.457885 0.445268
vt 0.451938 0.441934
vt 0.445864 0.438728
vt 0.439497 0.435590
vt 0.432700 0.432633
vt 0.425310 0.430130
vt 0.416647 0.428053
vt 0.406346 0.426783
vt 0.383933 0.427176
vt 0.395310 0.426447
vt 0.372705 0.429146
vt 0.362544 0.429954
vt 0.353408 0.432294
vt 0.343806 0.435287
vt 0.334639 0.438652
vt 0.323983 0.442841
vt 0.313434 0.447497
vt 0.301604 0.453554
vt 0.290184 0.460935
vt 0.278391 0.469165
vt 0.268271 0.478720
vt 0.259785 0.489124
vt 0.252585 0.500287
vt 0.246740 0.511563
vt 0.515848 0.491662
vt 0.522409 0.500358
vt 0.673013 0.123503
vt 0.447773 0.479213
vt 0.442980 0.476364
vt 0.488777 0.515177
vt 0.492869 0.522210
vt 0.279583 0.533155
vt 0.282831 0.523824
vt 0.287329 0.515202
vt 0.293249 0.506989
vt 0.300865 0.498800
vt 0.310328 0.490947
vt 0.319493 0.484651
vt 0.328661 0.479347
vt 0.336974 0.475388
vt 0.345533 0.471945
vt 0.352711 0.469369
vt 0.360406 0.466518
vt 0.367021 0.465234
vt 0.375803 0.463582
vt 0.385305 0.462910
vt 0.394457 0.461718
vt 0.403131 0.462212
vt 0.411046 0.463714
vt 0.417617 0.465694
vt 0.423347 0.467251
vt 0.428628 0.469070
vt 0.433505 0.471314
vt 0.438149 0.473828
vt 0.427247 0.498879
vt 0.423560 0.496872
vt 0.419702 0.495039
vt 0.415540 0.493853
vt 0.430870 0.501156
vt 0.434781 0.503296
vt 0.411237 0.492542
vt 0.406147 0.491182
vt 0.400147 0.490228
vt 0.393544 0.489353
vt 0.465647 0.533680
vt 0.468290 0.538787
vt 0.307543 0.547562
vt 0.309490 0.540908
vt 0.348034 0.555124
vt 0.359814 0.556419
vt 0.311691 0.534149
vt 0.315643 0.527568
vt 0.348739 0.552153
vt 0.360248 0.554520
vt 0.350214 0.549449
vt 0.360958 0.552000
vt 0.352243 0.544706
vt 0.362290 0.549128
vt 0.320895 0.520645
vt 0.386429 0.489894
vt 0.379067 0.489953
vt 0.372249 0.490685
vt 0.366394 0.492081
vt 0.359942 0.494717
vt 0.353916 0.497027
vt 0.347785 0.500182
vt 0.341920 0.503806
vt 0.334449 0.508815
vt 0.328277 0.513357
vt 0.354492 0.541003
vt 0.357926 0.537211
vt 0.365441 0.531774
vt 0.362067 0.534035
vt 0.368939 0.529680
vt 0.372905 0.527492
vt 0.376544 0.525634
vt 0.415994 0.534361
vt 0.413988 0.532769
vt 0.411383 0.530901
vt 0.409212 0.529668
vt 0.407072 0.528513
vt 0.404862 0.527366
vt 0.402424 0.526150
vt 0.399274 0.525365
vt 0.410309 0.541916
vt 0.408856 0.540524
vt 0.407083 0.539332
vt 0.405588 0.538535
vt 0.395831 0.524540
vt 0.392525 0.524001
vt 0.388377 0.524299
vt 0.384644 0.524441
vt 0.380873 0.524478
vt 0.364019 0.546482
vt 0.366161 0.544207
vt 0.368952 0.541901
vt 0.371564 0.540286
vt 0.374329 0.538941
vt 0.377517 0.537556
vt 0.380598 0.536544
vt 0.383778 0.535717
vt 0.387018 0.535564
vt 0.389812 0.535389
vt 0.392811 0.535290
vt 0.395407 0.535725
vt 0.397958 0.536088
vt 0.400148 0.536560
vt 0.403968 0.537902
vt 0.402167 0.537229
vt 0.406781 0.544420
vt 0.405194 0.545908
vt 0.403781 0.545216
vt 0.405446 0.543602
vt 0.408008 0.545769
vt 0.406319 0.547107
vt 0.407887 0.548584
vt 0.409505 0.547328
vt 0.411247 0.548734
vt 0.409462 0.549797
vt 0.412709 0.550161
vt 0.410791 0.551209
vt 0.412075 0.552895
vt 0.413942 0.552008
vt 0.413005 0.554486
vt 0.415179 0.553740
vt 0.415972 0.555029
vt 0.413707 0.555665
vt 0.414125 0.556807
vt 0.416565 0.556400
vt 0.416864 0.557918
vt 0.414375 0.558051
vt 0.402648 0.544739
vt 0.404246 0.543019
vt 0.401353 0.544327
vt 0.402829 0.542647
vt 0.399883 0.543965
vt 0.401122 0.542214
vt 0.398183 0.543552
vt 0.399247 0.541862
vt 0.396660 0.543163
vt 0.397583 0.541555
vt 0.394783 0.543001
vt 0.395469 0.541185
vt 0.392884 0.542915
vt 0.393073 0.541028
vt 0.390645 0.542919
vt 0.390666 0.541049
vt 0.388766 0.542898
vt 0.388254 0.541174
vt 0.386138 0.542916
vt 0.385182 0.541367
vt 0.383690 0.543376
vt 0.382594 0.542005
vt 0.380803 0.543886
vt 0.379618 0.542638
vt 0.416989 0.559365
vt 0.414401 0.559343
vt 0.416704 0.560739
vt 0.414246 0.560602
vt 0.416403 0.562162
vt 0.413910 0.561864
vt 0.364927 0.556194
vt 0.367318 0.556224
vt 0.365194 0.554590
vt 0.367556 0.554823
vt 0.365715 0.552701
vt 0.368032 0.553093
vt 0.366760 0.550846
vt 0.368889 0.551401
vt 0.368271 0.548772
vt 0.370282 0.549602
vt 0.369727 0.547416
vt 0.371772 0.548188
vt 0.371895 0.545730
vt 0.373722 0.546670
vt 0.374236 0.544523
vt 0.375879 0.545540
vt 0.378217 0.544675
vt 0.376743 0.543590
vt 0.396161 0.545165
vt 0.159122 0.629966
vt 0.157683 0.630017
vt 0.394431 0.544946
vt 0.156505 0.630264
vt 0.392887 0.544860
vt 0.154564 0.631159
vt 0.390652 0.544871
vt 0.152733 0.632178
vt 0.388750 0.544697
vt 0.151142 0.633996
vt 0.386276 0.544815
vt 0.149830 0.636112
vt 0.383810 0.545039
vt 0.381128 0.545370
vt 0.149202 0.638543
vt 0.149508 0.640973
vt 0.378755 0.545954
vt 0.150036 0.643297
vt 0.376640 0.546722
vt 0.397632 0.545478
vt 0.160383 0.630124
vt 0.399225 0.545848
vt 0.161741 0.630389
vt 0.400582 0.546354
vt 0.162976 0.631132
vt 0.401839 0.546750
vt 0.163980 0.631818
vt 0.402918 0.547172
vt 0.164934 0.632657
vt 0.404205 0.547818
vt 0.165781 0.633810
vt 0.405349 0.548853
vt 0.166657 0.635218
vt 0.406907 0.550013
vt 0.167975 0.636538
vt 0.150966 0.645508
vt 0.374694 0.547739
vt 0.152106 0.647098
vt 0.373072 0.548940
vt 0.153738 0.648528
vt 0.371719 0.550259
vt 0.155520 0.649489
vt 0.370566 0.551813
vt 0.157039 0.650260
vt 0.369831 0.553295
vt 0.158548 0.650917
vt 0.369246 0.554868
vt 0.159429 0.651289
vt 0.369045 0.555978
vt 0.160342 0.651517
vt 0.412055 0.561731
vt 0.167242 0.647526
vt 0.412294 0.560571
vt 0.167700 0.646616
vt 0.412328 0.559466
vt 0.168142 0.645661
vt 0.412208 0.558370
vt 0.168569 0.644797
vt 0.411985 0.557364
vt 0.168838 0.643814
vt 0.411611 0.556419
vt 0.169124 0.642301
vt 0.411030 0.555145
vt 0.169148 0.640719
vt 0.410258 0.553763
vt 0.169148 0.638838
vt 0.409276 0.552092
vt 0.168592 0.637485
vt 0.408085 0.550881
vt 0.164875 0.635588
vt 0.165346 0.636537
vt 0.163754 0.634581
vt 0.162362 0.633531
vt 0.161729 0.632926
vt 0.160520 0.632581
vt 0.159703 0.632501
vt 0.158987 0.632280
vt 0.158121 0.632515
vt 0.157048 0.632802
vt 0.155520 0.633304
vt 0.154046 0.634479
vt 0.152971 0.635602
vt 0.152016 0.637584
vt 0.151858 0.639595
vt 0.151914 0.641284
vt 0.152288 0.643119
vt 0.153050 0.644840
vt 0.153997 0.645959
vt 0.155875 0.647486
vt 0.166198 0.637649
vt 0.166941 0.638605
vt 0.167118 0.639598
vt 0.167181 0.640750
vt 0.167136 0.641991
vt 0.156797 0.648193
vt 0.158013 0.648588
vt 0.158959 0.648494
vt 0.159889 0.648511
vt 0.166677 0.642735
vt 0.166427 0.643635
vt 0.166356 0.644530
vt 0.165656 0.645371
vt 0.165032 0.646092
vt 0.160525 0.649259
vt 0.161167 0.638801
vt 0.160059 0.637978
vt 0.162062 0.640093
vt 0.161784 0.641525
vt 0.160930 0.642694
vt 0.159814 0.643269
vt 0.158563 0.637728
vt 0.157019 0.638376
vt 0.156112 0.640075
vt 0.158326 0.643319
vt 0.157193 0.642690
vt 0.156424 0.641825
vt 0.158230 0.640019
vt 0.159414 0.639315
vt 0.157170 0.640794
vt 0.160395 0.640643
vt 0.159385 0.641319
vt 0.158485 0.641942
vt 0.410012 0.064627
vt 0.374590 0.062571
vt 0.444259 0.061648
vt 0.660234 0.910236
vt 0.645249 0.919332
vt 0.523521 0.044639
vt 0.691096 0.890743
vt 0.580876 0.035511
vt 0.787996 0.891856
vt 0.670687 0.060962
vt 0.653115 0.046486
vt 0.636148 0.038212
vt 0.617675 0.034049
vt 0.502204 0.050691
vt 0.477501 0.056555
vt 0.339422 0.058430
vt 0.305452 0.051603
vt 0.276640 0.043021
vt 0.246749 0.029774
vt 0.221568 0.019373
vt 0.200568 0.013832
vt 0.178806 0.012537
vt 0.292628 0.856227
vt 0.134695 0.030026
vt 0.162716 0.015179
vt 0.120880 0.045768
vt 0.106923 0.071099
vt 0.095462 0.100090
vt 0.084240 0.129625
vt 0.813637 0.908576
vt 0.841588 0.931115
vt 0.069096 0.163001
vt 0.867894 0.952859
vt 0.889812 0.968035
vt 0.910927 0.979051
vt 0.085258 0.981769
vt 0.137113 0.961168
vt 0.110095 0.973331
vt 0.159118 0.634964
vt 0.158360 0.635167
vt 0.156874 0.635532
vt 0.155801 0.636786
vt 0.154425 0.638183
vt 0.154089 0.639861
vt 0.154410 0.641841
vt 0.154737 0.643371
vt 0.155710 0.644429
vt 0.156537 0.645233
vt 0.157941 0.645629
vt 0.159086 0.646054
vt 0.160768 0.645896
vt 0.161987 0.645582
vt 0.163138 0.644561
vt 0.164053 0.643648
vt 0.164334 0.642362
vt 0.164303 0.641367
vt 0.164350 0.639879
vt 0.163938 0.639059
vt 0.163126 0.637665
vt 0.162456 0.636901
vt 0.161128 0.635927
vt 0.160390 0.635449
vt 0.163092 0.637174
vt 0.160836 0.635539
vt 0.158817 0.634836
vt 0.156224 0.635884
vt 0.154055 0.638937
vt 0.154547 0.642604
vt 0.158581 0.646050
vt 0.161453 0.645968
vt 0.163804 0.644182
vt 0.164378 0.639475
vt 0.164506 0.641951
vt 0.406709 0.551996
vt 0.405864 0.551371
vt 0.407732 0.552957
vt 0.408466 0.554461
vt 0.409106 0.555672
vt 0.409582 0.556922
vt 0.409918 0.557759
vt 0.410115 0.558583
vt 0.410301 0.559499
vt 0.410421 0.560419
vt 0.370587 0.556538
vt 0.370669 0.555668
vt 0.370898 0.554809
vt 0.371561 0.553514
vt 0.372170 0.552288
vt 0.373038 0.550986
vt 0.374198 0.549730
vt 0.375473 0.548818
vt 0.377198 0.547932
vt 0.404467 0.550583
vt 0.403444 0.549718
vt 0.402296 0.549086
vt 0.401128 0.548675
vt 0.399974 0.548296
vt 0.398580 0.547691
vt 0.397110 0.547380
vt 0.395739 0.547175
vt 0.379063 0.547278
vt 0.381241 0.546788
vt 0.383664 0.546632
vt 0.386098 0.546610
vt 0.388523 0.546467
vt 0.390672 0.546700
vt 0.392874 0.546788
vt 0.394182 0.546940
vt 0.367168 0.557742
vt 0.368918 0.557127
vt 0.359386 0.558533
vt 0.364714 0.558062
vt 0.410347 0.561459
vt 0.497293 0.529807
vt 0.470758 0.544996
vt 0.433492 0.561010
vt 0.530046 0.510049
vt 0.562658 0.486357
vt 0.182172 0.458210
vt 0.629608 0.430849
vt 0.670014 0.387573
vt 0.695373 0.356867
vt 0.724278 0.317685
vt 0.769415 0.250661
vt 0.032287 0.271613
vt 0.774135 0.243493
vt 0.774939 0.242642
vt 0.433815 0.526668
vt 0.430860 0.524539
vt 0.427892 0.522193
vt 0.425073 0.520274
vt 0.422106 0.518405
vt 0.418849 0.516219
vt 0.415835 0.514561
vt 0.412811 0.513032
vt 0.409657 0.511883
vt 0.406376 0.510601
vt 0.402217 0.509552
vt 0.397556 0.508700
vt 0.392769 0.507951
vt 0.387176 0.508345
vt 0.381761 0.508379
vt 0.376692 0.508649
vt 0.371402 0.510013
vt 0.366405 0.512372
vt 0.361308 0.514736
vt 0.356625 0.517445
vt 0.352140 0.520470
vt 0.346246 0.524796
vt 0.341467 0.529179
vt 0.336795 0.534912
vt 0.333215 0.541139
vt 0.330770 0.545508
vt 0.329607 0.550337
vt 0.451378 0.555150
vt 0.328681 0.554655
vt 0.449913 0.550522
vt 0.448020 0.546303
vt 0.445893 0.542465
vt 0.443995 0.538394
vt 0.441875 0.534927
vt 0.438633 0.531800
vt 0.435834 0.528743
vt 0.980420 0.392201
vt 0.346410 0.620594
vt 0.337118 0.641125
vt 0.330018 0.666023
vt 0.322307 0.698006
vt 0.316132 0.733385
vt 0.320801 0.764310
vt 0.326563 0.787837
vt 0.331546 0.806617
vt 0.333821 0.822435
vt 0.337931 0.837927
vt 0.401040 0.580843
vt 0.927372 0.370476
vt 0.918496 0.369169
vt 0.913651 0.368317
vt 0.908706 0.367095
vt 0.900255 0.364875
vt 0.876460 0.359846
vt 0.846954 0.357052
vt 0.816710 0.357315
vt 0.796099 0.359367
vt 0.789202 0.360364
vt 0.784441 0.360895
vt 0.780289 0.361377
vt 0.773217 0.361876
vt 0.755816 0.363219
vt 0.731992 0.366986
vt 0.713427 0.373285
vt 0.699807 0.383455
vt 0.692677 0.399246
vt 0.690127 0.419530
vt 0.689370 0.442720
vt 0.690606 0.468189
vt 0.693374 0.500664
vt 0.962650 0.381913
vt 0.722409 0.830575
vt 0.719470 0.804276
vt 0.717777 0.764500
vt 0.576645 0.329918
vt 0.583548 0.343525
vt 0.594639 0.353206
vt 0.606353 0.364781
vt 0.619600 0.378155
vt 0.633928 0.392948
vt 0.651226 0.408788
vt 0.127991 0.403947
vt 0.145080 0.384668
vt 0.161516 0.365121
vt 0.176615 0.343879
vt 0.192142 0.322102
vt 0.164912 0.647011
vt 0.166610 0.648466
vt 0.934075 0.987299
vt 0.084926 0.980718
vt 0.935033 0.984257
vt 0.935807 0.981834
vt 0.081803 0.971342
vt 0.069603 0.898716
vt 0.071732 0.912830
vt 0.073754 0.927137
vt 0.078893 0.958900
vt 0.697539 0.541772
vt 0.730182 0.710856
vt 0.380291 0.589815
vt 0.943727 0.374544
vt 0.361383 0.602922
vt 0.714712 0.679212
vt 0.702385 0.654513
vt 0.691855 0.631653
vt 0.680762 0.612554
vt 0.669055 0.597874
vt 0.653914 0.586915
vt 0.634018 0.578851
vt 0.608245 0.573871
vt 0.589168 0.571965
vt 0.581169 0.571331
vt 0.576435 0.570868
vt 0.571090 0.569988
vt 0.563384 0.568713
vt 0.540836 0.565604
vt 0.507989 0.564003
vt 0.475832 0.566030
vt 0.449599 0.570066
vt 0.440123 0.572098
vt 0.434533 0.573150
vt 0.429082 0.574053
vt 0.419155 0.575867
vt 0.995238 0.405887
vt 0.340091 0.619434
vt 0.887873 0.884699
vt 0.907894 0.893779
vt 0.929056 0.900618
vt 0.949234 0.904257
vt 0.837647 0.732487
vt 0.092695 0.891352
vt 0.116068 0.881495
vt 0.901309 0.704467
vt 0.735536 0.650228
vt 0.799122 0.824427
vt 0.333969 0.618069
vt 0.774150 0.792911
vt 0.846107 0.862313
vt 0.867431 0.874912
vt 0.916925 0.690519
vt 0.174295 0.847743
vt 0.196165 0.830454
vt 0.219011 0.810438
vt 0.241017 0.785865
vt 0.262579 0.752375
vt 0.280031 0.718457
vt 0.294834 0.686549
vt 0.307863 0.655028
vt 0.318428 0.633502
vt 0.327581 0.616011
vt 0.318473 0.837390
vt 0.307097 0.834204
vt 0.288325 0.831190
vt 0.266944 0.830932
vt 0.243464 0.837800
vt 0.218266 0.856866
vt 0.195538 0.876716
vt 0.173009 0.895376
vt 0.149297 0.911830
vt 0.124919 0.924847
vt 0.099915 0.935011
vt 0.075897 0.941630
vt 0.945351 0.947585
vt 0.921642 0.941266
vt 0.899459 0.933199
vt 0.878905 0.922029
vt 0.856240 0.907621
vt 0.830149 0.888576
vt 0.802502 0.870041
vt 0.773872 0.851823
vt 0.745876 0.845504
vt 0.724922 0.844273
vn 0.030344 -0.089254 -0.995547
vn 0.059179 0.135973 -0.988944
vn -0.299945 0.194180 -0.933985
vn -0.299088 -0.037631 -0.953483
vn -0.634926 0.267931 -0.724625
vn -0.631787 -0.011372 -0.775059
vn -0.801348 0.047295 -0.596325
vn -0.803729 0.319641 -0.501846
vn 0.358418 0.101010 -0.928080
vn 0.319421 -0.164785 -0.933175
vn 0.673034 0.102905 -0.732418
vn 0.631148 -0.169139 -0.756997
vn 0.853565 -0.040938 -0.519376
vn 0.866748 0.203805 -0.455204
vn 0.926281 0.281642 -0.250362
vn 0.938206 0.073756 -0.338128
vn -0.880008 0.341860 -0.329725
vn -0.903570 0.181610 -0.388044
vn 0.949676 0.280555 -0.139300
vn 0.972203 0.087822 -0.217048
vn 0.961725 0.233128 -0.144000
vn 0.980019 0.043138 -0.194168
vn -0.905517 0.370599 -0.206631
vn -0.931641 0.230579 -0.280854
vn -0.929111 0.243949 -0.277924
vn -0.893709 0.403778 -0.195569
vn -0.877942 0.408855 -0.249111
vn -0.923601 0.221532 -0.312865
vn -0.867782 0.384994 -0.314221
vn -0.925700 0.180316 -0.332515
vn -0.944878 0.154655 -0.288597
vn -0.932130 0.155851 -0.326870
vn -0.874290 0.333442 -0.352751
vn -0.889679 0.292249 -0.350803
vn -0.901064 0.288948 -0.323409
vn -0.957127 0.173740 -0.231781
vn -0.928848 0.293946 -0.225471
vn -0.971767 0.200528 -0.124329
vn -0.939892 0.340724 0.022588
vn -0.954001 0.276193 0.116617
vn -0.867394 0.384770 0.315562
vn -0.856731 0.329513 0.396778
vn -0.721069 0.455832 0.521802
vn -0.699642 0.393483 0.596383
vn -0.482179 0.609407 0.629386
vn -0.455416 0.537874 0.709428
vn -0.274347 0.743463 0.609915
vn -0.247561 0.682823 0.687361
vn -0.116643 0.822631 0.556483
vn -0.105521 0.757475 0.644280
vn -0.023924 0.719907 0.693658
vn -0.001859 0.816406 0.577475
vn 0.046390 0.625414 0.778913
vn 0.099051 0.742950 0.661978
vn 0.264462 0.622704 0.736410
vn 0.227539 0.518416 0.824300
vn 0.573124 0.498248 0.650598
vn 0.541857 0.407729 0.734948
vn 0.825233 0.423164 0.374064
vn 0.815486 0.302536 0.493411
vn 0.981819 0.182843 0.050994
vn 0.963966 0.210474 0.162698
vn 0.947818 0.317812 0.025241
vn 0.957807 0.279810 -0.065666
vn 0.990325 0.025766 -0.136358
vn 0.989001 0.141843 -0.041922
vn 0.958723 0.241562 -0.149990
vn 0.959469 0.155783 -0.234844
vn 0.952090 0.105186 -0.287158
vn 0.975650 -0.076415 -0.205592
vn 0.965781 -0.073951 -0.248592
vn 0.945616 0.146402 -0.290477
vn 0.970744 -0.006052 -0.240042
vn 0.954059 0.193315 -0.228910
vn -0.945016 0.211664 0.249286
vn -0.938321 0.222639 0.264547
vn -0.972437 0.211287 0.098610
vn -0.979364 0.189966 0.068992
vn -0.906521 0.237999 -0.348678
vn -0.885785 0.300605 -0.353585
vn -0.877336 0.330675 -0.347758
vn -0.895388 0.301354 -0.327820
vn -0.878272 0.326564 -0.349277
vn -0.875587 0.330112 -0.352667
vn -0.925665 0.299857 -0.230715
vn -0.908170 0.304339 -0.287412
vn -0.913904 0.259517 -0.312139
vn -0.919171 0.171021 -0.354790
vn -0.921437 0.118545 -0.370001
vn -0.925590 0.207600 -0.316520
vn -0.905277 0.070373 -0.418952
vn -0.918776 0.162210 -0.359914
vn -0.854129 0.032651 -0.519035
vn -0.876334 0.125947 -0.464948
vn 0.950770 0.196993 -0.239227
vn 0.967953 0.146059 -0.204288
vn 0.964431 0.198848 -0.174160
vn 0.941549 0.249810 -0.226012
vn 0.965480 0.066950 -0.251726
vn 0.968026 0.128294 -0.215562
vn 0.920498 0.014552 -0.390477
vn 0.931176 0.098595 -0.350985
vn 0.799788 -0.040528 -0.598913
vn 0.829150 0.054287 -0.556384
vn 0.574010 -0.103531 -0.812277
vn 0.610468 -0.019422 -0.791803
vn 0.296678 -0.142458 -0.944292
vn 0.324138 -0.069275 -0.943470
vn 0.018627 -0.169284 -0.985391
vn 0.038863 -0.099789 -0.994249
vn -0.256438 -0.174392 -0.950698
vn -0.263797 -0.098009 -0.959586
vn -0.527234 -0.120145 -0.841184
vn -0.563419 -0.033757 -0.825481
vn -0.775023 0.062789 -0.628806
vn -0.741656 -0.030635 -0.670080
vn 0.927526 0.237633 -0.288491
vn 0.940433 0.199406 -0.275360
vn 0.959644 0.153751 -0.235464
vn 0.933182 0.198931 -0.299330
vn 0.973339 0.157207 -0.167026
vn 0.953237 0.189306 -0.235591
vn 0.961678 0.239310 -0.133814
vn 0.974165 0.204137 -0.096592
vn 0.863979 0.358718 0.353357
vn 0.934864 0.296737 0.194874
vn 0.936200 0.333229 0.111747
vn 0.889712 0.382843 0.248683
vn 0.494045 0.496556 0.713689
vn 0.728501 0.409943 0.548847
vn 0.780527 0.440490 0.443562
vn 0.541451 0.542261 0.642483
vn 0.305098 0.664571 0.682100
vn 0.135647 0.739891 0.658909
vn 0.113286 0.653577 0.748334
vn 0.275791 0.598710 0.751988
vn 0.001907 0.759255 0.650790
vn -0.013347 0.661308 0.749996
vn -0.127800 0.715318 0.687014
vn -0.129478 0.620260 0.773637
vn -0.258241 0.547123 0.796221
vn -0.267190 0.623258 0.734955
vn -0.420679 0.462368 0.780542
vn -0.443631 0.510437 0.736645
vn -0.656157 0.409338 0.633956
vn -0.620785 0.384093 0.683446
vn -0.791186 0.344279 0.505466
vn -0.823739 0.367458 0.431775
vn -0.908169 0.288709 0.303110
vn -0.926322 0.317396 0.202949
vn -0.958457 0.278718 -0.060638
vn -0.959242 0.282543 0.004891
vn 0.072438 0.515259 0.853968
vn -0.039459 0.512621 0.857708
vn -0.058278 0.381672 0.922459
vn 0.036076 0.377641 0.925249
vn -0.132429 0.484472 0.864725
vn -0.133784 0.371748 0.918643
vn 0.180348 0.352984 0.918083
vn 0.233270 0.479085 0.846205
vn 0.431819 0.407700 0.804558
vn 0.359013 0.317211 0.877774
vn -0.228199 0.350737 0.908245
vn -0.242586 0.440468 0.864372
vn -0.362172 0.324104 0.873949
vn -0.393269 0.387868 0.833605
vn -0.570047 0.344359 0.745965
vn -0.514130 0.302512 0.802594
vn -0.645702 0.287634 0.707344
vn -0.721703 0.318088 0.614789
vn -0.948227 0.183884 0.258945
vn -0.986130 0.155997 0.056677
vn -0.943865 0.151028 0.293784
vn -0.990566 0.110676 0.080812
vn -0.938910 0.084404 0.333653
vn -0.993760 0.018786 0.109943
vn -0.494883 -0.597254 -0.631172
vn -0.300743 -0.750201 -0.588857
vn -0.499708 -0.799680 -0.332871
vn -0.737025 -0.565855 -0.369597
vn -0.147954 -0.792272 -0.591959
vn -0.068476 -0.806152 -0.587732
vn -0.170550 -0.934377 -0.312814
vn -0.289360 -0.897901 -0.331731
vn -0.012130 -0.822477 -0.568669
vn -0.078601 -0.957368 -0.277973
vn -0.095998 -0.968848 -0.228293
vn -0.017554 -0.971204 -0.237600
vn 0.019638 -0.846850 -0.531469
vn -0.028940 -0.858298 -0.512334
vn -0.849315 -0.345435 -0.399173
vn -0.617983 -0.448135 -0.645966
vn -0.092453 -0.843854 -0.528549
vn -0.185919 -0.950857 -0.247599
vn -0.083984 -0.847100 -0.524755
vn -0.040665 -0.876779 -0.479171
vn -0.088150 -0.979122 -0.183165
vn -0.152863 -0.961503 -0.228351
vn 0.024674 -0.898409 -0.438466
vn -0.005096 -0.988628 -0.150299
vn 0.083671 -0.901443 -0.424736
vn 0.071163 -0.986998 -0.144124
vn 0.078704 -0.983035 -0.165672
vn 0.158637 -0.973033 -0.167457
vn 0.147248 -0.880067 -0.451443
vn 0.062068 -0.887936 -0.455761
vn 0.004351 -0.991548 -0.129667
vn -0.048395 -0.990564 -0.128220
vn -0.079086 -0.895900 -0.437160
vn -0.021092 -0.901177 -0.432938
vn 0.104403 -0.984332 -0.142093
vn 0.058394 -0.903172 -0.425289
vn -0.065580 -0.884805 -0.461323
vn -0.038045 -0.986630 -0.158475
vn 0.220558 -0.879901 -0.420865
vn 0.317999 -0.933150 -0.167656
vn 0.470933 -0.726200 -0.500855
vn 0.649846 -0.709516 -0.272558
vn 0.598209 -0.505400 -0.621865
vn 0.615003 -0.432438 -0.659371
vn 0.821512 -0.309508 -0.478877
vn 0.813179 -0.404080 -0.418879
vn 0.621645 -0.432932 -0.652785
vn 0.604010 -0.454730 -0.654518
vn 0.811215 -0.328598 -0.483687
vn 0.823976 -0.310079 -0.474252
vn 0.573967 -0.461826 -0.676224
vn 0.785374 -0.320970 -0.529307
vn -0.230534 -0.557323 0.797650
vn -0.318021 -0.563155 0.762706
vn -0.293190 -0.345040 0.891620
vn -0.229938 -0.340261 0.911784
vn -0.193050 -0.338134 0.921085
vn -0.159447 -0.556522 0.815389
vn -0.199427 -0.379228 0.903557
vn -0.203094 -0.630034 0.749540
vn -0.088815 -0.656221 0.749324
vn -0.097436 -0.391093 0.915179
vn -0.286843 -0.592530 0.752748
vn -0.274766 -0.358251 0.892278
vn 0.018080 -0.651903 0.758087
vn -0.004377 -0.384571 0.923085
vn 0.108550 -0.337021 0.935219
vn 0.131501 -0.583825 0.801159
vn 0.090137 -0.569704 0.816892
vn 0.082951 -0.323052 0.942739
vn 0.028874 -0.573303 0.818834
vn 0.039410 -0.321164 0.946203
vn 0.135316 -0.978846 -0.153462
vn 0.133731 -0.891677 -0.432468
vn 0.074218 -0.355662 0.931663
vn 0.101271 -0.617223 0.780244
vn 0.042751 -0.567920 0.821973
vn 0.093792 -0.570409 0.815988
vn 0.098255 -0.323760 0.941024
vn 0.052292 -0.318503 0.946478
vn 0.192582 -0.553163 0.810508
vn 0.410680 -0.455241 0.789999
vn 0.366354 -0.230793 0.901399
vn 0.193889 -0.311303 0.930321
vn 0.691275 -0.265907 0.671887
vn 0.577477 -0.106211 0.809469
vn 0.755817 0.008716 0.654725
vn 0.897247 -0.052122 0.438441
vn 0.961814 0.046193 0.269779
vn 0.859548 0.090933 0.502900
vn 0.896068 0.112687 0.429377
vn 0.894800 0.107723 0.433276
vn 0.970237 0.070302 0.231730
vn 0.960220 0.092727 0.263400
vn 0.952966 0.108249 0.283088
vn 0.883350 0.127060 0.451164
vn 0.950629 0.117066 0.287404
vn 0.879707 0.130944 0.457133
vn 0.883962 0.133024 0.448236
vn 0.951577 0.122404 0.281989
vn 0.519002 0.293896 0.802659
vn 0.622241 0.354828 0.697792
vn 0.919815 0.186167 0.345371
vn 0.870570 0.279771 0.404766
vn 0.760944 0.255540 0.596375
vn 0.841540 0.184972 0.507539
vn 0.945234 0.130117 0.299335
vn 0.876063 0.138492 0.461880
vn 0.966116 0.258100 0.002300
vn 0.963897 0.197585 0.178502
vn 0.975452 0.216155 0.042087
vn 0.991465 0.121312 -0.047757
vn 0.987328 0.158534 -0.007139
vn 0.982793 0.128068 0.133100
vn 0.988192 0.110114 0.106541
vn 0.779963 -0.312700 -0.542104
vn 0.568258 -0.492616 -0.659100
vn 0.987711 0.067196 0.141108
vn 0.998823 0.000586 0.048494
vn 0.999542 -0.009761 -0.028638
vn 0.998017 0.041019 0.047746
vn 0.997373 0.069051 0.021907
vn 0.983901 0.090099 0.154342
vn 0.996526 0.041619 -0.072137
vn 0.996515 0.082441 -0.012696
vn 0.985519 0.101544 0.135798
vn -0.335336 -0.520511 0.785251
vn -0.314332 -0.289539 0.904081
vn -0.411332 -0.242758 0.878564
vn -0.471361 -0.469039 0.746874
vn -0.238021 -0.319211 0.917306
vn -0.218374 -0.547370 0.807898
vn -0.752874 -0.158018 0.638913
vn -0.626778 -0.337726 0.702204
vn -0.522014 -0.181574 0.833386
vn -0.633861 -0.065742 0.770648
vn -0.673166 0.054235 0.737499
vn -0.818459 0.003165 0.574556
vn -0.249188 -0.320977 -0.913717
vn -0.254000 -0.232665 -0.938803
vn -0.005250 -0.231549 -0.972809
vn -0.019941 -0.328522 -0.944286
vn -0.436895 -0.294750 -0.849850
vn -0.488209 -0.192389 -0.851257
vn -0.625475 -0.223035 -0.747688
vn -0.696835 -0.108831 -0.708926
vn -0.775004 -0.127311 -0.619000
vn -0.823885 -0.031364 -0.565889
vn 0.276778 -0.225678 -0.934058
vn 0.260639 -0.344054 -0.902050
vn 0.544129 -0.211827 -0.811821
vn 0.500007 -0.349173 -0.792510
vn 0.845946 -0.222986 -0.484409
vn 0.691892 -0.308068 -0.652978
vn 0.753413 -0.170993 -0.634925
vn 0.891424 -0.104413 -0.440977
vn 0.924223 -0.133267 -0.357844
vn 0.950971 -0.035168 -0.307274
vn -0.859126 -0.045893 -0.509702
vn -0.887863 0.027696 -0.459273
vn -0.899480 -0.012003 -0.436798
vn -0.912679 0.064865 -0.403496
vn -0.902285 0.009659 -0.431032
vn -0.916898 0.081077 -0.390800
vn -0.913920 0.127711 -0.385279
vn -0.906542 0.106074 -0.408570
vn -0.912610 0.182368 -0.365903
vn -0.905034 0.222246 -0.362658
vn 0.994694 0.093265 -0.043423
vn 0.984901 0.108655 -0.134775
vn 0.953655 0.141587 -0.265510
vn 0.959932 0.144376 -0.240180
vn 0.974607 0.112171 -0.193802
vn 0.961905 0.115066 -0.247990
vn 0.985767 0.089591 -0.142254
vn 0.972557 0.078747 -0.218935
vn 0.992263 0.070736 -0.102033
vn 0.975298 0.014458 -0.220421
vn 0.576363 -0.540522 -0.612896
vn 0.784747 -0.324693 -0.527964
vn 0.564184 -0.581588 -0.586048
vn 0.780164 -0.352805 -0.516597
vn 0.965581 0.058020 -0.253550
vn 0.957636 0.115955 -0.263604
vn 0.953299 0.065537 -0.294832
vn 0.952777 -0.021343 -0.302920
vn 0.501118 -0.655950 -0.564456
vn 0.731629 -0.442196 -0.518827
vn 0.543620 -0.635548 -0.548230
vn 0.639471 -0.563995 -0.522480
vn 0.430960 -0.739581 -0.517005
vn 0.414027 -0.760424 -0.500337
vn 0.315918 -0.534467 -0.783927
vn 0.321502 -0.529185 -0.785239
vn 0.299596 -0.552222 -0.778006
vn -0.743031 0.256169 0.618290
vn -0.818479 0.276766 0.503481
vn -0.768243 0.230047 0.597395
vn -0.849424 0.247423 0.466113
vn -0.929943 0.271521 0.247957
vn -0.959293 0.277562 0.052124
vn -0.918232 0.234915 -0.318851
vn -0.898716 0.280521 -0.337072
vn -0.935988 0.273464 -0.221684
vn -0.910873 0.306521 -0.276324
vn -0.954499 0.276343 -0.112104
vn -0.747787 0.220795 0.626150
vn -0.754979 0.220858 0.617437
vn -0.864256 0.226578 0.449138
vn -0.865095 0.224638 0.448496
vn -0.862219 0.197950 0.466256
vn -0.737521 0.197905 0.645676
vn -0.714692 0.168062 0.678948
vn -0.847829 0.168803 0.502684
vn -0.687508 0.127565 0.714885
vn -0.831778 0.120245 0.541929
vn 0.306328 -0.580222 -0.754656
vn 0.261067 -0.701130 -0.663522
vn 0.091294 -0.770676 -0.630653
vn 0.003890 -0.762722 -0.646715
vn -0.099269 -0.748206 -0.655998
vn -0.041905 -0.750681 -0.659335
vn 0.134836 -0.740340 -0.658571
vn 0.058895 -0.750767 -0.657936
vn -0.078383 -0.735724 -0.672731
vn 0.086193 -0.756702 -0.648053
vn 0.121709 -0.756002 -0.643155
vn 0.001346 -0.721215 -0.692710
vn 0.048618 -0.746773 -0.663300
vn -0.015594 -0.684272 -0.729060
vn 0.026167 -0.692108 -0.721319
vn -0.027007 -0.690052 -0.723256
vn 0.055256 -0.666664 -0.743307
vn 0.021924 -0.643177 -0.765403
vn 0.047521 -0.647289 -0.760762
vn -0.018902 -0.648776 -0.760745
vn -0.099511 -0.648044 -0.755074
vn -0.224403 -0.579887 -0.783182
vn -0.330852 -0.519176 -0.788031
vn -0.446486 -0.462134 -0.766213
vn -0.717528 -0.336224 -0.610006
vn -0.541746 -0.413772 -0.731645
vn -0.808293 -0.210495 -0.549867
vn 0.438329 -0.732431 -0.520973
vn 0.453735 -0.659558 -0.599256
vn -0.234897 -0.199085 0.951414
vn -0.220443 -0.192026 0.956311
vn -0.275862 -0.205392 0.938997
vn -0.244220 -0.060970 0.967801
vn -0.247623 0.037877 0.968116
vn -0.244626 0.038767 0.968842
vn -0.243764 -0.055683 0.968235
vn -0.263264 -0.067067 0.962390
vn -0.259991 0.035005 0.964976
vn -0.649455 0.207779 0.731462
vn -0.665168 0.210356 0.716451
vn -0.631358 0.183955 0.753358
vn -0.569978 0.112480 0.813925
vn -0.604243 0.149944 0.782565
vn -0.544296 0.057641 0.836911
vn -0.525849 -0.024300 0.850231
vn -0.438525 -0.077042 0.895411
vn -0.367214 -0.115381 0.922952
vn -0.307134 -0.146115 0.940382
vn -0.258628 -0.173090 0.950343
vn -0.193168 -0.216038 0.957086
vn -0.098764 -0.214414 0.971737
vn -0.258879 -0.210301 0.942738
vn -0.008824 -0.203697 0.978994
vn -0.169787 -0.058936 0.983717
vn -0.088941 -0.054440 0.994548
vn -0.232665 -0.064180 0.970437
vn 0.063405 -0.185096 0.980673
vn -0.013403 -0.052591 0.998526
vn 0.048463 -0.053027 0.997416
vn 0.042818 -0.169896 0.984531
vn 0.082421 -0.171790 0.981680
vn 0.101986 -0.179149 0.978522
vn 0.187333 -0.156869 0.969690
vn 0.104755 -0.167064 0.980365
vn 0.055567 -0.169266 0.984003
vn 0.327174 -0.103462 0.939283
vn 0.493347 -0.028676 0.869359
vn 0.657955 0.058260 0.750800
vn 0.760539 0.124159 0.637311
vn 0.734374 0.120604 0.667944
vn 0.770973 0.127190 0.624038
vn 0.769792 0.137419 0.623326
vn 0.768370 0.135451 0.625509
vn 0.779389 0.138901 0.610949
vn 0.782413 0.145617 0.605497
vn 0.654356 0.234664 0.718854
vn 0.760161 0.176389 0.625334
vn 0.288547 0.254006 0.923159
vn 0.428522 0.253223 0.867322
vn 0.140827 0.267985 0.953075
vn -0.066573 0.290623 0.954519
vn 0.015883 0.281206 0.959516
vn -0.220536 0.285948 0.932522
vn -0.133525 0.290558 0.947495
vn -0.343757 0.277201 0.897213
vn -0.470348 0.263988 0.842071
vn -0.578923 0.251855 0.775511
vn -0.669307 0.235289 0.704746
vn -0.675946 0.216931 0.704300
vn -0.561833 0.218238 0.797945
vn -0.538699 0.186889 0.821509
vn -0.563438 0.194443 0.802951
vn -0.679218 0.220568 0.700009
vn -0.568395 0.207005 0.796289
vn -0.760976 0.236215 0.604250
vn -0.852008 0.250001 0.459980
vn -0.963372 0.244770 0.109556
vn -0.925096 0.253529 0.282703
vn -0.451000 0.223839 0.863999
vn -0.334227 0.229445 0.914138
vn -0.224228 0.232991 0.946275
vn -0.139580 0.233263 0.962344
vn -0.241717 0.099071 0.965276
vn -0.243368 0.118103 0.962717
vn -0.248800 0.119608 0.961141
vn -0.237069 0.100476 0.966283
vn -0.256884 0.101074 0.961142
vn -0.251912 0.118101 0.960517
vn -0.071481 0.229666 0.970641
vn 0.006098 0.221103 0.975231
vn 0.114648 0.213544 0.970183
vn 0.241212 0.213802 0.946628
vn 0.368405 0.219529 0.903374
vn 0.048137 -0.055711 0.997286
vn 0.083934 -0.053765 0.995020
vn 0.095230 -0.057812 0.993775
vn 0.052552 0.014130 0.998518
vn 0.079550 0.015684 0.996707
vn 0.087097 0.016528 0.996063
vn 0.195906 -0.032329 0.980090
vn 0.108866 -0.050316 0.992782
vn 0.059073 -0.054761 0.996751
vn 0.312421 0.002972 0.949939
vn 0.427868 0.048146 0.902558
vn 0.547050 0.091164 0.832121
vn 0.590035 0.128107 0.797149
vn 0.615830 0.122930 0.778230
vn 0.634683 0.128696 0.761981
vn -0.156390 0.031762 0.987185
vn -0.216025 0.033358 0.975818
vn -0.086378 0.026636 0.995906
vn -0.020708 0.021982 0.999544
vn 0.035857 0.018624 0.999183
vn 0.089627 0.105361 0.990387
vn 0.093875 0.105175 0.990013
vn 0.088444 0.084764 0.992468
vn 0.080788 0.086522 0.992969
vn 0.077312 0.089146 0.993014
vn 0.091585 0.107837 0.989941
vn -0.157167 0.093924 0.983096
vn -0.160944 0.107509 0.981091
vn -0.216232 0.113369 0.969738
vn -0.213195 0.098187 0.972063
vn -0.097346 0.088702 0.991290
vn -0.098050 0.102696 0.989869
vn -0.035402 0.085004 0.995752
vn -0.032822 0.102094 0.994233
vn 0.030206 0.104392 0.994077
vn 0.025271 0.083581 0.996181
vn 0.104174 0.122318 0.987009
vn 0.095511 0.118421 0.988359
vn 0.091739 0.122469 0.988223
vn -0.019801 0.130593 0.991238
vn 0.035728 0.133284 0.990434
vn -0.090745 0.128210 0.987587
vn -0.164564 0.129044 0.977889
vn -0.220478 0.133042 0.966276
vn -0.254046 0.127407 0.958764
vn -0.249923 0.128738 0.959669
vn -0.265095 0.133683 0.954910
vn -0.273882 -0.043126 0.960796
vn -0.308738 -0.029405 0.950692
vn -0.359299 -0.010655 0.933162
vn -0.420782 0.019231 0.906958
vn -0.450334 0.081476 0.889135
vn 0.074886 0.053930 0.995733
vn 0.061014 0.055176 0.996611
vn 0.082603 0.053899 0.995124
vn -0.029160 0.061325 0.997692
vn 0.027289 0.056382 0.998036
vn -0.090990 0.068292 0.993507
vn -0.154826 0.075512 0.985052
vn -0.211648 0.080250 0.974046
vn -0.244688 0.082547 0.966082
vn -0.262498 0.083877 0.961280
vn -0.233665 0.080490 0.968980
vn -0.369024 0.056466 0.927703
vn -0.306786 0.042916 0.950811
vn -0.270856 0.039020 0.961829
vn -0.485705 0.124157 0.865260
vn -0.391790 0.103353 0.914231
vn -0.308109 0.087033 0.947362
vn -0.259875 0.081643 0.962185
vn 0.123732 0.028780 0.991898
vn 0.069978 0.018473 0.997378
vn 0.212666 0.048420 0.975925
vn 0.331191 0.077686 0.940360
vn 0.448934 0.104295 0.887458
vn -0.514332 0.162269 0.842100
vn -0.416209 0.142343 0.898058
vn -0.291545 0.130736 0.947581
vn -0.315436 0.149476 0.937100
vn -0.269189 0.108474 0.956959
vn 0.093694 0.061986 0.993670
vn 0.120260 0.093929 0.988289
vn 0.139995 0.112630 0.983726
vn 0.153024 0.136179 0.978795
vn -0.267470 0.134472 0.954137
vn -0.256296 0.160948 0.953104
vn 0.097902 0.139260 0.985405
vn 0.089171 0.152655 0.984249
vn -0.073615 0.188010 0.979405
vn 0.002360 0.179335 0.983785
vn 0.098065 0.172079 0.980190
vn 0.205474 0.172767 0.963292
vn -0.152439 0.189929 0.969891
vn -0.080165 0.156910 0.984354
vn -0.004763 0.155460 0.987831
vn -0.163702 0.156285 0.974052
vn -0.237101 0.189602 0.952803
vn -0.325529 0.122535 0.937559
vn -0.838294 -0.131341 -0.529162
vn -0.582141 -0.375548 -0.721162
vn -0.821872 -0.122605 -0.556322
vn -0.581298 -0.386438 -0.716071
vn -0.819993 -0.151347 -0.552002
vn -0.582812 -0.462779 -0.667957
vn -0.580713 -0.553514 -0.596988
vn -0.835635 -0.198287 -0.512247
vn -0.557013 -0.612023 -0.561395
vn -0.818921 -0.251936 -0.515651
vn -0.760679 -0.276265 -0.587405
vn -0.484693 -0.634371 -0.602201
vn -0.659776 -0.334238 -0.673038
vn -0.421446 -0.640048 -0.642435
vn -0.062502 -0.552112 -0.831424
vn -0.008779 -0.541584 -0.840601
vn -0.144539 -0.543152 -0.827100
vn -0.198939 -0.545825 -0.813940
vn -0.210964 -0.563103 -0.799005
vn -0.218133 -0.608469 -0.763009
vn -0.229952 -0.698826 -0.677321
vn -0.208835 -0.802192 -0.559354
vn -0.160639 -0.859347 -0.485508
vn -0.099422 -0.872356 -0.478655
vn -0.137708 -0.867090 -0.478740
vn -0.298173 -0.804335 -0.513943
vn -0.392110 -0.630891 -0.669498
vn -0.647089 -0.662317 -0.377639
vn -0.604710 -0.695611 -0.387881
vn -0.531090 -0.730155 -0.429904
vn -0.591509 -0.694633 -0.409394
vn -0.308526 -0.850038 -0.426905
vn -0.451118 -0.811585 -0.371245
vn -0.364822 -0.826893 -0.427964
vn -0.190374 -0.850998 -0.489449
vn -0.516568 -0.411583 -0.750837
vn -0.886867 0.026057 -0.461289
vn -0.897755 0.020736 -0.440006
vn -0.933607 0.029602 -0.357073
vn -0.931055 -0.059170 -0.360050
vn -0.987232 0.037924 -0.154709
vn -0.980241 0.097053 -0.172363
vn -0.905908 -0.193947 -0.376451
vn -0.988826 -0.074300 -0.129239
vn 0.666765 -0.496309 -0.555969
vn 0.527632 -0.557492 -0.640942
vn 0.617242 -0.427641 -0.660406
vn 0.774886 -0.348066 -0.527639
vn 0.878139 -0.238282 -0.414842
vn 0.789048 -0.383418 -0.479994
vn 0.886654 -0.163437 -0.432588
vn 0.859843 -0.250149 -0.445079
vn 0.926314 -0.105244 -0.361755
vn 0.936925 -0.019770 -0.348970
vn 0.895440 -0.138983 -0.422931
vn 0.944778 0.002087 -0.327705
vn 0.910403 -0.137683 -0.390141
vn 0.981541 -0.094516 -0.166264
vn 0.983134 -0.029932 -0.180419
vn 0.986017 -0.095166 -0.136795
vn 0.995068 -0.025899 0.095757
vn 0.992170 -0.101152 -0.073259
vn 0.975869 -0.204019 0.077823
vn 0.953555 -0.136758 0.268384
vn 0.763437 -0.412142 0.497295
vn 0.793857 -0.527396 0.302728
vn 0.419710 -0.806549 0.416321
vn 0.419188 -0.665005 0.618101
vn 0.168768 -0.894394 0.414218
vn 0.187471 -0.758771 0.623797
vn 0.076357 -0.785219 0.614493
vn 0.052542 -0.914724 0.400648
vn 0.025203 -0.792699 0.609092
vn 0.004750 -0.920426 0.390889
vn 0.010985 -0.924360 0.381364
vn 0.019398 -0.800230 0.599380
vn 0.102027 -0.919024 0.380769
vn 0.099179 -0.794020 0.599746
vn 0.149855 -0.794246 0.588827
vn 0.158192 -0.914313 0.372836
vn 0.115900 -0.820009 0.560492
vn 0.122088 -0.926583 0.355723
vn 0.036909 -0.845203 0.533169
vn 0.046743 -0.940942 0.335326
vn -0.070722 -0.848395 0.524618
vn -0.053947 -0.942638 0.329427
vn -0.186954 -0.819875 0.541159
vn -0.163464 -0.922806 0.348867
vn -0.247706 -0.897993 0.363662
vn -0.271282 -0.782814 0.560008
vn -0.319202 -0.753902 0.574232
vn -0.303712 -0.877735 0.370594
vn -0.201786 -0.901167 0.383640
vn -0.223619 -0.764132 0.605059
vn -0.126545 -0.773755 0.620717
vn -0.094492 -0.916479 0.388765
vn -0.200807 -0.774034 0.600457
vn -0.179116 -0.912332 0.368194
vn -0.319460 -0.882874 0.344208
vn -0.339329 -0.750585 0.566990
vn -0.476363 -0.818213 0.321881
vn -0.493731 -0.683633 0.537472
vn -0.687212 -0.511575 0.515781
vn -0.697830 -0.652804 0.294756
vn -0.898998 -0.373730 0.228316
vn -0.851359 -0.267022 0.451539
vn -0.925318 -0.055783 0.375065
vn -0.978849 -0.140079 0.149106
vn 0.923063 -0.165267 -0.347334
vn 0.928302 -0.200401 -0.313201
vn 0.931583 -0.197422 -0.305252
vn 0.939014 -0.198530 -0.280783
vn 0.939310 -0.296065 -0.173328
vn 0.765697 -0.642887 0.020094
vn 0.387516 -0.912524 0.130889
vn 0.136357 -0.979937 0.145360
vn 0.026711 -0.988734 0.147278
vn -0.019698 -0.989527 0.142996
vn -0.007487 -0.992251 0.124022
vn 0.094965 -0.988602 0.116828
vn 0.161560 -0.980480 0.112060
vn 0.129758 -0.985395 0.110272
vn 0.057788 -0.992718 0.105697
vn -0.031090 -0.994266 0.102313
vn -0.128535 -0.986707 0.099439
vn -0.209279 -0.974233 0.084092
vn -0.261597 -0.962276 0.074777
vn -0.158110 -0.983474 0.088204
vn -0.055686 -0.994805 0.085223
vn -0.136554 -0.989126 0.054624
vn -0.260394 -0.965203 0.024048
vn -0.409180 -0.912450 0.002690
vn -0.641848 -0.766740 -0.011886
vn -0.874061 -0.482307 -0.058280
vn -0.963977 -0.239445 -0.115817
vn 0.954543 0.074995 -0.288486
vn -0.076609 -0.926510 -0.368388
vn -0.031789 -0.914661 -0.402971
vn 0.100991 -0.931760 -0.348747
vn -0.015211 -0.939313 -0.342723
vn -0.033716 -0.896058 -0.442654
vn 0.160613 -0.922471 -0.351069
vn 0.193943 -0.887382 -0.418258
vn -0.011615 -0.855029 -0.518450
vn 0.058019 -0.779808 -0.623324
vn 0.229007 -0.805403 -0.546700
vn 0.129287 -0.697831 -0.704497
vn 0.249752 -0.712571 -0.655642
vn 0.244528 -0.631264 -0.736011
vn 0.152858 -0.622595 -0.767470
vn 0.140082 -0.578565 -0.803517
vn 0.225341 -0.584926 -0.779156
vn 0.108974 -0.555786 -0.824152
vn 0.197341 -0.562564 -0.802857
vn 0.153515 -0.542247 -0.826076
vn 0.080978 -0.534659 -0.841179
vn 0.110386 -0.510564 -0.852725
vn 0.080371 -0.511496 -0.855519
vn -0.904568 0.101240 -0.414135
vn -0.370146 -0.450312 -0.812534
vn -0.021733 -0.463013 -0.886085
vn -0.230229 -0.461515 -0.856737
vn 0.244299 -0.467822 -0.849388
vn 0.451595 -0.463022 -0.762675
vn -0.198517 -0.579377 -0.790515
vn -0.318331 -0.591164 -0.741074
vn 0.215610 -0.597672 -0.772205
vn -0.009103 -0.592782 -0.805311
vn 0.391538 -0.579848 -0.714475
vn 0.269986 -0.576086 -0.771513
vn 0.255685 -0.642683 -0.722207
vn 0.267890 -0.714873 -0.645904
vn 0.262510 -0.760433 -0.593995
vn 0.238405 -0.802506 -0.546943
vn 0.227857 -0.854429 -0.466939
vn -0.137544 -0.853771 -0.502153
vn 0.007168 -0.877823 -0.478931
vn -0.048836 -0.880954 -0.470675
vn -0.145063 -0.848827 -0.508380
vn -0.186505 -0.794580 -0.577804
vn -0.223223 -0.794378 -0.564921
vn -0.242269 -0.703307 -0.668330
vn -0.211221 -0.713354 -0.668215
vn -0.223226 -0.621225 -0.751165
vn -0.252714 -0.615349 -0.746647
vn -0.269742 -0.571959 -0.774663
vn -0.214924 -0.577484 -0.787604
vn -0.203384 -0.562487 -0.801401
vn -0.267681 -0.553202 -0.788869
vn -0.241978 -0.545308 -0.802550
vn -0.184952 -0.563483 -0.805158
vn -0.141290 -0.566714 -0.811709
vn -0.192088 -0.535317 -0.822519
vn 0.068342 -0.552243 -0.830877
vn 0.053194 -0.579354 -0.813338
vn 0.037540 -0.606895 -0.793895
vn 0.016448 -0.604626 -0.796340
vn 0.015540 -0.566832 -0.823687
vn 0.022234 -0.575024 -0.817834
vn 0.027179 -0.576157 -0.816887
vn 0.031342 -0.559137 -0.828482
vn 0.001222 -0.593663 -0.804713
vn 0.028164 -0.600634 -0.799028
vn 0.056088 -0.544858 -0.836650
vn 0.067427 -0.542819 -0.837139
vn 0.062373 -0.608107 -0.791401
vn 0.078774 -0.620205 -0.780474
vn 0.103199 -0.635688 -0.765017
vn 0.123650 -0.633364 -0.763912
vn 0.064629 -0.648029 -0.758868
vn -0.070405 -0.631474 -0.772195
vn -0.029939 -0.574756 -0.817777
vn 0.066342 -0.582783 -0.809915
vn 0.113268 -0.574098 -0.810914
vn 0.043212 -0.556975 -0.829404
vn -0.105024 -0.622208 -0.775775
vn -0.052934 -0.616370 -0.785676
vn -0.029322 -0.624978 -0.780092
vn 0.150509 0.073153 0.985898
vn 0.237224 0.087394 0.967516
vn 0.357894 0.100718 0.928315
vn 0.486352 0.112860 0.866444
vn 0.182000 0.101450 0.978051
vn 0.261251 0.110350 0.958943
vn 0.374053 0.119754 0.919643
vn 0.501334 0.125710 0.856073
vn 0.201191 0.116552 0.972593
vn 0.633734 0.137538 0.761226
vn 0.199361 0.149821 0.968405
vn 0.323456 0.176200 0.929693
vn 0.308085 0.145175 0.940217
vn 0.208832 0.131355 0.969090
vn 0.298287 0.127406 0.945935
vn 0.280568 0.121693 0.952089
vn 0.385826 0.129854 0.913387
vn 0.505879 0.134701 0.852022
vn 0.634929 0.134148 0.760835
vn 0.396540 0.128522 0.908976
vn 0.510843 0.130881 0.849653
vn -0.443177 0.166846 0.880771
vn -0.355934 0.147190 0.922847
vn -0.465978 0.179127 0.866475
vn -0.375014 0.162713 0.912628
vn -0.364980 0.174583 0.914500
vn -0.345122 0.194726 0.918135
vn -0.464513 0.187689 0.865448
vn -0.455834 0.199308 0.867463
vn -0.932664 0.226157 0.281055
vn -0.968986 0.217589 0.117135
vn -0.859794 0.230024 0.455897
vn -0.757208 0.226934 0.612485
vn -0.673776 0.217713 0.706135
vn -0.571275 0.203604 0.795103
vn 0.408820 0.141890 0.901517
vn 0.523742 0.139204 0.840426
vn 0.649364 0.139479 0.747578
vn -0.980170 0.151511 -0.127713
vn -0.952514 0.108414 -0.284542
vn -0.921470 0.097079 -0.376124
vn -0.919758 0.163978 -0.356591
vn -0.936869 0.198976 -0.287549
vn -0.957806 0.225800 -0.177825
vn -0.969723 0.236653 -0.060267
vn -0.979240 0.193632 -0.059962
vn -0.965370 0.176353 -0.192249
vn -0.250900 -0.835712 -0.488502
vn -0.077419 -0.827538 -0.556046
vn -0.114410 -0.834656 -0.538757
vn 0.001436 -0.809459 -0.587174
vn 0.067839 -0.837398 -0.542368
vn 0.179807 -0.818297 -0.545949
vn 0.147547 -0.787346 -0.598596
vn 0.088012 -0.807764 -0.582899
vn 0.117985 -0.833380 -0.539961
vn 0.144544 -0.793122 -0.591663
vn 0.229328 -0.827663 -0.512233
vn 0.223409 -0.852956 -0.471757
vn 0.274200 -0.878602 -0.390989
vn 0.137013 -0.869415 -0.474705
vn 0.318172 -0.893056 -0.318149
vn 0.147911 -0.903338 -0.402620
vn 0.352035 -0.891709 -0.284477
vn 0.177140 -0.910853 -0.372784
vn 0.429444 -0.823865 -0.369898
vn 0.381149 -0.839219 -0.387862
vn 0.498175 -0.808633 -0.312946
vn 0.537976 -0.782604 -0.313230
vn 0.521113 -0.805124 -0.283227
vn 0.407874 -0.851642 -0.329158
vn 0.206070 -0.951916 -0.226698
vn 0.284159 -0.934703 -0.213504
vn 0.149241 -0.963244 -0.223358
vn 0.108621 -0.967862 -0.226815
vn -0.248143 -0.935624 -0.251063
vn -0.415757 -0.874081 -0.251254
vn -0.357520 -0.905772 -0.227499
vn -0.225955 -0.946415 -0.230746
vn -0.489591 -0.838860 -0.237939
vn -0.369725 -0.900500 -0.228917
vn -0.531226 -0.794741 -0.293574
vn -0.475422 -0.812095 -0.338343
vn -0.266105 -0.860875 -0.433684
vn -0.351220 -0.849522 -0.393646
vn -0.438950 -0.831763 -0.339844
vn -0.426137 -0.840640 -0.334264
vn -0.204578 -0.886669 -0.414687
vn -0.212886 -0.880637 -0.423271
vn -0.424244 -0.833224 -0.354619
vn -0.412876 -0.816942 -0.402665
vn -0.203907 -0.846657 -0.491522
vn -0.204221 -0.873679 -0.441564
vn -0.374180 -0.812349 -0.447302
vn -0.204641 -0.828355 -0.521488
vn -0.649311 -0.671899 -0.356296
vn -0.612770 -0.707122 -0.352832
vn -0.594636 -0.725255 -0.347006
vn -0.543279 -0.774090 -0.325012
vn -0.271872 -0.919077 -0.285276
vn -0.220113 -0.930641 -0.292332
vn -0.386315 -0.868769 -0.309840
vn -0.398705 -0.867379 -0.297805
vn 0.334740 -0.922978 -0.189897
vn 0.345953 -0.918000 -0.193886
vn 0.205871 -0.957933 -0.199955
vn 0.168174 -0.964198 -0.205037
vn -0.076319 -0.959764 -0.270238
vn -0.217002 -0.907910 -0.358621
vn -0.315011 -0.898454 -0.305857
vn -0.177926 -0.951259 -0.251891
vn -0.283027 -0.842093 -0.459102
vn -0.188044 -0.830664 -0.524059
vn -0.143889 -0.859838 -0.489872
vn -0.034993 -0.863239 -0.503582
vn -0.115679 -0.836137 -0.536184
vn -0.142722 -0.830673 -0.538157
vn -0.028709 -0.843764 -0.535946
vn -0.115281 -0.828094 -0.548609
vn 0.003335 -0.853747 -0.520677
vn 0.099069 -0.867112 -0.488163
vn 0.148091 -0.864216 -0.480833
vn 0.262918 -0.871972 -0.412964
vn 0.312157 -0.856010 -0.412073
vn 0.403786 -0.846755 -0.346357
vn 0.510355 -0.805821 -0.300317
vn 0.434222 -0.828129 -0.354476
vn 0.554657 -0.749062 -0.362301
vn 0.497271 -0.795452 -0.346377
vn 0.570263 -0.764916 -0.299505
vn 0.620963 -0.716133 -0.318682
vn 0.019215 -0.566324 -0.823959
vn 0.011100 -0.569093 -0.822198
vn 0.058691 -0.547570 -0.834699
vn 0.045631 -0.554887 -0.830673
vn 0.076872 -0.527851 -0.845851
vn 0.070262 -0.540083 -0.838674
vn 0.054219 -0.528961 -0.846913
vn 0.065261 -0.546550 -0.834880
vn 0.065618 -0.543597 -0.836777
vn 0.080317 -0.567619 -0.819364
vn -0.047354 -0.542895 -0.838465
vn -0.081317 -0.545390 -0.834228
vn -0.058570 -0.520226 -0.852018
vn -0.062580 -0.530180 -0.845573
vn -0.050890 -0.514377 -0.856053
vn -0.039784 -0.538571 -0.841640
vn 0.543420 -0.786387 -0.293753
vn 0.490189 -0.822737 -0.287781
vn 0.366389 -0.879466 -0.303806
vn 0.432787 -0.846445 -0.310204
vn 0.077659 -0.922782 -0.377415
vn 0.035604 -0.933795 -0.356032
vn -0.356213 -0.854672 -0.377687
vn -0.376068 -0.833445 -0.404898
vn 0.234344 -0.919923 -0.314364
vn 0.262257 -0.924254 -0.277444
vn 0.361052 -0.894698 -0.262976
vn 0.326423 -0.896450 -0.299708
vn -0.233171 -0.893501 -0.383779
vn -0.303679 -0.890545 -0.338686
vn -0.010154 -0.947718 -0.318948
vn 0.000210 -0.934925 -0.354844
vn 0.044684 -0.908997 -0.414400
vn -0.136464 -0.887396 -0.440348
vn 0.232196 -0.896835 -0.376526
vn 0.305132 -0.884389 -0.353200
vn 0.143291 -0.862857 -0.484711
vn -0.005855 -0.870978 -0.491286
vn 0.235861 -0.869087 -0.434807
vn 0.291668 -0.868681 -0.400405
vn 0.082070 -0.887800 -0.452854
vn 0.033377 -0.867674 -0.496012
vn -0.094036 -0.873166 -0.478266
vn -0.040019 -0.889676 -0.454835
vn -0.360780 -0.820230 -0.443914
vn -0.381163 -0.833346 -0.400311
vn -0.181522 -0.875176 -0.448461
vn -0.177152 -0.857363 -0.483265
vn -0.400014 -0.846173 -0.352109
vn -0.223698 -0.896343 -0.382791
vn -0.044284 -0.919886 -0.389679
vn 0.136566 -0.914243 -0.381457
vn -0.318626 -0.885410 -0.338419
vn -0.271230 -0.898826 -0.344305
vn -0.427319 -0.844679 -0.322361
vn -0.461915 -0.828411 -0.316811
vn 0.190112 -0.920614 -0.341069
vn -0.057072 -0.933137 -0.354963
vn -0.074057 -0.932628 -0.353158
vn 0.231781 -0.913784 -0.333581
vn -0.342254 -0.862046 -0.373816
vn -0.342453 -0.870802 -0.352746
vn -0.484503 -0.814935 -0.318023
vn -0.487358 -0.816172 -0.310396
vn 0.277341 -0.871082 -0.405338
vn 0.252572 -0.898708 -0.358513
vn -0.085991 -0.921151 -0.379587
vn -0.090845 -0.902444 -0.421121
vn 0.639360 -0.698077 -0.322346
vn 0.582686 -0.731385 -0.354334
vn 0.619499 -0.719314 -0.314338
vn 0.546657 -0.787960 -0.283346
vn 0.530705 -0.791052 -0.304283
vn 0.595133 -0.734353 -0.326410
vn 0.478345 -0.833410 -0.276790
vn 0.357078 -0.887548 -0.291126
vn 0.399374 -0.858379 -0.322004
vn 0.501839 -0.815385 -0.288627
vn 0.292647 -0.891797 -0.345046
vn 0.207809 -0.920099 -0.332014
vn 0.098189 -0.902032 -0.420354
vn 0.096184 -0.904089 -0.416379
vn -0.080956 -0.888820 -0.451049
vn 0.273556 -0.851159 -0.447990
vn -0.363484 -0.814524 -0.452140
vn 0.115205 -0.912428 -0.392686
vn 0.266547 -0.932597 -0.243344
vn 0.381426 -0.897134 -0.222856
vn -0.421574 -0.850322 -0.315005
vn -0.553518 -0.796377 -0.243724
vn -0.455632 -0.836747 -0.303733
vn -0.312392 -0.870197 -0.381011
vn 0.449107 -0.846226 -0.286714
vn 0.546393 -0.796165 -0.259955
vn 0.440016 -0.874505 -0.204028
vn 0.443494 -0.875652 -0.191170
vn -0.212975 -0.877539 -0.429613
vn -0.372614 -0.865960 -0.333575
vn -0.268897 -0.872948 -0.407010
vn -0.411760 -0.851801 -0.323866
vn -0.539402 -0.811848 -0.223491
vn -0.421270 -0.875801 -0.235592
vn 0.468138 -0.850242 -0.240700
vn 0.344388 -0.902441 -0.258838
vn 0.413899 -0.865037 -0.283546
vn 0.518051 -0.828011 -0.214524
vn -0.260281 -0.808163 -0.528324
vn 0.161433 -0.897740 -0.409880
vn 0.070739 -0.971156 -0.227710
vn 0.016424 -0.975647 -0.218729
vn -0.008105 -0.972340 -0.233429
vn -0.030536 -0.971551 -0.234854
vn 0.179591 -0.850790 -0.493866
vn 0.122837 -0.888840 -0.441446
vn 0.230620 -0.935560 -0.267472
vn 0.309812 -0.913361 -0.264174
vn 0.108192 -0.961138 -0.253985
vn 0.015095 -0.949855 -0.312326
vn 0.016761 -0.886106 -0.463179
vn -0.095666 -0.908327 -0.407173
vn 0.544807 -0.765480 -0.342382
vn 0.541810 -0.751394 -0.376628
vn 0.503216 -0.807422 -0.307968
vn 0.363898 -0.871758 -0.328049
vn 0.451805 -0.840896 -0.297938
vn 0.264662 -0.886051 -0.380614
vn 0.153908 -0.879179 -0.450951
vn 0.089570 -0.864511 -0.494569
vn -0.166596 -0.850947 -0.498131
vn -0.265404 -0.848206 -0.458375
vn -0.371002 -0.837348 -0.401505
vn -0.445398 -0.824974 -0.347907
vn -0.540973 -0.752491 -0.375639
vn -0.572126 -0.722883 -0.387442
vn -0.541456 -0.721764 -0.431141
vn -0.397265 -0.716873 -0.572952
vn -0.017186 -0.741887 -0.670305
vn 0.076604 -0.798652 -0.596897
vn 0.097204 -0.814378 -0.572136
vn 0.026414 -0.697061 -0.716526
vn 0.168641 -0.709995 -0.683715
vn -0.095318 -0.667869 -0.738150
vn 0.182792 -0.770281 -0.610945
vn 0.317034 -0.676986 -0.664214
vn -0.214295 -0.694605 -0.686733
vn -0.243827 -0.649307 -0.720381
vn -0.479878 -0.813570 -0.328362
vn -0.466175 -0.830117 -0.305919
vn 0.101701 -0.514000 -0.851740
vn 0.112367 -0.551741 -0.826411
vn 0.108121 -0.567332 -0.816360
vn 0.102731 -0.587474 -0.802696
vn 0.117653 -0.633791 -0.764504
vn 0.126042 -0.703896 -0.699030
vn 0.120846 -0.801376 -0.585826
vn 0.127364 -0.887014 -0.443829
vn 0.121331 -0.918950 -0.375245
vn 0.081499 -0.921353 -0.380089
vn -0.028039 -0.927500 -0.372771
vn -0.195805 -0.925995 -0.322790
vn -0.363216 -0.858050 -0.363076
vn -0.439536 -0.799101 -0.410178
vn -0.531877 -0.728660 -0.431464
vn 0.489229 -0.767573 -0.414109
vn 0.516541 -0.776259 -0.361397
vn 0.464006 -0.818907 -0.337773
vn 0.375437 -0.848830 -0.372204
vn 0.281903 -0.867189 -0.410503
vn 0.036461 -0.865380 -0.499788
vn 0.002601 -0.835383 -0.549662
vn -0.023852 -0.786500 -0.617130
vn -0.051594 -0.703425 -0.708894
vn -0.054525 -0.623192 -0.780166
vn -0.036779 -0.587417 -0.808448
vn -0.025523 -0.568206 -0.822490
vn -0.024839 -0.573287 -0.818978
vn -0.004923 -0.590690 -0.806884
vn -0.334401 -0.693079 -0.638606
vn 0.445682 -0.782878 -0.434131
vn 0.457234 -0.757347 -0.466222
vn -0.253763 -0.828155 -0.499763
vn -0.259217 -0.813018 -0.521352
vn -0.214151 -0.870609 -0.442922
vn -0.348442 -0.874963 -0.336196
vn -0.422979 -0.850110 -0.313689
vn -0.536322 -0.748962 -0.389120
vn -0.525101 -0.780904 -0.338316
vn -0.459324 -0.831056 -0.313636
vn -0.454557 -0.755521 -0.471769
vn -0.378192 -0.790824 -0.481215
vn -0.029272 -0.861727 -0.506528
vn -0.060972 -0.879772 -0.471470
vn 0.272296 -0.835874 -0.476624
vn 0.288452 -0.810820 -0.509280
vn -0.108401 -0.870657 -0.479798
vn 0.040107 -0.832153 -0.553093
vn -0.135131 -0.774454 -0.618030
vn 0.107903 -0.838519 -0.534081
vn 0.285725 -0.869070 -0.403831
vn 0.415639 -0.875669 -0.245863
vn 0.027601 -0.842716 -0.537650
vn 0.113135 -0.796048 -0.594566
vn 0.317398 -0.769504 -0.554187
vn 0.313013 -0.728337 -0.609548
vn -0.175884 -0.866480 -0.467202
vn -0.092233 -0.845848 -0.525390
vn 0.007437 -0.806017 -0.591846
vn 0.070815 -0.783029 -0.617940
vn 0.132617 -0.769058 -0.625270
vn 0.142967 -0.747651 -0.648521
vn 0.086246 -0.767122 -0.635677
vn 0.057037 -0.808420 -0.585836
vn 0.041547 -0.850051 -0.525059
vn -0.977675 0.207997 -0.029799
vn -0.969187 0.197386 -0.147359
vn 0.023747 -0.891331 -0.452731
vn 0.033032 -0.900279 -0.434058
vn 0.120060 -0.863603 -0.489669
vn 0.169566 -0.868826 -0.465176
vn 0.176966 -0.899495 -0.399490
vn -0.012928 -0.956522 -0.291373
vn -0.027583 -0.964576 -0.262361
vn -0.062825 -0.965271 -0.253585
vn -0.038791 -0.968274 -0.246861
vn -0.130306 -0.905884 -0.402983
vn 0.029996 -0.890960 -0.453089
vn 0.031586 -0.865933 -0.499161
vn -0.063654 -0.872313 -0.484787
vn 0.033955 -0.860762 -0.507874
vn -0.018219 -0.865760 -0.500128
vn -0.040163 -0.892382 -0.449490
vn -0.015198 -0.883284 -0.468591
vn -0.077187 -0.836662 -0.542253
vn -0.070679 -0.876895 -0.475458
vn -0.057929 -0.806607 -0.588242
vn -0.033614 -0.793358 -0.607826
vn -0.098725 -0.785684 -0.610700
vn -0.172481 -0.805384 -0.567104
vn -0.134798 -0.813596 -0.565589
vn -0.064577 -0.822543 -0.565024
vn 0.053621 -0.842522 -0.535986
vn 0.274810 -0.857404 -0.435131
vn 0.173404 -0.856882 -0.485472
vn 0.030899 -0.880074 -0.473831
vn 0.072766 -0.883211 -0.463296
vn 0.268224 -0.884121 -0.382603
vn 0.421090 -0.859007 -0.291189
vn 0.420068 -0.869036 -0.261380
vn 0.306541 -0.909820 -0.279751
vn 0.002641 -0.945812 -0.324703
vn -0.333564 -0.876518 -0.347060
vn -0.497462 -0.795006 -0.347128
vn -0.533569 -0.765078 -0.360499
vn -0.422791 -0.808069 -0.410209
vn -0.276032 -0.844265 -0.459372
vn 0.355624 -0.837828 -0.414216
vn 0.421568 -0.803726 -0.419886
vn 0.465775 -0.786314 -0.405912
vn 0.481562 -0.790415 -0.378604
vn 0.456585 -0.813286 -0.360689
vn 0.402353 -0.829915 -0.386461
vn 0.159623 -0.886897 -0.433514
vn 0.081032 -0.840120 -0.536313
vn 0.161978 -0.856062 -0.490837
vn -0.003337 -0.808211 -0.588883
vn -0.060828 -0.715441 -0.696020
vn -0.057332 -0.629402 -0.774962
vn -0.118116 -0.585561 -0.801977
vn -0.128415 -0.562356 -0.816863
vn -0.099877 -0.546697 -0.831353
vn -0.059004 -0.525369 -0.848826
vn 0.230650 -0.867896 -0.439952
vn 0.434158 -0.806698 -0.400930
vn 0.414615 -0.799932 -0.433825
vn 0.367624 -0.816901 -0.444438
vn 0.297881 -0.845605 -0.442966
vn 0.218465 -0.849571 -0.480107
vn 0.147422 -0.837194 -0.526663
vn 0.005121 -0.894201 -0.447636
vn -0.054375 -0.828236 -0.557735
vn -0.037356 -0.878033 -0.477139
vn -0.045489 -0.777018 -0.627833
vn -0.020634 -0.754860 -0.655561
vn -0.066763 -0.756817 -0.650209
vn -0.098871 -0.790253 -0.604751
vn -0.025447 -0.808888 -0.587412
vn 0.016553 -0.815120 -0.579056
vn 0.090197 -0.825391 -0.557309
vn 0.034058 -0.897308 -0.440089
vn 0.024556 -0.885377 -0.464226
vn 0.031153 -0.832951 -0.552469
vn 0.047495 -0.768898 -0.637605
vn 0.078430 -0.718798 -0.690780
vn 0.077102 -0.710458 -0.699503
vn 0.034606 -0.749803 -0.660756
vn 0.010648 -0.775867 -0.630807
vn -0.025699 -0.794940 -0.606143
vn -0.090676 -0.836405 -0.540559
vn 0.037389 -0.550742 -0.833838
vn 0.027742 -0.551138 -0.833953
vn 0.047812 -0.542218 -0.838876
vn 0.050301 -0.530051 -0.846472
vn 0.069789 -0.519077 -0.851873
vn -0.224741 -0.770205 -0.596889
vn -0.156223 -0.723061 -0.672887
vn -0.074642 -0.664244 -0.743780
vn -0.030046 -0.604053 -0.796378
vn -0.005389 -0.571969 -0.820257
vn 0.023741 -0.553598 -0.832446
vn 0.041360 -0.540452 -0.840358
vn 0.062316 -0.520301 -0.851706
vn 0.081879 -0.500340 -0.861949
vn 0.087297 -0.504312 -0.859098
vn 0.079411 -0.506924 -0.858325
vn 0.070348 -0.512048 -0.856071
vn 0.039140 -0.535657 -0.843528
vn 0.027351 -0.552302 -0.833195
vn 0.019225 -0.558593 -0.829219
vn 0.018885 -0.554163 -0.832194
vn 0.040703 -0.540849 -0.840134
vn -0.163457 -0.854264 -0.493473
vn -0.083278 -0.534947 -0.840771
vn -0.030598 -0.615781 -0.787323
vn 0.010684 -0.615046 -0.788419
vn -0.053562 -0.534443 -0.843505
vn 0.077618 -0.530611 -0.844054
vn 0.085695 -0.521866 -0.848712
vn 0.049640 -0.518811 -0.853447
vn 0.043435 -0.526629 -0.848985
vn 0.028110 -0.543500 -0.838938
vn -0.023218 -0.544930 -0.838160
vn -0.048047 -0.536901 -0.842276
vn -0.061629 -0.535458 -0.842311
vn -0.035368 -0.520987 -0.852832
vn -0.042354 -0.541358 -0.839725
vn 0.012474 -0.881204 -0.472572
vn -0.007589 -0.831508 -0.555461
vn 0.031286 -0.899254 -0.436306
vn -0.006208 -0.769304 -0.638852
vn 0.026662 -0.710248 -0.703446
vn -0.024074 -0.722823 -0.690614
vn 0.072888 -0.695771 -0.714556
vn 0.055693 -0.560138 -0.826525
vn 0.053159 -0.527584 -0.847838
vn 0.037795 -0.535574 -0.843642
vn 0.043918 -0.557696 -0.828883
vn 0.032817 -0.547319 -0.836281
vn 0.043700 -0.556076 -0.829982
vn 0.076645 -0.563481 -0.822566
vn 0.081692 -0.529417 -0.844419
vn 0.079112 -0.568516 -0.818860
vn 0.087270 -0.531208 -0.842735
vn 0.043994 -0.577168 -0.815439
vn 0.050571 -0.532384 -0.844991
vn -0.014838 -0.589026 -0.807978
vn 0.017957 -0.541775 -0.840332
vn 0.427132 0.170739 0.887923
vn 0.535098 0.159437 0.829608
vn 0.660526 0.149080 0.735853
vn 0.958018 0.283258 -0.044336
vn 0.913432 0.372288 0.164454
vn 0.917638 0.252148 0.307184
vn 0.656651 0.285252 0.698169
vn 0.772810 0.327063 0.543870
vn 0.548279 0.253316 0.797008
vn 0.471698 0.214986 0.855150
vn 0.664446 0.168243 0.728152
vn 0.566030 0.199268 0.799939
vn -0.936014 0.164672 -0.311065
vn -0.948507 0.188386 -0.254647
vn 0.058576 -0.656921 -0.751681
vn 0.005159 -0.663140 -0.748478
vn 0.026748 -0.622542 -0.782129
vn 0.068065 -0.616962 -0.784044
vn 0.082299 -0.657604 -0.748855
vn 0.075166 -0.619714 -0.781220
vn 0.059015 -0.623320 -0.779737
vn 0.073102 -0.664417 -0.743778
vn -0.044897 -0.665057 -0.745442
vn -0.039930 -0.629674 -0.775832
vn 0.004520 -0.559916 -0.828537
vn -0.025021 -0.604853 -0.795944
vn -0.002106 -0.610516 -0.792001
vn -0.010918 -0.564951 -0.825052
vn -0.016352 -0.606905 -0.794606
vn -0.037571 -0.562805 -0.825735
vn -0.060632 -0.561519 -0.825240
vn -0.035723 -0.596214 -0.802030
vn 0.018499 -0.551345 -0.834073
vn 0.022035 -0.558201 -0.829413
vn 0.018337 -0.545976 -0.837600
vn 0.005483 -0.557863 -0.829915
vn -0.049304 -0.561282 -0.826155
vn -0.036465 -0.587692 -0.808263
vn -0.060020 -0.607699 -0.791896
vn -0.021245 -0.582604 -0.812479
vn -0.108493 -0.659238 -0.744066
vn -0.237898 -0.834859 -0.496403
vn -0.303886 -0.805136 -0.509322
vn -0.343482 -0.800824 -0.490613
vn -0.458681 -0.789341 -0.408109
vn -0.470412 -0.801984 -0.368149
vn -0.296010 -0.803515 -0.516470
vn -0.260869 -0.812492 -0.521349
vn -0.254458 -0.769995 -0.585114
vn -0.165444 -0.720949 -0.672950
vn 0.032566 -0.612405 -0.789873
vn 0.008653 -0.598629 -0.800980
vn 0.034215 -0.621296 -0.782829
vn -0.049856 -0.637888 -0.768514
vn -0.007780 -0.644783 -0.764326
vn 0.010909 -0.643315 -0.765524
vn 0.014217 -0.635834 -0.771695
vn 0.018720 -0.625902 -0.779678
vn -0.031105 -0.715143 -0.698285
vn 0.086667 -0.685049 -0.723323
vn -0.060689 -0.665403 -0.744014
vn -0.068372 -0.713130 -0.697689
vn 0.042373 -0.690701 -0.721898
vn 0.030588 -0.665517 -0.745755
vn -0.030389 -0.632176 -0.774229
vn 0.002858 -0.654850 -0.755754
vn -0.070446 -0.683260 -0.726769
vn -0.021749 -0.704544 -0.709327
vn -0.115966 -0.747381 -0.654197
vn -0.056218 -0.764213 -0.642510
vn -0.033555 -0.678161 -0.734147
vn 0.023326 -0.687634 -0.725683
vn 0.064762 -0.682548 -0.727966
vn 0.077748 -0.685004 -0.724379
vn -0.058427 -0.737550 -0.672760
vn 0.037378 -0.761707 -0.646843
vn 0.126621 -0.740957 -0.659507
vn 0.099906 -0.752895 -0.650513
vn -0.082068 -0.796677 -0.598808
vn 0.099773 -0.805070 -0.584729
vn 0.145879 -0.817539 -0.557090
vn 0.157474 -0.830452 -0.534370
vn -0.166737 -0.782806 -0.599512
vn -0.218946 -0.817839 -0.532167
vn -0.090668 -0.832148 -0.547091
vn 0.179109 -0.789250 -0.587371
vn 0.146389 -0.808582 -0.569882
vn 0.334404 -0.823572 -0.458151
vn 0.312017 -0.831347 -0.459900
vn 0.289660 -0.837008 -0.464235
vn 0.172252 -0.841373 -0.512270
vn 0.966351 -0.028321 -0.255662
vn 0.961695 -0.084027 -0.260927
vn 0.962974 -0.084302 -0.256074
vn 0.978460 -0.011659 -0.206107
vn 0.900077 -0.162141 -0.404439
vn 0.809922 -0.233809 -0.537922
vn -0.862060 0.367232 -0.349275
vn -0.871753 0.376424 -0.313611
vn -0.889247 0.372129 -0.266008
vn -0.910790 0.337657 -0.237589
vn -0.915531 0.294953 -0.273506
vn -0.881582 0.253687 -0.398066
vn -0.793173 0.197855 -0.575959
vn -0.599061 0.113567 -0.792608
vn -0.281321 0.042690 -0.958664
vn 0.049992 0.024069 -0.998460
vn 0.357148 0.039488 -0.933213
vn 0.661703 0.085607 -0.744862
vn 0.847861 0.152535 -0.507804
vn 0.934002 0.188553 -0.303461
vn 0.964330 0.194992 -0.179013
vn 0.958322 0.245325 -0.146404
vn 0.932956 0.284362 -0.220752
vn 0.920621 0.253390 -0.297072
vn 0.927523 0.197340 -0.317424
vn 0.942337 0.203289 -0.265845
vn 0.949463 0.264117 -0.169593
vn 0.943995 0.314643 -0.099369
vn 0.929815 0.367993 0.004964
vn 0.900211 0.409375 0.148434
vn 0.819194 0.462119 0.339656
vn 0.598508 0.571320 0.561588
vn 0.323730 0.711125 0.624099
vn 0.146323 0.804735 0.575318
vn 0.009704 0.838462 0.544874
vn -0.125958 0.799155 0.587781
vn -0.274077 0.702977 0.656281
vn -0.474520 0.576584 0.665117
vn -0.702578 0.454499 0.547553
vn -0.853745 0.401483 0.331557
vn -0.932676 0.353779 0.070402
vn -0.936363 0.304923 -0.173914
vn -0.894620 0.314287 -0.317613
vn -0.862539 0.347353 -0.367931
vn -0.880427 -0.046008 -0.471944
vn -0.776523 -0.186456 -0.601869
vn -0.928190 0.042702 -0.369648
vn -0.931506 0.057248 -0.359193
vn -0.930495 0.038940 -0.364230
vn -0.954966 0.017541 -0.296195
vn -0.941560 0.013541 -0.336574
vn -0.986630 0.065114 -0.149407
vn -0.970752 0.037975 -0.237062
vn -0.955748 0.200272 0.215494
vn -0.993757 0.106535 -0.033115
vn -0.840368 0.262972 0.473949
vn -0.680186 0.322219 0.658424
vn -0.193260 0.548233 0.813690
vn -0.419389 0.434864 0.796873
vn -0.296823 0.196865 -0.934420
vn 0.061876 0.153791 -0.986164
vn -0.628732 0.265532 -0.730882
vn -0.799278 0.314661 -0.511999
vn -0.877210 0.343230 -0.335702
vn -0.901407 0.380384 -0.206819
vn -0.887156 0.422137 -0.186428
vn -0.864916 0.442285 -0.237284
vn -0.848794 0.430185 -0.307392
vn -0.849300 0.390667 -0.355061
vn -0.859412 0.349919 -0.372783
vn -0.875905 0.331675 -0.350402
vn -0.911889 0.327608 -0.247248
vn -0.930544 0.366114 0.006991
vn -0.862228 0.406541 0.302138
vn -0.721682 0.471882 0.506461
vn -0.485977 0.612254 0.623676
vn -0.280319 0.738663 0.613023
vn -0.121270 0.827272 0.548556
vn 0.008634 0.846679 0.532035
vn 0.130439 0.797608 0.588903
vn 0.304355 0.688204 0.658593
vn 0.594714 0.552977 0.583551
vn 0.822124 0.447989 0.351308
vn 0.906617 0.392069 0.155972
vn 0.933666 0.357611 -0.019536
vn 0.939457 0.321155 -0.119495
vn 0.941948 0.277970 -0.188325
vn 0.938443 0.208309 -0.275557
vn 0.930318 0.181690 -0.318587
vn 0.926895 0.225401 -0.300101
vn 0.940137 0.257196 -0.223591
vn 0.957447 0.253242 -0.138433
vn 0.955615 0.252414 -0.151946
vn 0.929578 0.254124 -0.267032
vn 0.863644 0.220428 -0.453355
vn 0.680292 0.148044 -0.717834
vn 0.368061 0.128468 -0.920884
vn -0.083070 0.615433 0.783800
vn -0.038841 0.608291 0.792763
vn 0.024959 0.551072 0.834084
vn 0.212817 0.480891 0.850561
vn 0.520925 0.361803 0.773134
vn 0.788128 0.227523 0.571916
vn 0.897742 0.158640 0.410966
vn 0.960628 0.121327 0.249948
vn 0.986073 0.105101 0.128891
vn 0.997290 0.064685 0.035038
vn 0.996497 -0.012779 -0.082642
vn 0.976966 -0.081007 -0.197424
vn 0.863807 -0.134737 -0.485472
vn 0.957952 -0.029219 -0.285438
vn 0.982747 0.034831 -0.181644
vn 0.978907 0.064805 -0.193758
vn 0.957150 0.029235 -0.288114
vn 0.949101 -0.011704 -0.314754
vn 0.968207 -0.002788 -0.250136
vn 0.988379 0.038546 -0.147039
vn 0.996058 0.079580 -0.039180
vn 0.992404 0.105592 0.063125
vn 0.975802 0.130956 0.175101
vn 0.922414 0.181097 0.341110
vn 0.811712 0.253650 0.526104
vn 0.560273 0.370140 0.741007
vn 0.202394 0.464240 0.862275
vn -0.003011 0.511923 0.859026
vn -0.053277 0.538601 0.840875
vn -0.057832 0.531159 0.845296
vn -0.156103 0.482810 0.861700
vn -0.424623 0.409390 0.807524
vn -0.750555 0.310981 0.583059
vn -0.917463 0.245432 0.313089
vn -0.983428 0.177664 0.036123
vn -0.983643 0.122885 -0.131702
vn -0.971564 0.094003 -0.217318
vn -0.958713 0.077624 -0.273576
vn -0.949046 0.064064 -0.308558
vn -0.936882 0.066477 -0.343268
vn -0.934138 0.057005 -0.352330
vn -0.936784 0.037901 -0.347849
vn -0.930291 0.006745 -0.366760
vn -0.894470 -0.048133 -0.444530
vn -0.802811 -0.136047 -0.580505
vn 0.593365 -0.351911 -0.723931
vn 0.658929 -0.239578 -0.713032
vn 0.262644 -0.450995 -0.853007
vn 0.339620 -0.328601 -0.881294
vn -0.563147 -0.315640 -0.763699
vn -0.613265 -0.230245 -0.755575
vn 0.021805 -0.449398 -0.893065
vn 0.016603 -0.357062 -0.933933
vn -0.301528 -0.318053 -0.898845
vn -0.266349 -0.383291 -0.884391
vn 0.996861 0.070304 -0.036410
vn 0.995939 0.084877 0.030010
vn 0.994932 0.061697 -0.079403
vn 0.988689 0.033181 -0.146264
vn 0.980400 0.119629 0.156542
vn 0.988324 0.120699 0.092992
vn 0.923694 0.183810 0.336158
vn 0.938841 0.201104 0.279526
vn -0.068744 0.480314 0.874398
vn -0.035499 0.471020 0.881408
vn -0.038781 0.466786 0.883520
vn -0.073031 0.460781 0.884504
vn 0.151280 0.456192 0.876929
vn 0.138298 0.474899 0.869106
vn 0.506576 0.389654 0.769123
vn 0.483951 0.434992 0.759324
vn 0.800222 0.271991 0.534477
vn 0.795867 0.316670 0.516058
vn 0.981448 0.036151 -0.188289
vn 0.968805 0.000442 -0.247823
vn 0.931432 -0.053383 -0.359978
vn 0.940908 -0.025625 -0.337693
vn 0.923257 -0.037512 -0.382347
vn 0.921700 -0.063915 -0.382602
vn 0.920018 -0.042825 -0.389529
vn 0.924566 -0.036537 -0.379266
vn 0.919820 0.002262 -0.392335
vn 0.916115 0.000792 -0.400915
vn 0.912013 0.044524 -0.407738
vn 0.925641 0.059143 -0.373752
vn 0.936021 0.117009 -0.331925
vn 0.916422 0.097675 -0.388112
vn 0.948025 0.156233 -0.277199
vn 0.960367 0.156468 -0.230679
vn 0.947228 0.123940 -0.295632
vn 0.929843 0.128100 -0.344937
vn 0.991191 0.070953 -0.111834
vn 0.992145 0.066312 -0.106070
vn 0.988897 0.051527 -0.139385
vn 0.986534 0.062651 -0.151081
vn 0.990202 0.091824 -0.105211
vn 0.986514 0.077610 -0.144107
vn 0.988747 0.111272 -0.099993
vn 0.983406 0.113528 -0.141509
vn 0.985409 0.043090 -0.164657
vn 0.987958 0.052663 -0.145482
vn 0.986590 0.073134 -0.145918
vn 0.985330 0.090594 -0.144631
vn 0.984614 0.151771 -0.086602
vn 0.979868 0.181851 -0.082390
vn 0.978866 0.172544 -0.109774
vn 0.964509 0.264047 0.001607
vn 0.967934 0.248753 -0.035012
vn 0.966611 0.250128 -0.055669
vn 0.966975 0.253716 -0.024216
vn 0.974203 0.216538 -0.063564
vn 0.972362 0.217356 -0.085256
vn 0.977639 0.079570 -0.194658
vn 0.965843 0.096400 -0.240530
vn 0.974008 0.119104 -0.192674
vn 0.979956 0.089790 -0.177833
vn 0.973362 0.228533 -0.018403
vn 0.979785 0.173338 -0.099875
vn 0.983207 0.148327 -0.106320
vn 0.977796 0.203988 -0.048003
vn 0.971300 0.125163 -0.202264
vn 0.972118 0.133601 -0.192709
vn 0.960939 0.154472 -0.229641
vn 0.969729 0.139427 -0.200464
vn 0.957173 0.006104 -0.289452
vn 0.961651 -0.010781 -0.274064
vn 0.960353 0.014943 -0.278386
vn 0.961126 0.060574 -0.269383
vn 0.963913 0.118796 -0.238242
vn 0.964937 0.175827 -0.194887
vn 0.965074 0.210647 -0.155754
vn 0.969909 0.207773 -0.126911
vn 0.979994 0.160297 -0.117968
vn 0.982836 0.114417 -0.144714
vn 0.971872 0.122774 -0.200974
vn 0.981934 0.126807 -0.140444
vn 0.978848 0.159880 -0.127653
vn 0.976802 0.189417 -0.099900
vn 0.967441 0.250659 -0.035048
vn 0.971574 0.229620 -0.057607
vn 0.971712 0.228362 -0.060228
vn 0.971313 0.185642 -0.148620
vn 0.943013 0.157395 -0.293177
vn 0.956742 0.006024 -0.290876
vn 0.934923 -0.004302 -0.354825
vn 0.952494 0.035034 -0.302535
vn 0.980058 0.081378 -0.181283
vn 0.871195 -0.105031 -0.479569
vn 0.893226 -0.060934 -0.445461
vn 0.963486 0.005647 -0.267699
vn 0.954812 -0.024946 -0.296162
vn 0.902570 -0.032297 -0.429330
vn 0.964732 0.029895 -0.261530
vn 0.904691 -0.019236 -0.425635
vn 0.964222 0.044997 -0.261249
vn 0.964181 0.074933 -0.254441
vn 0.909176 0.006480 -0.416362
vn 0.915599 0.038149 -0.400279
vn 0.966016 0.109109 -0.234324
vn 0.919127 0.062552 -0.388963
vn 0.969322 0.137380 -0.203820
vn 0.682195 -0.192928 -0.705258
vn 0.721332 -0.149823 -0.676190
vn 0.366498 -0.269118 -0.890649
vn 0.401421 -0.238952 -0.884174
vn 0.739828 -0.126205 -0.660853
vn 0.005657 -0.295748 -0.955249
vn 0.000427 -0.275599 -0.961273
vn -0.332777 -0.265898 -0.904742
vn -0.366912 -0.240243 -0.898699
vn -0.643293 -0.184485 -0.743061
vn -0.678329 -0.149374 -0.719415
vn -0.829498 -0.085973 -0.551854
vn -0.856044 -0.054071 -0.514067
vn -0.905705 -0.017611 -0.423542
vn -0.917424 0.006803 -0.397854
vn -0.045677 0.482923 0.874471
vn -0.097501 0.466632 0.879061
vn -0.074027 0.462163 0.883700
vn -0.042614 0.458459 0.887693
vn -0.371022 0.433560 0.821199
vn -0.743821 0.347185 0.571133
vn -0.349212 0.466556 0.812636
vn -0.744686 0.394220 0.538548
vn -0.933299 0.248085 0.259628
vn -0.984903 0.173063 -0.003839
vn -0.977032 0.111042 -0.181873
vn -0.958117 0.074514 -0.276512
vn -0.943706 0.069383 -0.323428
vn -0.941160 0.047914 -0.334547
vn -0.942931 0.029676 -0.331664
vn -0.932384 0.012873 -0.361240
vn -0.953749 0.057878 -0.294979
vn -0.937504 0.033923 -0.346317
vn -0.945838 0.044730 -0.321544
vn -0.949295 0.261289 0.174834
vn -0.983791 0.161600 -0.077722
vn -0.969953 0.098199 -0.222596
vn -0.953649 0.070485 -0.292551
vn -0.966475 0.102418 -0.235449
vn -0.979177 0.169944 -0.111045
vn -0.953084 0.280116 0.114742
vn -0.376292 0.500105 0.779935
vn -0.763572 0.428760 0.482828
vn -0.038510 0.474430 0.879451
vn -0.090940 0.483153 0.870800
vn -0.015646 0.493185 0.869784
vn -0.060493 0.480711 0.874790
vn 0.870014 0.127942 -0.476137
vn 0.794857 0.134838 -0.591626
vn 0.892292 0.150556 -0.425616
vn 0.943310 0.169447 -0.285402
vn 0.950279 0.195091 -0.242714
vn 0.908698 0.270271 -0.318154
vn 0.920142 0.306258 -0.244016
vn 0.954475 0.216424 -0.205274
vn 0.880304 0.247781 -0.404562
vn 0.941984 0.183678 -0.280942
vn 0.830749 0.244789 -0.499934
vn 0.924907 0.190561 -0.328989
vn 0.786505 0.257765 -0.561219
vn 0.903398 0.201880 -0.378308
vn 0.718334 0.280178 -0.636786
vn 0.869185 0.207916 -0.448651
vn 0.653546 0.224676 -0.722771
vn 0.451988 0.319149 -0.832977
vn 0.611016 0.301945 -0.731771
vn 0.788191 0.215485 -0.576474
vn 0.445239 0.211319 -0.870119
vn 0.247798 0.323141 -0.913332
vn 0.159716 0.189064 -0.968889
vn -0.012870 0.307791 -0.951367
vn -0.149854 0.166434 -0.974599
vn -0.254632 0.282527 -0.924847
vn 0.919753 0.103116 -0.378710
vn 0.913568 0.139661 -0.381955
vn 0.964044 0.208383 -0.164912
vn 0.968308 0.181387 -0.171693
vn 0.900264 0.142778 -0.411266
vn 0.959982 0.198817 -0.197246
vn 0.428644 -0.226098 -0.874725
vn -0.406332 -0.235640 -0.882818
vn 0.003640 -0.276966 -0.960873
vn -0.710762 -0.127021 -0.691869
vn -0.871062 -0.030514 -0.490224
vn -0.924401 0.016979 -0.381044
vn -0.947921 0.057655 -0.313243
vn -0.941080 0.040994 -0.335692
vn 0.958170 -0.016472 -0.285725
vn 0.980883 0.029717 -0.192314
vn 0.992521 0.076650 -0.095013
vn 0.990007 0.137555 0.031076
vn 0.178987 0.509152 0.841860
vn 0.492427 0.482644 0.724272
vn 0.794926 0.371505 0.479663
vn 0.946473 0.234725 0.221570
vn 0.464614 -0.203647 -0.861778
vn 0.756275 -0.106029 -0.645605
vn 0.949219 -0.002395 -0.314607
vn 0.972411 0.042883 -0.229299
vn 0.986332 0.091129 -0.137276
vn 0.987202 0.158827 -0.014332
vn 0.945508 0.270269 0.181572
vn 0.800824 0.407446 0.438940
vn 0.534839 0.506613 0.676232
vn 0.235509 0.533726 0.812202
vn 0.015686 0.519164 0.854531
vn -0.046051 0.507718 0.860292
vn -0.038660 0.508406 0.860249
vn -0.123507 0.521256 0.844416
vn -0.422379 0.525136 0.738801
vn -0.786035 0.435382 0.438853
vn -0.954232 0.283829 0.094251
vn -0.966378 0.114493 -0.230227
vn -0.977405 0.179708 -0.111290
vn -0.955710 0.081322 -0.282853
vn -0.950930 0.066206 -0.302239
vn -0.944721 0.053998 -0.323399
vn 0.958665 0.073716 -0.274824
vn 0.935921 0.030327 -0.350902
vn 0.977429 0.201081 -0.064796
vn 0.974312 0.125410 -0.187054
vn 0.939712 0.316183 0.130269
vn -0.883290 -0.010051 -0.468718
vn -0.926052 0.029948 -0.376206
vn -0.757542 -0.104865 -0.644309
vn 0.020730 -0.262081 -0.964823
vn -0.451844 -0.221286 -0.864216
vn 0.923630 0.068366 -0.377140
vn 0.943690 0.108598 -0.312499
vn 0.916922 0.108611 -0.384002
vn 0.959623 0.163423 -0.228949
vn 0.771224 -0.081204 -0.631364
vn 0.779783 -0.045794 -0.624372
vn 0.494148 -0.169173 -0.852759
vn 0.492386 -0.123579 -0.861559
vn 0.029961 -0.219942 -0.975053
vn 0.025647 -0.163951 -0.986135
vn -0.491016 -0.182598 -0.851799
vn -0.489824 -0.132112 -0.861753
vn -0.798383 -0.081197 -0.596651
vn -0.808202 -0.057241 -0.586118
vn -0.898416 -0.000712 -0.439145
vn -0.909970 0.005944 -0.414632
vn -0.946528 0.064265 -0.316157
vn -0.932994 0.039634 -0.357702
vn -0.929903 0.039399 -0.365688
vn -0.952640 0.077443 -0.294073
vn -0.957855 0.089909 -0.272819
vn -0.967572 0.117406 -0.223651
vn -0.977908 0.175922 -0.112903
vn 0.816509 0.442788 0.370476
vn 0.583984 0.541710 0.604576
vn 0.285046 0.581443 0.762019
vn 0.047177 0.573398 0.817918
vn -0.036977 0.562582 0.825914
vn -0.049260 0.564560 0.823921
vn -0.462439 0.558629 0.688537
vn -0.159157 0.575221 0.802365
vn -0.956652 0.279589 0.081533
vn -0.802813 0.442285 0.399845
vn -0.954630 0.075308 -0.288116
vn -0.948471 0.064359 -0.310260
vn -0.959668 0.086468 -0.267507
vn -0.968652 0.114149 -0.220643
vn -0.977181 0.174294 -0.121402
vn -0.954205 0.292196 0.064140
vn -0.805648 0.470591 0.359828
vn -0.486760 0.603133 0.631898
vn -0.189755 0.635182 0.748690
vn -0.060733 0.630037 0.774187
vn -0.024512 0.632063 0.774530
vn 0.079774 0.646361 0.758851
vn 0.321261 0.649707 0.688965
vn 0.611094 0.594584 0.522526
vn 0.822033 0.485108 0.298214
vn 0.931008 0.356914 0.076395
vn 0.964526 0.241135 -0.107439
vn 0.773705 -0.021376 -0.633186
vn 0.467588 -0.095216 -0.878804
vn 0.008561 -0.126734 -0.991900
vn -0.790530 -0.037401 -0.611280
vn -0.473993 -0.098491 -0.875003
vn -0.907609 0.005350 -0.419783
vn -0.937040 0.025510 -0.348290
vn -0.951219 0.033190 -0.306726
vn -0.960660 0.046285 -0.273844
vn -0.966885 0.065170 -0.246752
vn -0.974329 0.104326 -0.199497
vn -0.978419 0.179574 -0.102224
vn -0.947990 0.309804 0.073051
vn -0.805014 0.487428 0.338182
vn 0.929815 0.143639 -0.338838
vn 0.944880 0.197218 -0.261357
vn 0.949709 0.277184 -0.145678
vn -0.506332 0.629138 0.589757
vn -0.218911 0.673044 0.706463
vn -0.071444 0.674757 0.734574
vn -0.005191 0.678495 0.734587
vn 0.123717 0.693320 0.709931
vn 0.363389 0.692078 0.623680
vn 0.918405 0.394276 0.032848
vn 0.814977 0.524559 0.246275
vn 0.627471 0.632636 0.453930
vn 0.924433 0.129407 -0.358716
vn 0.930253 0.155943 -0.332131
vn 0.941030 0.206439 -0.268040
vn 0.944605 0.286096 -0.160843
vn 0.916193 0.400713 0.004383
vn 0.825599 0.525322 0.205968
vn 0.667771 0.626702 0.401656
vn 0.426509 0.695346 0.578432
vn 0.179705 0.711457 0.679364
vn 0.017307 0.701963 0.712003
vn -0.081422 0.695959 0.713451
vn -0.246862 0.686170 0.684273
vn -0.527920 0.629201 0.570444
vn -0.804381 0.486002 0.341720
vn -0.941158 0.320040 0.108611
vn -0.980102 0.188318 -0.062741
vn -0.980312 0.105537 -0.166882
vn -0.973746 0.058795 -0.219915
vn -0.966134 0.029428 -0.256358
vn -0.951843 0.002535 -0.306575
vn -0.931252 -0.010241 -0.364231
vn -0.888331 -0.022270 -0.458663
vn -0.760422 -0.058066 -0.646829
vn -0.458630 -0.110192 -0.881769
vn -0.005951 -0.127161 -0.991864
vn 0.447913 -0.080326 -0.890461
vn 0.765526 0.008559 -0.643349
vn 0.942003 0.121735 -0.312746
vn 0.944847 0.139674 -0.296235
vn 0.952238 0.181317 -0.245697
vn 0.955070 0.258296 -0.145343
vn 0.929862 0.367900 0.002488
vn 0.851792 0.491528 0.181248
vn 0.710679 0.603409 0.361708
vn 0.488547 0.692137 0.531289
vn 0.234647 0.729640 0.642313
vn -0.087957 0.722405 0.685853
vn 0.042146 0.728553 0.683692
vn -0.272324 0.708899 0.650617
vn -0.542841 0.641399 0.542154
vn -0.802633 0.496170 0.331052
vn -0.932058 0.340901 0.122697
vn -0.976388 0.211779 -0.042614
vn -0.981097 0.129278 -0.143998
vn -0.975583 0.076881 -0.205738
vn -0.966302 0.044216 -0.253587
vn -0.947383 0.009632 -0.319957
vn -0.918461 -0.020807 -0.394965
vn -0.863752 -0.052504 -0.501174
vn -0.729678 -0.094030 -0.677295
vn -0.437187 -0.130387 -0.889869
vn 0.007891 -0.119195 -0.992840
vn 0.762081 0.048990 -0.645626
vn 0.456674 -0.047298 -0.888376
vn 0.987968 0.091006 -0.125046
vn 0.962664 0.097152 -0.252664
vn 0.962645 0.113271 -0.245937
vn 0.752138 0.071190 -0.655149
vn 0.468679 -0.010143 -0.883310
vn 0.044713 -0.080217 -0.995774
vn -0.401430 -0.105473 -0.909796
vn -0.700720 -0.080970 -0.708826
vn -0.845753 -0.039880 -0.532082
vn -0.907447 -0.006817 -0.420111
vn -0.939883 0.020177 -0.340900
vn -0.963799 0.056043 -0.260673
vn -0.975239 0.095819 -0.199317
vn -0.979332 0.155878 -0.128885
vn -0.971986 0.231110 -0.042793
vn -0.930876 0.351071 0.101086
vn -0.813950 0.503103 0.290471
vn -0.569877 0.658008 0.492205
vn -0.303718 0.734277 0.607118
vn -0.093173 0.756894 0.646862
vn 0.068493 0.761354 0.644709
vn 0.273293 0.751694 0.600223
vn 0.520076 0.696740 0.494039
vn 0.728240 0.594734 0.340526
vn 0.859666 0.477492 0.181594
vn 0.935144 0.353363 0.025317
vn 0.964738 0.239363 -0.109479
vn 0.966862 0.156286 -0.201871
vn 0.976704 0.172180 -0.128078
vn 0.964156 0.262308 -0.039965
vn 0.924724 0.372594 0.077847
vn 0.844173 0.491715 0.213513
vn 0.977478 0.115829 -0.176413
vn 0.976927 0.086766 -0.195153
vn 0.713659 0.606586 0.350349
vn 0.513896 0.708411 0.483803
vn 0.292237 0.764027 0.575205
vn 0.095124 0.779995 0.618514
vn 0.717970 0.066699 -0.692871
vn 0.616312 0.104703 -0.780510
vn 0.451431 -0.000510 -0.892306
vn 0.334696 0.068708 -0.939818
vn 0.052952 -0.055189 -0.997071
vn -0.025389 0.035915 -0.999032
vn -0.396997 0.010770 -0.917757
vn -0.374245 -0.078159 -0.924030
vn -0.413060 0.261056 -0.872486
vn -0.423804 0.144723 -0.894117
vn -0.673324 -0.061080 -0.736820
vn -0.823984 -0.033833 -0.565602
vn -0.592104 0.118686 -0.797074
vn -0.524895 0.238506 -0.817068
vn -0.641267 -0.000916 -0.767317
vn -0.777349 0.001927 -0.629067
vn -0.711737 0.101875 -0.695020
vn -0.635547 0.212504 -0.742241
vn -0.803042 0.086830 -0.589563
vn -0.729690 0.199347 -0.654075
vn -0.894449 -0.012404 -0.446998
vn -0.861441 0.001637 -0.507856
vn -0.095905 0.776364 0.622946
vn -0.327091 0.747004 0.578789
vn -0.584404 0.666257 0.463220
vn -0.820897 0.506158 0.264448
vn -0.933526 0.348320 0.084866
vn -0.970403 0.238491 -0.037934
vn -0.978335 0.173150 -0.113488
vn -0.975138 0.110746 -0.191939
vn -0.961850 0.060844 -0.266725
vn -0.932308 0.013314 -0.361419
vn -0.919653 0.019660 -0.392239
vn -0.959483 0.072439 -0.272296
vn -0.975016 0.126620 -0.182511
vn -0.975795 0.196088 -0.096819
vn -0.961801 0.273088 -0.019004
vn -0.915885 0.390599 0.092671
vn -0.791437 0.552158 0.262201
vn 0.972269 0.158038 -0.172386
vn 0.969352 0.208208 -0.130411
vn 0.960045 0.270957 -0.069968
vn 0.934177 0.356408 0.016920
vn 0.887133 0.446950 0.115024
vn 0.804152 0.548249 0.229702
vn 0.672082 0.648920 0.356665
vn 0.492351 0.731779 0.471264
vn 0.923757 0.338885 -0.178411
vn 0.954312 0.249442 -0.164520
vn 0.919683 0.376392 -0.111860
vn 0.947767 0.299178 -0.110586
vn 0.903401 0.426468 -0.044638
vn 0.932381 0.358201 -0.048554
vn 0.869771 0.492536 0.030122
vn 0.898560 0.437532 0.034004
vn 0.298525 0.779012 0.551383
vn 0.105001 0.798894 0.592236
vn -0.102232 0.802198 0.588241
vn -0.338393 0.770701 0.539917
vn -0.580237 0.692340 0.428940
vn -0.885203 0.096211 -0.455147
vn -0.826196 0.202480 -0.525740
vn -0.939238 0.141463 -0.312763
vn -0.896131 0.240469 -0.372994
vn -0.958841 0.197084 -0.204406
vn -0.922904 0.291713 -0.251299
vn -0.956953 0.270147 -0.106126
vn -0.921103 0.363106 -0.140441
vn -0.932612 0.360738 -0.010115
vn -0.886515 0.462337 -0.018322
vn -0.873332 0.476603 0.100706
vn -0.818879 0.566007 0.095259
vn -0.744864 0.618130 0.251183
vn -0.706115 0.673270 0.219336
vn -0.558647 0.734335 0.385572
vn -0.523503 0.780409 0.341915
vn -0.288023 0.858170 0.424956
vn -0.326806 0.813448 0.481145
vn -0.099813 0.845554 0.524476
vn -0.077520 0.883630 0.461724
vn 0.112533 0.879369 0.462653
vn 0.101646 0.841943 0.529906
vn 0.319655 0.847942 0.422866
vn 0.301835 0.816431 0.492277
vn 0.495111 0.792501 0.356101
vn 0.484436 0.767001 0.420752
vn 0.639479 0.719816 0.270060
vn 0.648197 0.689824 0.322465
vn 0.818739 0.564507 0.104878
vn 0.848938 0.515309 0.117304
vn 0.770732 0.600959 0.211708
vn 0.742526 0.643820 0.184800
vn 0.863764 0.457863 -0.210412
vn 0.623800 0.642346 -0.445270
vn 0.631595 0.651662 -0.420028
vn 0.865897 0.482567 -0.131721
vn 0.840918 0.474996 -0.259298
vn 0.546269 0.735061 -0.401591
vn 0.533496 0.754623 -0.382003
vn 0.831535 0.450008 -0.325642
vn 0.814794 0.387784 -0.430970
vn 0.552298 0.678032 -0.485015
vn 0.758681 0.352006 -0.548175
vn 0.481509 0.639731 -0.599077
vn 0.397585 0.632239 -0.664981
vn 0.669977 0.343262 -0.658257
vn 0.296689 0.629646 -0.717999
vn 0.589554 0.342061 -0.731724
vn 0.497393 0.352878 -0.792514
vn 0.227698 0.614870 -0.755042
vn 0.142850 0.612913 -0.777130
vn 0.363264 0.351880 -0.862682
vn 0.207345 0.356678 -0.910928
vn 0.039295 0.608218 -0.792797
vn 0.611161 0.722370 -0.323520
vn 0.844784 0.533733 -0.038322
vn 0.563678 0.787465 -0.249331
vn 0.787654 0.614860 0.039336
vn 0.502866 0.841349 -0.198138
vn 0.709935 0.694997 0.113897
vn 0.442612 0.880663 -0.168900
vn 0.628215 0.758409 0.173673
vn 0.383823 0.914203 -0.130045
vn 0.518181 0.818584 0.247808
vn 0.232248 0.968611 -0.088624
vn 0.352219 0.878557 0.322613
vn 0.028280 0.996165 -0.082797
vn 0.126410 0.922666 0.364291
vn -0.088116 0.989348 -0.115873
vn -0.061928 0.932080 0.356920
vn -0.188939 0.973423 -0.129418
vn -0.251929 0.915078 0.314904
vn -0.311626 0.938642 -0.147784
vn -0.478960 0.844432 0.239858
vn -0.457143 0.860454 -0.225032
vn -0.673526 0.729384 0.119837
vn -0.566411 0.769877 -0.294053
vn -0.770950 0.636478 0.023066
vn 0.065283 0.369782 -0.926822
vn -0.064005 0.602942 -0.795214
vn -0.126235 0.379064 -0.916720
vn -0.186319 0.584733 -0.789540
vn -0.288344 0.369597 -0.883321
vn -0.293117 0.564452 -0.771671
vn -0.387346 0.361962 -0.847907
vn -0.352758 0.567961 -0.743628
vn -0.479630 0.337513 -0.809963
vn -0.372889 0.576116 -0.727354
vn -0.561656 0.305000 -0.769102
vn -0.406669 0.575619 -0.709424
vn -0.656132 0.298650 -0.693037
vn -0.466850 0.584851 -0.663325
vn -0.739494 0.313064 -0.595935
vn -0.502584 0.615181 -0.607422
vn -0.811514 0.364679 -0.456568
vn -0.549390 0.650335 -0.524629
vn -0.846275 0.408102 -0.342450
vn -0.561064 0.663346 -0.495155
vn -0.854288 0.461982 -0.238252
vn -0.550382 0.687428 -0.473837
vn -0.569228 0.720653 -0.395775
vn -0.828577 0.550945 -0.099601
vn 0.159053 0.846997 -0.507246
vn -0.173975 0.493836 -0.851974
vn -0.192525 0.451575 -0.871214
vn 0.067757 0.866062 -0.495324
vn -0.178372 0.405313 -0.896608
vn -0.068360 0.869253 -0.489618
vn -0.118210 0.320549 -0.939827
vn -0.102154 0.849509 -0.517590
vn -0.013632 0.361126 -0.932417
vn -0.129131 0.853827 -0.504286
vn 0.150654 0.304185 -0.940625
vn -0.165246 0.839754 -0.517212
vn 0.242215 0.322860 -0.914928
vn -0.237831 0.799529 -0.551534
vn -0.301372 0.734388 -0.608153
vn 0.304877 0.366910 -0.878878
vn 0.451385 0.466991 -0.760376
vn -0.244365 0.719890 -0.649649
vn 0.524110 0.643651 -0.557693
vn -0.185843 0.778451 -0.599563
vn 0.168752 0.851050 -0.497229
vn -0.237447 0.525119 -0.817232
vn 0.202486 0.838547 -0.505804
vn -0.273790 0.571790 -0.773367
vn 0.226098 0.797310 -0.559622
vn -0.343707 0.513721 -0.786102
vn 0.250315 0.752147 -0.609604
vn -0.375030 0.480979 -0.792472
vn 0.261142 0.688876 -0.676206
vn -0.390532 0.497814 -0.774381
vn 0.205215 0.742067 -0.638140
vn -0.435873 0.634771 -0.638029
vn 0.075924 0.891539 -0.446535
vn -0.535903 0.775749 -0.333199
vn 0.082856 0.932457 -0.351652
vn -0.478361 0.848329 -0.226955
vn 0.496963 0.764160 -0.411203
vn -0.211728 0.810162 -0.546634
vn 0.445863 0.851655 -0.275482
vn -0.209316 0.826734 -0.522205
vn 0.397618 0.893581 -0.208358
vn -0.155654 0.834848 -0.528016
vn 0.250776 0.957030 -0.145623
vn -0.160724 0.848089 -0.504890
vn 0.168175 0.982049 -0.085420
vn -0.176727 0.856976 -0.484108
vn 0.090737 0.994039 -0.060442
vn -0.212681 0.839267 -0.500398
vn -0.026244 0.999569 0.013152
vn -0.268245 0.824747 -0.497832
vn -0.074516 0.996994 -0.021216
vn -0.227469 0.827393 -0.513497
vn -0.120982 0.992258 0.028063
vn -0.162249 0.855991 -0.490871
vn -0.194792 0.979554 0.050295
vn -0.115971 0.868169 -0.482529
vn -0.275410 0.960824 0.031078
vn -0.107394 0.857772 -0.502687
vn -0.326547 0.945179 -0.001766
vn -0.084863 0.845599 -0.527030
vn -0.339225 0.940637 0.011314
vn -0.044265 0.855051 -0.516652
vn -0.346947 0.937452 -0.028496
vn 0.001242 0.866168 -0.499751
vn -0.398518 0.915242 -0.059293
vn 0.041929 0.870301 -0.490732
vn -0.382425 0.897766 -0.218557
vn 0.083005 0.865014 -0.494834
vn -0.448579 0.858534 -0.248389
vn 0.119274 0.893173 -0.433607
vn -0.893879 0.306169 -0.327477
vn -0.927407 0.355035 -0.117753
vn -0.846685 0.131202 -0.515665
vn -0.786266 0.064511 -0.614512
vn -0.687166 0.068581 -0.723257
vn -0.624257 0.011974 -0.781127
vn -0.561776 -0.033964 -0.826592
vn -0.420528 -0.013885 -0.907173
vn -0.362755 -0.115720 -0.924672
vn -0.256698 -0.155542 -0.953893
vn -0.114591 -0.160463 -0.980368
vn 0.095126 -0.192616 -0.976653
vn 0.302723 -0.171229 -0.937571
vn 0.510034 -0.093786 -0.855026
vn 0.701390 0.019480 -0.712512
vn 0.821257 0.148859 -0.550798
vn 0.887514 0.313071 -0.338092
vn 0.890021 0.439041 -0.122901
vn 0.824548 0.558123 0.092844
vn 0.747192 0.622905 0.231718
vn -0.913368 0.403967 -0.050684
vn -0.855329 0.517597 0.022498
vn -0.794815 0.565348 0.220571
vn -0.702499 0.610701 0.365431
vn -0.553565 0.689404 0.467213
vn 0.584912 0.733978 0.345186
vn 0.438283 0.809344 0.390987
vn 0.338042 0.807319 0.483699
vn 0.299157 0.798241 0.522796
vn -0.453379 0.707951 0.541529
vn -0.406048 0.730966 0.548465
vn -0.323935 0.800468 0.504298
vn -0.181853 0.811976 0.554640
vn -0.076720 0.815339 0.573878
vn 0.061113 0.900866 0.429774
vn -0.958046 0.184176 -0.219609
vn -0.894605 0.053702 -0.443619
vn -0.834403 -0.013315 -0.550994
vn -0.734024 -0.089908 -0.673146
vn -0.661521 -0.136012 -0.737489
vn -0.965645 0.255375 -0.048103
vn -0.967570 0.218866 -0.126119
vn -0.934099 0.339242 0.111238
vn -0.752827 0.526934 0.394451
vn -0.846202 0.455112 0.277156
vn -0.559689 0.608973 0.562050
vn -0.370057 0.668050 0.645575
vn -0.422082 0.653662 0.628151
vn -0.127324 0.707874 0.694769
vn -0.294297 0.686855 0.664545
vn -0.011316 0.716572 0.697421
vn 0.198430 0.710668 0.674964
vn -0.613581 -0.162637 -0.772702
vn -0.475146 -0.223004 -0.851179
vn -0.346454 -0.254691 -0.902830
vn -0.256228 -0.272756 -0.927335
vn -0.098355 -0.299049 -0.949155
vn 0.163948 -0.267991 -0.949369
vn 0.362901 -0.228546 -0.903366
vn 0.576734 -0.171242 -0.798783
vn 0.391484 0.668095 0.632763
vn 0.341509 0.677803 0.651119
vn 0.462420 0.653042 0.599753
vn 0.818319 0.481143 0.314415
vn 0.719918 0.549506 0.423984
vn 0.780939 -0.042404 -0.623166
vn 0.886714 0.063412 -0.457950
vn 0.956685 0.282681 -0.069604
vn 0.950543 0.165431 -0.262869
vn 0.914724 0.387228 0.115473
vn -0.106709 0.651128 -0.751429
vn -0.000185 0.019532 -0.999809
vn -0.429244 0.056877 -0.901396
vn -0.364774 0.617311 -0.697042
vn 0.120525 0.701810 -0.702095
vn 0.512252 0.147356 -0.846099
vn -0.382053 0.823032 -0.420303
vn -0.152696 0.894515 -0.420151
vn -0.698058 0.144785 -0.701251
vn -0.811565 0.361265 -0.459183
vn -0.219243 0.892442 0.394309
vn -0.544510 0.774799 0.321241
vn -0.860543 0.503627 -0.076326
vn 0.072153 0.888032 -0.454084
vn 0.130997 0.894726 0.426973
vn 0.818684 0.360910 -0.446656
vn 0.758417 0.638669 -0.130021
vn 0.577190 0.769810 0.272479
s 1
g polySurface10
usemtl blinn3SG
f 1/2168/1 1393/2349/2 1394/3/3 4/2170/4
f 1394/3/3 1395/5/5 6/2169/6 4/2170/4
f 8/7/7 6/2169/6 1395/5/5 1396/8/8
f 1430/9/9 1393/2/2 1/2348/1 9/2167/10
f 1429/11/11 1430/9/9 9/2167/10 11/2166/12
f 11/2166/12 13/2165/13 1428/14/14 1429/11/11
f 1427/15/15 1428/14/14 13/2165/13 15/2163/16
f 1396/8/8 1397/17/17 18/18/18 8/7/7
f 1426/19/19 1427/15/15 15/2163/16 19/2162/20
f 1425/21/21 1426/19/19 19/2162/20 21/2141/22
f 1397/17/17 1398/23/23 24/24/24 18/18/18
f 26/25/25 24/24/24 1398/23/23 1399/26/26
f 1399/26/26 1400/27/27 28/28/28 26/25/25
f 1400/27/27 1401/29/29 30/30/30 28/28/28
f 32/31/31 35/2155/32 1402/33/33 1403/34/34
f 1403/34/34 1404/35/35 34/36/36 32/31/31
f 1401/29/29 1402/33/33 35/2155/32 30/30/30
f 34/36/36 1404/35/35 1405/37/37 38/38/38
f 1405/37/37 1406/39/39 40/40/40 38/38/38
f 1406/39/39 1407/41/41 42/42/42 40/40/40
f 1407/41/41 1408/43/43 44/44/44 42/42/42
f 1409/45/45 46/46/46 44/44/44 1408/43/43
f 1409/45/45 1410/47/47 48/48/48 46/46/46
f 1410/47/47 1411/49/49 50/50/50 48/48/48
f 52/51/51 50/50/50 1411/49/49 1412/52/52
f 54/53/53 52/51/51 1412/52/52 1413/54/54
f 1413/54/54 1414/55/55 56/56/56 54/53/53
f 1414/55/55 1415/57/57 58/58/58 56/56/56
f 1415/57/57 1416/59/59 60/60/60 58/58/58
f 63/61/61 1132/2136/62 1418/63/63 1419/64/64
f 65/65/65 1119/2139/66 1420/67/67 1421/68/68
f 1421/68/68 1422/69/69 67/70/70 65/65/65
f 69/71/71 67/70/70 1422/69/69 1423/72/72
f 71/73/73 69/71/71 1423/72/72 1424/74/74
f 21/2141/22 71/73/73 1424/74/74 1425/21/21
f 75/75/75 330/76/76 331/77/77 74/78/78
f 77/79/79 76/80/80 1257/81/81 1258/82/82
f 76/80/80 78/83/83 1294/84/84 1257/81/81
f 78/83/83 79/85/85 1293/86/86 1294/84/84
f 1258/82/82 1259/87/87 80/88/88 77/79/79
f 81/89/89 80/88/88 1259/87/87 1260/90/90
f 82/91/91 81/89/89 1260/90/90 1261/92/92
f 83/93/93 82/91/91 1261/92/92 1262/94/94
f 85/95/95 84/96/96 1272/97/97 1273/98/98
f 84/96/96 86/99/99 1271/100/100 1272/97/97
f 86/99/99 87/101/101 1270/102/102 1271/100/100
f 87/101/101 88/103/103 1269/104/104 1270/102/102
f 88/103/103 89/105/105 1268/106/106 1269/104/104
f 89/105/105 90/107/107 1267/108/108 1268/106/106
f 90/107/107 91/109/109 1266/110/110 1267/108/108
f 91/2356/109 92/111/111 1265/112/112 1266/2352/110
f 92/111/111 93/113/113 1264/114/114 1265/112/112
f 1263/115/115 1264/114/114 93/113/113 94/116/116
f 94/116/116 83/93/93 1262/94/94 1263/115/115
f 1273/98/98 1274/117/117 95/118/118 85/95/95
f 96/119/119 95/118/118 1274/117/117 1275/120/120
f 97/121/121 96/119/119 1275/120/120 1276/122/122
f 1276/122/122 1277/123/123 1121/124/124 97/121/121
f 1127/125/125 1134/126/126 1279/127/127 1280/128/128
f 100/129/129 99/130/130 1281/131/131 1282/132/132
f 1283/133/133 1284/134/134 101/135/135 102/136/136
f 1282/132/132 1283/133/133 102/136/136 100/129/129
f 1284/134/134 1285/137/137 103/138/138 101/135/135
f 1285/137/137 1286/139/139 104/140/140 103/138/138
f 105/141/141 104/140/140 1286/139/139 1287/142/142
f 106/143/143 105/141/141 1287/142/142 1288/144/144
f 106/143/143 1288/144/144 1289/146/145 107/145/146
f 108/147/147 107/145/146 1289/146/145 1290/148/148
f 109/149/149 108/147/147 1290/148/148 1291/150/150
f 1291/150/150 1292/151/151 110/152/152 109/149/149
f 1457/153/153 1458/154/154 112/155/155 111/156/156
f 1458/154/154 1459/157/157 113/158/158 112/155/155
f 111/156/156 114/159/159 1508/160/160 1457/153/153
f 1507/161/161 1508/160/160 114/159/159 115/162/162
f 116/163/163 113/158/158 1459/157/157 1460/164/164
f 117/165/165 116/163/163 1460/164/164 1461/166/166
f 117/165/165 1461/166/166 1462/168/167 118/167/168
f 119/169/169 118/167/168 1462/168/167 1463/170/170
f 121/171/171 75/75/75 74/78/78 120/172/172
f 123/173/173 121/171/171 120/172/172 122/174/174
f 125/175/175 123/173/173 122/174/174 124/176/176
f 129/177/177 208/178/178 571/179/179 572/180/180
f 126/181/181 130/182/182 569/183/183 570/184/184
f 130/182/182 134/185/185 568/186/186 569/183/183
f 566/187/187 567/188/188 421/189/189 132/190/190
f 572/2384/180 573/191/191 137/192/192 129/2395/177
f 132/190/190 424/193/193 565/194/194 566/187/187
f 138/195/195 140/196/196 563/197/197 564/198/198
f 563/197/197 140/196/196 142/199/199 562/200/200
f 562/200/200 142/199/199 174/201/201 561/202/202
f 558/203/203 559/204/204 443/205/205 144/206/206
f 555/207/207 556/208/208 153/209/209 148/210/210
f 554/211/211 555/207/207 148/210/210 150/212/212
f 446/213/213 557/214/214 558/203/203 144/206/206
f 150/212/212 154/215/215 553/216/216 554/211/211
f 154/215/215 164/217/217 552/218/218 553/216/216
f 156/219/219 204/220/220 550/221/221 551/222/222
f 158/223/223 160/224/224 548/225/225 549/226/226
f 160/224/224 162/227/227 547/228/228 548/225/225
f 551/222/222 552/218/218 164/217/217 156/219/219
f 1480/229/229 1481/230/230 426/231/231 167/232/232
f 167/232/232 419/233/233 1479/234/234 1480/229/229
f 170/235/235 1483/236/236 1484/237/237 169/238/238
f 1482/239/239 1483/236/236 170/235/235 166/240/240
f 169/238/238 1484/237/237 1485/241/241 176/242/242
f 441/243/243 1487/244/244 1488/245/245 172/246/246
f 1488/245/245 1489/247/247 448/248/248 172/246/246
f 560/249/249 561/202/202 174/201/201 146/250/250
f 171/251/251 176/242/242 1485/241/241 1486/252/252
f 1490/253/253 1491/254/254 177/255/255 173/256/256
f 1492/257/257 1493/258/258 178/259/259 179/260/260
f 1491/254/254 1492/257/257 179/260/260 177/255/255
f 1493/258/258 1494/261/261 180/262/262 178/259/259
f 181/263/263 180/262/262 1494/261/261 1495/264/264
f 1495/264/264 1496/265/265 206/266/266 181/263/263
f 184/267/267 182/268/268 1497/269/269 1498/270/270
f 1498/270/270 1499/271/271 186/272/272 184/267/267
f 1499/271/271 1500/273/273 188/274/274 186/272/272
f 190/275/275 188/274/274 1500/273/273 1501/276/276
f 115/162/162 191/277/277 1506/278/278 1507/161/161
f 1503/279/279 1504/280/280 1135/281/281 192/282/282
f 1501/276/276 1502/283/283 1124/284/284 190/275/275
f 98/285/285 1134/126/126 193/286/286 194/287/287
f 195/288/288 1122/289/289 1123/290/290 189/291/291
f 97/121/121 1121/124/124 1122/289/289 195/288/288
f 546/292/292 547/228/228 162/227/227 196/293/293
f 183/294/294 159/295/295 161/296/296 198/297/297
f 198/297/297 199/298/298 185/299/299 183/294/294
f 199/298/298 198/297/297 161/296/296 163/300/300
f 199/298/298 200/301/301 187/302/302 185/299/299
f 1477/307/303 202/304/304 201/305/305 1476/306/306
f 168/308/307 202/304/304 1477/307/303 1478/309/308
f 1474/310/309 1475/311/310 210/312/311 203/313/312
f 549/226/226 550/221/221 204/220/220 158/223/223
f 182/268/268 206/266/266 1496/265/265 1497/269/269
f 203/313/312 207/314/313 1473/315/314 1474/310/309
f 570/184/184 571/179/179 208/178/178 126/181/181
f 201/305/305 210/312/311 1475/311/310 1476/306/306
f 212/316/315 2262/2420/316 2263/2421/317 211/2355/318
f 213/318/319 2261/2419/320 2262/2420/316 212/316/315
f 213/318/319 214/319/321 2260/2418/322 2261/2419/320
f 214/319/321 215/320/323 2259/2417/324 2260/2418/322
f 2263/2422/317 2264/2423/325 216/321/326 211/317/318
f 216/321/326 2264/2423/325 2265/2424/327 217/322/328
f 219/323/329 218/324/330 2266/2425/331 2267/2426/332
f 2265/2424/327 2266/2425/331 218/324/330 217/322/328
f 220/325/333 219/323/329 2267/2426/332 2268/2427/334
f 215/320/323 221/326/335 2258/2416/336 2259/2417/324
f 221/326/335 222/327/337 2257/2415/338 2258/2416/336
f 222/327/337 223/328/339 2256/2414/340 2257/2415/338
f 2255/2413/341 2256/2414/340 223/328/339 224/329/342
f 224/329/342 225/330/343 2254/2412/344 2255/2413/341
f 189/291/291 187/302/302 200/301/301 226/331/345
f 227/332/346 195/288/288 189/291/291 226/331/345
f 195/288/288 227/332/346 96/119/119 97/121/121
f 2271/2430/347 2272/2431/348 2238/2331/349 228/333/350
f 2238/2331/349 2239/2332/351 229/334/352 228/333/350
f 2239/2332/351 2240/2333/353 197/303/354 229/334/352
f 196/293/293 230/335/355 545/336/356 546/292/292
f 230/335/355 232/337/357 544/338/358 545/336/356
f 2269/2428/359 2270/2429/360 234/339/361 235/340/362
f 2268/2427/334 2269/2428/359 235/340/362 220/325/333
f 228/333/350 234/339/361 2270/2429/360 2271/2430/347
f 232/337/357 591/341/363 592/342/364 544/338/358
f 542/343/365 543/344/366 236/345/367 238/346/368
f 241/347/369 240/348/370 158/223/223 204/220/220
f 240/348/370 242/349/371 160/224/224 158/223/223
f 243/350/372 119/169/169 1463/170/170 1464/351/373
f 244/352/374 243/350/372 1464/351/373 1465/353/375
f 72/354/376 109/149/149 110/152/152 73/355/377
f 1293/86/86 79/85/85 110/152/152 1292/151/151
f 245/356/378 2253/2411/379 2254/2412/344 225/330/343
f 246/357/380 2252/2410/381 2253/2411/379 245/356/378
f 79/85/85 2213/2306/382 73/355/377 110/152/152
f 247/358/383 329/359/384 1468/360/385 1469/361/386
f 1469/361/386 1470/362/387 248/363/388 247/358/383
f 249/364/389 248/363/388 1470/362/387 1471/365/390
f 250/366/391 249/364/389 1471/365/390 1472/367/392
f 207/314/313 250/366/391 1472/367/392 1473/315/314
f 156/219/219 251/368/393 241/347/369 204/220/220
f 164/217/217 252/369/394 251/368/393 156/219/219
f 253/370/395 252/369/394 164/217/217 154/215/215
f 150/212/212 254/371/396 253/370/395 154/215/215
f 148/210/210 153/209/209 255/372/397 256/373/398
f 256/373/398 254/371/396 150/212/212 148/210/210
f 443/205/205 444/374/399 259/375/400 144/206/206
f 144/206/206 259/375/400 445/376/401 446/213/213
f 260/377/402 258/378/403 146/250/250 174/201/201
f 140/196/196 261/379/404 262/380/405 142/199/199
f 142/199/199 262/380/405 260/377/402 174/201/201
f 423/381/406 424/193/193 132/190/190 263/382/407
f 264/383/408 261/379/404 140/196/196 138/195/195
f 132/190/190 421/189/189 422/384/409 263/382/407
f 134/185/185 130/182/182 266/385/410 265/386/411
f 130/182/182 126/181/181 267/387/412 266/385/410
f 126/181/181 208/178/178 268/388/413 267/387/412
f 208/178/178 129/177/177 269/389/414 268/388/413
f 137/192/192 270/2408/415 269/2409/414 129/2395/177
f 272/2407/416 270/2408/415 137/192/192 271/392/417
f 274/2406/418 272/2407/416 271/392/417 273/394/419
f 238/346/368 275/395/420 541/396/421 542/343/365
f 167/232/232 290/397/422 418/398/423 419/233/233
f 426/231/231 427/399/424 290/397/422 167/232/232
f 277/400/425 390/401/426 416/402/427 417/403/428
f 428/404/429 429/405/430 390/401/426 277/400/425
f 280/406/431 328/407/432 329/359/384 247/358/383
f 281/408/433 280/406/431 247/358/383 248/363/388
f 283/409/434 282/410/435 249/364/389 250/366/391
f 282/410/435 281/408/433 248/363/388 249/364/389
f 284/411/436 283/409/434 250/366/391 207/314/313
f 284/411/436 207/314/313 203/313/312 285/412/437
f 210/312/311 286/413/438 285/412/437 203/313/312
f 286/413/438 210/312/311 201/305/305 287/414/439
f 202/304/304 288/415/440 287/414/439 201/305/305
f 290/397/422 427/399/424 428/404/429 277/400/425
f 417/403/428 418/398/423 290/397/422 277/400/425
f 168/308/307 291/416/441 288/415/440 202/304/304
f 293/417/442 170/235/235 169/238/238 292/418/443
f 293/417/442 289/419/444 166/240/240 170/235/235
f 292/418/443 169/238/238 176/242/242 294/420/445
f 295/421/446 293/417/442 292/418/443 296/422/447
f 289/419/444 293/417/442 295/421/446 279/423/448
f 297/424/449 294/420/445 176/242/242 171/251/251
f 296/422/447 292/418/443 294/420/445 298/425/450
f 299/426/451 298/425/450 294/420/445 297/424/449
f 448/248/248 449/427/452 301/428/453 172/246/246
f 440/429/454 441/243/243 172/246/246 301/428/453
f 303/430/455 302/431/456 177/255/255 179/260/260
f 302/431/456 300/432/457 173/256/256 177/255/255
f 304/433/458 303/430/455 179/260/260 178/259/259
f 180/262/262 305/434/459 304/433/458 178/259/259
f 306/435/460 305/434/459 180/262/262 181/263/263
f 206/266/266 182/268/268 307/436/461 308/437/462
f 308/437/462 306/435/460 181/263/263 206/266/266
f 309/438/463 307/436/461 182/268/268 184/267/267
f 310/439/464 309/438/463 184/267/267 186/272/272
f 311/440/465 310/439/464 186/272/272 188/274/274
f 312/441/466 311/440/465 188/274/274 190/275/275
f 190/275/275 1124/284/284 1125/442/467 312/441/466
f 1135/281/281 1136/443/468 313/444/469 192/282/282
f 315/445/470 314/446/471 191/277/277 115/162/162
f 316/447/472 315/445/470 115/162/162 114/159/159
f 112/155/155 318/448/473 317/449/474 111/156/156
f 317/449/474 316/447/472 114/159/159 111/156/156
f 113/158/158 116/163/163 319/450/475 320/451/476
f 113/158/158 320/451/476 318/448/473 112/155/155
f 321/453/477 117/165/165 118/167/168 322/452/478
f 321/453/477 319/450/475 116/163/163 117/165/165
f 323/454/479 322/452/478 118/167/168 119/169/169
f 324/455/480 323/454/479 119/169/169 243/350/372
f 243/350/372 244/352/374 257/456/481 324/455/480
f 324/455/480 257/456/481 325/457/482 323/454/479
f 326/458/483 327/459/484 328/407/432 280/406/431
f 673/460/485 674/461/486 325/457/482 257/456/481
f 672/462/487 673/460/485 257/456/481 244/352/374
f 1465/353/375 1466/463/488 672/462/487 244/352/374
f 670/464/489 671/465/490 72/354/376 73/355/377
f 332/466/491 322/452/478 323/454/479 325/457/482
f 333/467/492 321/453/477 322/452/478 332/466/491
f 334/468/493 319/450/475 321/453/477 333/467/492
f 335/469/494 320/451/476 319/450/475 334/468/493
f 336/470/495 377/471/496 413/472/497 414/473/498
f 431/474/499 432/475/500 377/471/496 336/470/495
f 320/451/476 335/469/494 342/476/501 318/448/473
f 318/448/473 342/476/501 343/477/502 317/449/474
f 317/449/474 343/477/502 344/478/503 316/447/472
f 345/479/504 315/445/470 316/447/472 344/478/503
f 315/445/470 345/479/504 346/480/505 314/446/471
f 449/427/452 450/481/506 349/482/507 301/428/453
f 301/428/453 349/482/507 439/483/508 440/429/454
f 450/481/506 451/484/509 384/485/510 349/482/507
f 384/485/510 438/486/511 439/483/508 349/482/507
f 303/430/455 353/487/512 354/488/513 302/431/456
f 354/488/513 348/489/514 300/432/457 302/431/456
f 304/433/458 355/490/515 353/487/512 303/430/455
f 305/434/459 356/491/516 355/490/515 304/433/458
f 356/491/516 305/434/459 306/435/460 357/492/517
f 308/437/462 358/493/518 357/492/517 306/435/460
f 308/437/462 307/436/461 359/494/519 358/493/518
f 360/495/520 359/494/519 307/436/461 309/438/463
f 295/421/446 388/496/521 389/497/522 279/423/448
f 388/496/521 295/421/446 296/422/447 387/498/523
f 387/498/523 296/422/447 298/425/450 386/499/524
f 299/426/451 385/500/525 386/499/524 298/425/450
f 371/501/526 435/502/527 436/503/528 350/504/529
f 453/505/530 454/506/531 371/501/526 350/504/529
f 362/507/532 375/508/533 376/509/534 338/510/535
f 375/508/533 362/507/532 361/511/536 374/512/537
f 374/512/537 361/511/536 363/513/538 373/514/539
f 372/515/540 373/514/539 363/513/538 351/516/541
f 371/501/526 454/506/531 455/517/542 364/518/543
f 434/519/544 435/502/527 371/501/526 364/518/543
f 369/520/545 373/514/539 372/515/540 365/521/546
f 368/522/547 374/512/537 373/514/539 369/520/545
f 367/523/548 375/508/533 374/512/537 368/522/547
f 376/509/534 375/508/533 367/523/548 341/524/549
f 377/471/496 432/475/500 433/525/550 339/526/551
f 412/527/552 413/472/497 377/471/496 339/526/551
f 291/416/441 278/528/553 379/529/554 288/415/440
f 288/415/440 379/529/554 380/530/555 287/414/439
f 287/414/439 380/530/555 381/531/556 286/413/438
f 284/411/436 285/412/437 286/413/438 381/531/556
f 381/531/556 382/532/557 283/409/434 284/411/436
f 401/533/558 452/534/559 453/505/530 350/504/529
f 436/503/528 437/535/560 401/533/558 350/504/529
f 363/513/538 399/536/561 400/537/562 351/516/541
f 361/511/536 398/538/563 399/536/561 363/513/538
f 362/507/532 397/539/564 398/538/563 361/511/536
f 338/510/535 396/540/565 397/539/564 362/507/532
f 336/470/495 395/541/566 430/542/567 431/474/499
f 414/473/498 415/543/568 395/541/566 336/470/495
f 380/530/555 392/544/569 382/532/557 381/531/556
f 379/529/554 393/545/570 392/544/569 380/530/555
f 278/528/553 391/546/571 393/545/570 379/529/554
f 395/541/566 415/543/568 416/402/427 390/401/426
f 429/405/430 430/542/567 395/541/566 390/401/426
f 397/539/564 396/540/565 389/497/522 388/496/521
f 397/539/564 388/496/521 387/498/523 398/538/563
f 398/538/563 387/498/523 386/499/524 399/536/561
f 400/537/562 399/536/561 386/499/524 385/500/525
f 437/535/560 438/486/511 384/485/510 401/533/558
f 384/485/510 451/484/509 452/534/559 401/533/558
f 382/532/557 403/547/572 282/410/435 283/409/434
f 403/547/572 382/532/557 392/544/569 404/548/573
f 393/545/570 405/549/574 404/548/573 392/544/569
f 405/549/574 393/545/570 391/546/571 394/550/575
f 354/488/513 406/551/576 383/552/577 348/489/514
f 353/487/512 407/553/578 406/551/576 354/488/513
f 407/553/578 353/487/512 355/490/515 408/554/579
f 408/554/579 355/490/515 356/491/516 409/555/580
f 357/492/517 358/493/518 409/555/580 356/491/516
f 403/547/572 410/556/581 281/408/433 282/410/435
f 410/556/581 326/458/483 280/406/431 281/408/433
f 404/548/573 411/557/582 410/556/581 403/547/572
f 378/558/583 413/472/497 412/527/552 340/559/584
f 414/473/498 413/472/497 378/558/583 337/560/585
f 337/560/585 394/550/575 415/543/568 414/473/498
f 416/402/427 415/543/568 394/550/575 391/546/571
f 417/403/428 416/402/427 391/546/571 278/528/553
f 291/416/441 418/398/423 417/403/428 278/528/553
f 419/233/233 418/398/423 291/416/441 168/308/307
f 1478/309/308 1479/234/234 419/233/233 168/308/307
f 567/188/188 568/186/186 134/185/185 421/189/189
f 422/384/409 421/189/189 134/185/185 265/386/411
f 138/195/195 424/193/193 423/381/406 264/383/408
f 564/198/198 565/194/194 424/193/193 138/195/195
f 426/231/231 1481/230/230 1482/239/239 166/240/240
f 166/240/240 289/419/444 427/399/424 426/231/231
f 428/404/429 427/399/424 289/419/444 279/423/448
f 389/497/522 429/405/430 428/404/429 279/423/448
f 396/540/565 430/542/567 429/405/430 389/497/522
f 431/474/499 430/542/567 396/540/565 338/510/535
f 338/510/535 376/509/534 432/475/500 431/474/499
f 433/525/550 432/475/500 376/509/534 341/524/549
f 365/521/546 372/515/540 435/502/527 434/519/544
f 436/503/528 435/502/527 372/515/540 351/516/541
f 400/537/562 437/535/560 436/503/528 351/516/541
f 385/500/525 438/486/511 437/535/560 400/537/562
f 439/483/508 438/486/511 385/500/525 299/426/451
f 440/429/454 439/483/508 299/426/451 297/424/449
f 297/424/449 171/251/251 441/243/243 440/429/454
f 1486/252/252 1487/244/244 441/243/243 171/251/251
f 559/204/204 560/249/249 146/250/250 443/205/205
f 146/250/250 258/378/403 444/374/399 443/205/205
f 446/213/213 445/376/401 255/372/397 153/209/209
f 153/209/209 556/208/208 557/214/214 446/213/213
f 448/248/248 1489/247/247 1490/253/253 173/256/256
f 173/256/256 300/432/457 449/427/452 448/248/248
f 300/432/457 348/489/514 450/481/506 449/427/452
f 348/489/514 383/552/577 451/484/509 450/481/506
f 452/534/559 451/484/509 383/552/577 402/561/586
f 453/505/530 452/534/559 402/561/586 352/562/587
f 352/562/587 370/563/588 454/506/531 453/505/530
f 455/517/542 454/506/531 370/563/588 366/564/589
f 412/527/552 339/526/551 433/525/550 456/565/590
f 456/565/590 433/525/550 341/524/549 457/566/591
f 412/527/552 456/565/590 457/566/591 340/559/584
f 364/518/543 455/517/542 458/567/592 434/519/544
f 434/519/544 458/567/592 459/568/593 365/521/546
f 458/567/592 455/517/542 366/564/589 459/568/593
f 342/476/501 460/569/594 461/570/595 343/477/502
f 462/571/596 344/478/503 343/477/502 461/570/595
f 344/478/503 462/571/596 463/572/597 345/479/504
f 335/469/494 464/573/598 460/569/594 342/476/501
f 460/569/594 467/574/599 468/575/600 461/570/595
f 464/573/598 466/576/601 467/574/599 460/569/594
f 334/468/493 465/577/602 464/573/598 335/469/494
f 466/576/601 367/523/548 368/522/547 467/574/599
f 467/574/599 368/522/547 369/520/545 468/575/600
f 367/523/548 466/576/601 457/566/591 341/524/549
f 457/566/591 466/576/601 464/573/598 465/577/602
f 468/575/600 369/520/545 365/521/546 459/568/593
f 459/568/593 462/571/596 461/570/595 468/575/600
f 405/549/574 469/578/603 411/557/582 404/548/573
f 394/550/575 337/560/585 469/578/603 405/549/574
f 273/394/419 470/579/604 471/2405/605 274/2406/418
f 470/579/604 472/581/606 473/2404/607 471/2405/605
f 472/581/606 474/583/608 475/2403/609 473/2404/607
f 477/2402/610 475/2403/609 474/583/608 476/586/611
f 479/2401/612 477/2402/610 476/586/611 478/588/613
f 478/588/613 480/589/614 481/2400/615 479/2401/612
f 483/591/616 482/592/617 481/2400/615 480/589/614
f 270/390/415 1070/593/618 1071/594/619 269/389/414
f 272/391/416 1069/595/620 1070/593/618 270/390/415
f 1068/596/621 1069/595/620 272/391/416 274/393/418
f 1067/597/622 1068/596/621 274/393/418 471/580/605
f 471/580/605 473/582/607 1066/598/623 1067/597/622
f 1065/599/624 1066/598/623 473/582/607 475/584/609
f 1064/600/625 1065/599/624 475/584/609 477/585/610
f 477/585/610 479/587/612 1063/601/626 1064/600/625
f 1062/602/627 1063/601/626 479/587/612 481/590/615
f 1061/603/628 1062/602/627 481/590/615 482/2399/617
f 1060/604/629 1061/603/628 482/2399/617 495/2392/630
f 837/606/631 989/607/632 990/608/633 497/609/634
f 1179/610/635 1180/611/636 839/612/637 501/613/638
f 495/605/630 482/592/617 483/591/616 502/614/639
f 221/326/335 215/320/323 483/591/616 480/589/614
f 480/589/614 478/588/613 222/327/337 221/326/335
f 223/328/339 222/327/337 478/588/613 476/586/611
f 215/320/323 214/319/321 502/614/639 483/591/616
f 476/586/611 474/583/608 503/615/640 223/328/339
f 474/583/608 472/581/606 504/616/641 503/615/640
f 472/581/606 470/579/604 505/617/642 504/616/641
f 470/579/604 273/394/419 506/618/643 505/617/642
f 505/617/642 506/618/643 2207/2300/644 2208/2301/645
f 273/394/419 271/392/417 507/619/646 506/618/643
f 506/618/643 507/619/646 2206/2299/647 2207/2300/644
f 509/2398/648 508/2385/649 276/622/650 239/623/651
f 239/623/651 237/624/652 510/2397/653 509/2398/648
f 511/2394/654 593/627/655 594/628/656 233/629/657
f 512/2396/658 511/2394/654 233/629/657 231/631/659
f 513/632/660 512/2396/658 231/631/659 197/303/354
f 515/634/661 514/633/662 163/300/300 161/296/296
f 516/635/663 515/634/661 161/296/296 159/295/295
f 205/636/664 517/637/665 516/635/663 159/295/295
f 518/638/666 517/637/665 205/636/664 157/639/667
f 165/640/668 519/641/669 518/638/666 157/639/667
f 520/642/670 519/641/669 165/640/668 155/643/671
f 521/644/672 520/642/670 155/643/671 151/645/673
f 151/645/673 149/646/674 522/647/675 521/644/672
f 149/646/674 152/648/676 523/649/677 522/647/675
f 524/650/678 523/649/677 152/648/676 447/651/679
f 525/652/680 524/650/678 447/651/679 145/653/681
f 442/654/682 526/655/683 525/652/680 145/653/681
f 147/656/684 527/657/685 526/655/683 442/654/682
f 175/658/686 528/659/687 527/657/685 147/656/684
f 143/660/688 529/661/689 528/659/687 175/658/686
f 141/662/690 530/663/691 529/661/689 143/660/688
f 531/664/692 530/663/691 141/662/690 139/665/693
f 425/666/694 532/667/695 531/664/692 139/665/693
f 533/668/696 532/667/695 425/666/694 133/669/697
f 420/670/698 534/671/699 533/668/696 133/669/697
f 135/672/700 535/673/701 534/671/699 420/670/698
f 536/674/702 535/673/701 135/672/700 131/675/703
f 537/676/704 536/674/702 131/675/703 127/677/705
f 209/678/706 538/679/707 537/676/704 127/677/705
f 539/680/708 538/679/707 209/678/706 128/681/709
f 128/681/709 136/682/710 540/683/711 539/680/708
f 136/682/710 125/175/175 124/176/176 540/683/711
f 508/621/649 509/620/648 542/343/365 541/396/421
f 509/620/648 510/625/653 543/344/366 542/343/365
f 593/2393/655 511/626/654 544/338/358 592/342/364
f 511/626/654 512/630/658 545/336/356 544/338/358
f 512/630/658 513/2357/660 546/292/292 545/336/356
f 513/2357/660 2236/2329/712 547/228/228 546/292/292
f 2235/2362/713 2236/2358/712 514/633/662 515/634/661
f 2234/2363/714 2235/2362/713 515/634/661 516/635/663
f 516/635/663 517/637/665 2233/2364/715 2234/2363/714
f 2232/2365/716 2233/2364/715 517/637/665 518/638/666
f 518/638/666 519/641/669 2231/2366/717 2232/2365/716
f 2230/2367/718 2231/2366/717 519/641/669 520/642/670
f 2229/2368/719 2230/2367/718 520/642/670 521/644/672
f 521/644/672 522/647/675 2228/2369/720 2229/2368/719
f 2227/2370/721 2228/2369/720 522/647/675 523/649/677
f 2226/2371/722 2227/2370/721 523/649/677 524/650/678
f 2225/2372/723 2226/2371/722 524/650/678 525/652/680
f 525/652/680 526/655/683 2224/2373/724 2225/2372/723
f 526/655/683 527/657/685 2223/2374/725 2224/2373/724
f 527/657/685 528/659/687 2222/2375/726 2223/2374/725
f 529/661/689 2221/2376/727 2222/2375/726 528/659/687
f 530/663/691 2220/2377/728 2221/2376/727 529/661/689
f 2219/2378/729 2220/2377/728 530/663/691 531/664/692
f 531/664/692 532/667/695 2218/2379/730 2219/2378/729
f 2217/2380/731 2218/2379/730 532/667/695 533/668/696
f 533/668/696 534/671/699 2216/2381/732 2217/2380/731
f 534/671/699 535/673/701 2215/2382/733 2216/2381/732
f 2214/2307/734 2215/2382/733 535/673/701 536/674/702
f 2214/2307/734 536/674/702 537/676/704 2237/2359/735
f 537/676/704 538/679/707 2203/2361/736 2237/2359/735
f 572/180/180 571/179/179 2203/2296/736 2204/2383/737
f 2204/2297/737 2205/2298/738 573/191/191 572/2384/180
f 2205/2298/738 2206/2299/647 507/619/646 573/191/191
f 271/392/417 137/192/192 573/191/191 507/619/646
f 229/334/352 197/303/354 231/631/659 574/684/739
f 228/333/350 229/334/352 574/684/739 234/339/361
f 494/685/740 493/686/741 830/687/742 831/688/743
f 493/686/741 492/689/744 829/690/745 830/687/742
f 828/691/746 829/690/745 492/689/744 491/692/747
f 491/692/747 490/693/748 827/694/749 828/691/746
f 490/693/748 489/695/750 826/696/751 827/694/749
f 825/697/752 826/696/751 489/695/750 488/698/753
f 488/698/753 487/699/754 824/700/755 825/697/752
f 487/699/754 486/701/756 823/702/757 824/700/755
f 822/703/758 823/702/757 486/701/756 484/704/759
f 821/705/760 822/703/758 484/704/759 485/706/761
f 224/329/342 223/328/339 503/615/640 587/707/762
f 588/708/763 502/614/639 214/319/321 213/318/319
f 212/316/315 211/2355/318 589/2354/764 590/710/765
f 590/710/765 588/708/763 213/318/319 212/316/315
f 592/342/364 591/341/363 236/345/367 543/344/366
f 510/625/653 593/2393/655 592/342/364 543/344/366
f 594/628/656 593/627/655 510/2397/653 237/624/652
f 594/628/656 237/624/652 220/325/333 235/340/362
f 219/323/329 220/325/333 237/624/652 239/623/651
f 234/339/361 574/684/739 231/631/659 233/629/657
f 235/340/362 234/339/361 233/629/657 594/628/656
f 239/623/651 276/622/650 218/324/330 219/323/329
f 211/317/318 216/321/326 595/711/766 589/709/764
f 596/712/767 595/711/766 216/321/326 217/322/328
f 596/712/767 217/322/328 218/324/330 276/622/650
f 598/2390/768 597/2391/769 588/708/763 590/710/765
f 597/2391/769 495/605/630 502/614/639 588/708/763
f 600/2387/770 599/2388/771 589/709/764 595/711/766
f 590/710/765 589/2354/764 599/2353/771 598/2390/768
f 601/2386/772 600/2387/770 595/711/766 596/712/767
f 601/2386/772 596/712/767 276/622/650 508/2385/649
f 242/349/371 602/718/773 162/227/227 160/224/224
f 602/718/773 603/719/774 196/293/293 162/227/227
f 232/337/357 230/335/355 604/720/775 605/721/776
f 603/719/774 604/720/775 230/335/355 196/293/293
f 591/341/363 232/337/357 605/721/776 606/722/777
f 606/722/777 607/723/778 236/345/367 591/341/363
f 610/724/779 608/725/780 876/726/781 877/727/782
f 877/727/782 878/728/783 611/729/784 610/724/779
f 612/730/785 611/729/784 878/728/783 879/731/786
f 879/731/786 880/732/787 613/733/788 612/730/785
f 614/734/789 613/733/788 880/732/787 881/735/790
f 881/735/790 882/736/791 615/737/792 614/734/789
f 616/738/793 615/737/792 882/736/791 883/739/794
f 883/739/794 884/740/795 617/741/796 616/738/793
f 1075/742/797 1076/743/798 422/384/409 265/386/411
f 1076/743/798 1077/744/799 263/382/407 422/384/409
f 263/382/407 1077/744/799 1078/745/800 423/381/406
f 622/746/801 621/747/802 620/748/803 618/749/804
f 1078/745/800 1079/750/805 264/383/408 423/381/406
f 1079/750/805 1080/751/806 261/379/404 264/383/408
f 1073/752/807 1074/753/808 266/385/410 267/387/412
f 1074/753/808 1075/742/797 265/386/411 266/385/410
f 261/379/404 1080/751/806 1081/754/809 262/380/405
f 262/380/405 1081/754/809 1082/755/810 260/377/402
f 1082/755/810 1083/756/811 258/378/403 260/377/402
f 258/378/403 1083/756/811 1084/757/812 444/374/399
f 444/374/399 1084/757/812 1085/758/813 259/375/400
f 259/375/400 1085/758/813 1086/759/814 445/376/401
f 632/760/815 631/761/816 630/762/817 633/763/818
f 1086/759/814 1087/764/819 255/372/397 445/376/401
f 1087/764/819 1088/765/820 256/373/398 255/372/397
f 1088/765/820 1089/766/821 254/371/396 256/373/398
f 638/767/822 406/551/576 407/553/578 637/768/823
f 406/551/576 638/767/822 402/561/586 383/552/577
f 408/554/579 639/769/824 637/768/823 407/553/578
f 409/555/580 640/770/825 639/769/824 408/554/579
f 358/493/518 359/494/519 640/770/825 409/555/580
f 638/767/822 641/771/826 352/562/587 402/561/586
f 637/768/823 642/772/827 641/771/826 638/767/822
f 642/772/827 637/768/823 639/769/824 643/773/828
f 643/773/828 639/769/824 640/770/825 644/774/829
f 359/494/519 360/495/520 644/774/829 640/770/825
f 641/771/826 645/775/830 370/563/588 352/562/587
f 309/438/463 310/439/464 646/776/831 360/495/520
f 459/568/593 647/777/832 463/572/597 462/571/596
f 347/778/833 463/572/597 647/777/832 648/779/834
f 459/568/593 366/564/589 649/780/835 647/777/832
f 366/564/589 370/563/588 645/775/830 649/780/835
f 648/779/834 647/777/832 649/780/835 650/781/836
f 651/782/837 650/781/836 649/780/835 645/775/830
f 642/772/827 651/782/837 645/775/830 641/771/826
f 643/773/828 652/783/838 651/782/837 642/772/827
f 644/774/829 653/784/839 652/783/838 643/773/828
f 653/784/839 644/774/829 360/495/520 646/776/831
f 310/439/464 311/440/465 654/785/840 646/776/831
f 650/781/836 651/782/837 652/783/838 655/786/841
f 655/786/841 652/783/838 653/784/839 656/787/842
f 646/776/831 654/785/840 656/787/842 653/784/839
f 411/557/582 657/788/843 326/458/483 410/556/581
f 469/578/603 658/789/844 657/788/843 411/557/582
f 337/560/585 378/558/583 658/789/844 469/578/603
f 657/788/843 659/790/845 327/459/484 326/458/483
f 658/789/844 660/791/846 659/790/845 657/788/843
f 378/558/583 340/559/584 660/791/846 658/789/844
f 661/792/847 660/791/846 340/559/584 457/566/591
f 465/577/602 662/793/848 661/792/847 457/566/591
f 465/577/602 334/468/493 333/467/492 662/793/848
f 660/791/846 661/792/847 663/794/849 659/790/845
f 661/792/847 662/793/848 664/795/850 663/794/849
f 662/793/848 333/467/492 332/466/491 664/795/850
f 331/77/77 330/76/76 666/796/851 665/797/852
f 1467/798/853 1468/360/385 329/359/384 667/799/854
f 329/359/384 328/407/432 668/800/855 667/799/854
f 328/407/432 327/459/484 669/801/856 668/800/855
f 669/801/856 327/459/484 659/790/845 663/794/849
f 665/797/852 666/796/851 671/465/490 670/464/489
f 1466/463/488 1467/798/853 667/799/854 672/462/487
f 667/799/854 668/800/855 673/460/485 672/462/487
f 668/800/855 669/801/856 674/461/486 673/460/485
f 674/461/486 664/795/850 332/466/491 325/457/482
f 664/795/850 674/461/486 669/801/856 663/794/849
f 648/779/834 650/781/836 655/786/841 675/802/857
f 675/802/857 655/786/841 656/787/842 676/803/858
f 676/803/858 656/787/842 654/785/840 677/804/859
f 2208/2301/645 2209/2302/860 678/805/861 505/617/642
f 678/805/861 679/806/862 504/616/641 505/617/642
f 225/330/343 224/329/342 587/707/762 680/807/863
f 680/807/863 681/808/864 245/356/378 225/330/343
f 681/808/864 682/809/865 246/357/380 245/356/378
f 2212/2305/866 2213/2306/382 246/357/380 682/809/865
f 679/806/862 587/707/762 503/615/640 504/616/641
f 2209/2302/860 2210/2303/867 683/810/868 678/805/861
f 839/612/637 840/811/869 685/812/870 501/613/638
f 840/811/869 841/813/871 687/814/872 685/812/870
f 842/815/873 843/816/874 688/817/875 807/818/876
f 691/819/877 786/820/878 844/821/879 845/822/880
f 845/822/880 846/823/881 693/824/882 691/819/877
f 846/823/881 847/825/883 695/826/884 693/824/882
f 1186/827/885 1187/828/886 695/826/884 847/825/883
f 699/829/887 982/830/888 983/831/889 849/832/890
f 849/832/890 850/833/891 761/834/892 699/829/887
f 701/835/893 852/836/894 853/837/895 771/838/896
f 855/839/897 856/840/898 704/841/899 772/842/900
f 856/840/898 857/843/901 765/844/902 704/841/899
f 859/845/903 977/846/904 978/847/905 707/848/906
f 860/849/907 1200/850/908 1201/851/909 709/852/910
f 861/853/911 862/854/912 713/855/913 711/856/914
f 862/854/912 863/857/915 715/858/916 713/855/913
f 836/859/917 837/606/631 497/609/634 716/860/918
f 835/861/919 836/859/917 716/860/918 817/862/920
f 720/863/921 832/864/922 833/865/923 820/866/924
f 831/688/743 832/864/922 720/863/921 494/685/740
f 700/867/925 794/868/926 795/869/927 770/870/928
f 797/871/929 798/872/930 705/873/931 773/874/932
f 863/857/915 864/875/933 806/876/934 715/858/916
f 865/877/935 866/878/936 785/879/937 725/880/938
f 729/881/939 727/882/940 867/883/941 868/884/942
f 731/885/943 729/881/939 868/884/942 869/886/944
f 1193/887/945 1194/888/946 870/889/947 733/890/948
f 735/891/949 970/892/950 971/893/951 871/894/952
f 622/746/801 736/895/953 623/896/954 621/747/802
f 736/895/953 737/897/955 624/898/956 623/896/954
f 624/898/956 737/897/955 738/899/957 627/900/958
f 627/900/958 738/899/957 739/901/959 628/902/960
f 739/901/959 740/903/961 629/904/962 628/902/960
f 629/904/962 740/903/961 633/763/818 630/762/817
f 633/763/818 741/905/963 634/906/964 632/760/815
f 741/905/963 742/907/965 635/908/966 634/906/964
f 742/907/965 743/909/967 636/910/968 635/908/966
f 698/911/969 984/912/970 985/913/971 791/914/972
f 745/915/973 986/916/974 987/917/975 812/918/976
f 789/919/977 1184/920/978 1185/921/979 694/922/980
f 810/923/981 1182/924/982 1183/925/983 746/926/984
f 746/926/984 747/927/985 809/928/986 810/923/981
f 788/929/987 789/919/977 694/922/980 692/930/988
f 747/927/985 689/931/989 808/932/990 809/928/986
f 787/933/991 788/929/987 692/930/988 690/934/992
f 783/935/993 784/936/994 724/937/995 748/938/996
f 714/939/997 712/940/998 804/941/999 805/942/1000
f 712/940/998 710/943/1001 803/944/1002 804/941/999
f 748/938/996 749/945/1003 782/946/1004 783/935/993
f 802/947/1005 1198/948/1006 1199/949/1007 708/950/1008
f 1196/951/1009 1197/952/1010 750/953/1011 781/954/1012
f 801/955/1013 975/956/1014 976/957/1015 706/958/1016
f 780/959/1017 973/960/1018 974/961/1019 751/962/1020
f 952/963/1021 953/964/1022 735/891/949 871/894/952
f 872/965/1023 892/966/1024 893/967/1025 753/968/1026
f 873/969/1027 895/970/1028 896/971/1029 755/972/1030
f 757/973/1031 874/974/1032 875/975/1033 609/976/1034
f 949/977/1035 950/978/1036 780/959/1017 751/962/1020
f 745/915/973 812/918/976 813/979/1037 759/980/1038
f 766/981/1039 851/982/1040 852/836/894 701/835/893
f 945/983/1041 946/984/1042 859/845/903 707/848/906
f 947/985/1043 948/986/1044 801/955/1013 706/958/1016
f 791/914/972 792/987/1045 760/988/1046 698/911/969
f 793/989/1047 794/868/926 700/867/925 767/990/1048
f 705/873/931 798/872/930 799/991/1049 764/992/1050
f 764/992/1050 799/991/1049 800/993/1051 762/994/1052
f 765/844/902 857/843/901 858/995/1053 763/996/1054
f 761/834/892 850/833/891 904/997/1055 905/998/1056
f 792/987/1045 902/999/1057 903/1000/1058 760/988/1046
f 759/980/1038 813/979/1037 900/1001/1059 901/1002/1060
f 770/870/928 795/869/927 796/1003/1061 702/1004/1062
f 771/838/896 853/837/895 854/1005/1063 703/1006/1064
f 854/1005/1063 855/839/897 772/842/900 703/1006/1064
f 796/1003/1061 797/871/929 773/874/932 702/1004/1062
f 814/1007/1065 815/1008/1066 769/1009/1067 721/1010/1068
f 815/1008/1066 722/1011/1069 769/1009/1067
f 722/1011/1069 815/1008/1066 774/1012/1070
f 774/1012/1070 815/1008/1066 816/1013/1071 723/1014/1072
f 734/1015/1073 780/959/1017 950/978/1036 951/1016/1074
f 734/1015/1073 972/1017/1075 973/960/1018 780/959/1017
f 1195/1018/1076 1196/951/1009 781/954/1012 732/1019/1077
f 783/935/993 782/946/1004 730/1020/1078 728/1021/1079
f 728/1021/1079 726/1022/1080 784/936/994 783/935/993
f 785/879/937 866/878/936 867/883/941 727/882/940
f 843/816/874 844/821/879 786/820/878 688/817/875
f 689/931/989 747/927/985 788/929/987 787/933/991
f 747/927/985 746/926/984 789/919/977 788/929/987
f 746/926/984 1183/925/983 1184/920/978 789/919/977
f 791/914/972 985/913/971 986/916/974 745/915/973
f 759/980/1038 792/987/1045 791/914/972 745/915/973
f 901/1002/1060 902/999/1057 792/987/1045 759/980/1038
f 795/869/927 794/868/926 721/1010/1068 769/1009/1067
f 796/1003/1061 795/869/927 769/1009/1067 722/1011/1069
f 774/1012/1070 797/871/929 796/1003/1061 722/1011/1069
f 723/1014/1072 798/872/930 797/871/929 774/1012/1070
f 751/962/1020 801/955/1013 948/986/1044 949/977/1035
f 751/962/1020 974/961/1019 975/956/1014 801/955/1013
f 750/953/1011 1197/952/1010 1198/948/1006 802/947/1005
f 804/941/999 803/944/1002 749/945/1003 748/938/996
f 805/942/1000 804/941/999 748/938/996 724/937/995
f 806/876/934 864/875/933 865/877/935 725/880/938
f 841/813/871 842/815/873 807/818/876 687/814/872
f 809/928/986 808/932/990 686/1023/1081 684/1024/1082
f 810/923/981 809/928/986 684/1024/1082 500/1025/1083
f 500/1025/1083 1181/1026/1084 1182/924/982 810/923/981
f 812/918/976 987/917/975 988/1027/1085 496/1028/1086
f 813/979/1037 812/918/976 496/1028/1086 717/1029/1087
f 899/1030/1088 900/1001/1059 813/979/1037 717/1029/1087
f 776/1031/1089 775/1032/1090 815/1008/1066 814/1007/1065
f 816/1013/1071 815/1008/1066 775/1032/1090 777/1033/1091
f 777/1033/1091 775/1032/1090 888/1034/1092 889/1035/1093
f 775/1032/1090 776/1031/1089 887/1036/1094 888/1034/1092
f 778/1037/1095 777/1033/1091 889/1035/1093 890/1038/1096
f 776/1031/1089 768/1039/1097 886/1040/1098 887/1036/1094
f 834/1041/1099 835/861/919 817/862/920 718/1042/1100
f 820/866/924 833/865/923 834/1041/1099 718/1042/1100
f 586/1043/1101 585/1044/1102 822/703/758 821/705/760
f 585/1044/1102 584/1045/1103 823/702/757 822/703/758
f 824/700/755 823/702/757 584/1045/1103 583/1046/1104
f 825/697/752 824/700/755 583/1046/1104 582/1047/1105
f 582/1047/1105 581/1048/1106 826/696/751 825/697/752
f 827/694/749 826/696/751 581/1048/1106 580/1049/1107
f 828/691/746 827/694/749 580/1049/1107 579/1050/1108
f 579/1050/1108 578/1051/1109 829/690/745 828/691/746
f 830/687/742 829/690/745 578/1051/1109 577/1052/1110
f 831/688/743 830/687/742 577/1052/1110 576/1053/1111
f 575/1054/1112 832/864/922 831/688/743 576/1053/1111
f 833/865/923 832/864/922 575/1054/1112 819/1055/1113
f 834/1041/1099 833/865/923 819/1055/1113 719/1056/1114
f 818/1057/1115 835/861/919 834/1041/1099 719/1056/1114
f 717/1029/1087 836/859/917 835/861/919 818/1057/1115
f 717/1029/1087 496/1028/1086 837/606/631 836/859/917
f 496/1028/1086 988/1027/1085 989/607/632 837/606/631
f 1180/611/636 1181/1026/1084 500/1025/1083 839/612/637
f 500/1025/1083 684/1024/1082 840/811/869 839/612/637
f 684/1024/1082 686/1023/1081 841/813/871 840/811/869
f 808/932/990 842/815/873 841/813/871 686/1023/1081
f 689/931/989 843/816/874 842/815/873 808/932/990
f 787/933/991 844/821/879 843/816/874 689/931/989
f 845/822/880 844/821/879 787/933/991 690/934/992
f 690/934/992 692/930/988 846/823/881 845/822/880
f 692/930/988 694/922/980 847/825/883 846/823/881
f 1185/921/979 1186/827/885 847/825/883 694/922/980
f 849/832/890 983/831/889 984/912/970 698/911/969
f 698/911/969 760/988/1046 850/833/891 849/832/890
f 903/1000/1058 904/997/1055 850/833/891 760/988/1046
f 852/836/894 851/982/1040 767/990/1048 700/867/925
f 853/837/895 852/836/894 700/867/925 770/870/928
f 854/1005/1063 853/837/895 770/870/928 702/1004/1062
f 773/874/932 855/839/897 854/1005/1063 702/1004/1062
f 705/873/931 856/840/898 855/839/897 773/874/932
f 705/873/931 764/992/1050 857/843/901 856/840/898
f 858/995/1053 857/843/901 764/992/1050 762/994/1052
f 859/845/903 946/984/1042 947/985/1043 706/958/1016
f 706/958/1016 976/957/1015 977/846/904 859/845/903
f 708/950/1008 1199/949/1007 1200/850/908 860/849/907
f 710/943/1001 712/940/998 862/854/912 861/853/911
f 712/940/998 714/939/997 863/857/915 862/854/912
f 714/939/997 805/942/1000 864/875/933 863/857/915
f 865/877/935 864/875/933 805/942/1000 724/937/995
f 724/937/995 784/936/994 866/878/936 865/877/935
f 867/883/941 866/878/936 784/936/994 726/1022/1080
f 868/884/942 867/883/941 726/1022/1080 728/1021/1079
f 869/886/944 868/884/942 728/1021/1079 730/1020/1078
f 1194/888/946 1195/1018/1076 732/1019/1077 870/889/947
f 871/894/952 971/893/951 972/1017/1075 734/1015/1073
f 951/1016/1074 952/963/1021 871/894/952 734/1015/1073
f 752/1058/1116 891/1059/1117 892/966/1024 872/965/1023
f 754/1060/1118 894/1061/1119 895/970/1028 873/969/1027
f 875/975/1033 874/974/1032 756/1062/1120 607/723/778
f 877/727/782 876/726/781 1002/1063/1121 1003/1064/1122
f 1003/1064/1122 1004/1065/1123 878/728/783 877/727/782
f 879/731/786 878/728/783 1004/1065/1123 1005/1066/1124
f 1005/1066/1124 1006/1067/1125 880/732/787 879/731/786
f 881/735/790 880/732/787 1006/1067/1125 1007/1068/1126
f 1007/1068/1126 1008/1069/1127 882/736/791 881/735/790
f 883/739/794 882/736/791 1008/1069/1127 1009/1070/1128
f 1009/1070/1128 1010/1071/1129 884/740/795 883/739/794
f 885/1072/1130 1060/604/629 495/2392/630 597/714/769
f 818/1057/1115 899/1030/1088 717/1029/1087
f 597/714/769 598/713/768 886/1040/1098 885/1072/1130
f 887/1036/1094 598/713/768 599/2389/771 888/1034/1092
f 599/716/771 600/715/770 889/1035/1093 888/1034/1092
f 600/715/770 601/717/772 890/1038/1096 889/1035/1093
f 601/717/772 508/621/649 541/396/421 890/1038/1096
f 892/966/1024 891/1059/1117 754/1060/1118 873/969/1027
f 893/967/1025 892/966/1024 873/969/1027 755/972/1030
f 895/970/1028 894/1061/1119 756/1062/1120 874/974/1032
f 896/971/1029 895/970/1028 874/974/1032 757/973/1031
f 897/1073/1131 754/1060/1118 891/1059/1117
f 897/1073/1131 894/1061/1119 754/1060/1118
f 238/346/368 756/1062/1120 894/1061/1119 897/1073/1131
f 752/1058/1116 898/1074/1132 897/1073/1131 891/1059/1117
f 903/1000/1058 902/999/1057 793/989/1047 767/990/1048
f 851/982/1040 904/997/1055 903/1000/1058 767/990/1048
f 905/998/1056 904/997/1055 851/982/1040 766/981/1039
f 885/1072/1130 886/1040/1098 768/1039/1097 899/1030/1088
f 907/1075/1133 906/1076/1134 492/689/744 493/686/741
f 493/686/741 494/685/740 908/1077/1135 907/1075/1133
f 909/1078/1136 908/1077/1135 494/685/740 720/863/921
f 909/1078/1136 720/863/921 820/866/924 910/1079/1137
f 912/1080/1138 911/1081/1139 817/862/920 716/860/918
f 718/1042/1100 913/1082/1140 910/1079/1137 820/866/924
f 913/1082/1140 718/1042/1100 817/862/920 911/1081/1139
f 914/1083/1141 912/1080/1138 716/860/918 497/609/634
f 990/608/633 991/1084/1142 914/1083/1141 497/609/634
f 799/991/1049 916/1085/1143 758/1086/1144 800/993/1051
f 779/1087/1145 758/1086/1144 916/1085/1143 917/1088/1146
f 779/1087/1145 917/1088/1146 898/1074/1132 752/1058/1116
f 607/723/778 756/1062/1120 238/346/368 236/345/367
f 919/1089/1147 918/1090/1148 916/1085/1143 799/991/1049
f 921/1091/1149 920/1092/1150 901/1002/1060 900/1001/1059
f 901/1002/1060 920/1092/1150 922/1093/1151 902/999/1057
f 899/1030/1088 768/1039/1097 921/1091/1149 900/1001/1059
f 923/1094/1152 793/989/1047 902/999/1057 922/1093/1151
f 721/1010/1068 794/868/926 793/989/1047 923/1094/1152
f 919/1089/1147 799/991/1049 798/872/930 723/1014/1072
f 924/1095/1153 919/1089/1147 723/1014/1072 816/1013/1071
f 814/1007/1065 721/1010/1068 923/1094/1152 922/1093/1151
f 776/1031/1089 814/1007/1065 922/1093/1151 920/1092/1150
f 920/1092/1150 921/1091/1149 768/1039/1097 776/1031/1089
f 778/1037/1095 924/1095/1153 816/1013/1071 777/1033/1091
f 918/1090/1148 919/1089/1147 924/1095/1153 925/1096/1154
f 918/1090/1148 926/1097/1155 917/1088/1146 916/1085/1143
f 927/1098/1156 925/1096/1154 924/1095/1153 778/1037/1095
f 925/1096/1154 927/1098/1156 926/1097/1155 918/1090/1148
f 927/1098/1156 778/1037/1095 890/1038/1096 541/396/421
f 927/1098/1156 541/396/421 275/395/420 926/1097/1155
f 898/1074/1132 917/1088/1146 926/1097/1155 275/395/420
f 897/1073/1131 898/1074/1132 275/395/420
f 897/1073/1131 275/395/420 238/346/368
f 1178/1099/1157 1179/610/635 501/613/638 928/1100/1158
f 501/613/638 685/812/870 929/1101/1159 928/1100/1158
f 685/812/870 687/814/872 930/1102/1160 929/1101/1159
f 931/1103/1161 930/1102/1160 687/814/872 807/818/876
f 807/818/876 688/817/875 932/1104/1162 931/1103/1161
f 933/1105/1163 932/1104/1162 688/817/875 786/820/878
f 786/820/878 691/819/877 934/1106/1164 933/1105/1163
f 691/819/877 693/824/882 935/1107/1165 934/1106/1164
f 2211/2304/1166 2212/2305/866 682/809/865 936/1108/1167
f 347/778/833 346/480/505 345/479/504 463/572/597
f 937/1109/1168 935/1107/1165 693/824/882 695/826/884
f 695/826/884 1187/828/886 1188/1110/1169 937/1109/1168
f 981/1111/1170 982/830/888 699/829/887 939/1112/1171
f 699/829/887 761/834/892 940/1113/1172 939/1112/1171
f 941/1114/1173 940/1113/1172 761/834/892 905/998/1056
f 905/998/1056 766/981/1039 942/1115/1174 941/1114/1173
f 943/1116/1175 942/1115/1174 766/981/1039 701/835/893
f 944/1117/1176 771/838/896 703/1006/1064 772/842/900
f 944/1117/1176 943/1116/1175 701/835/893 771/838/896
f 772/842/900 704/841/899 943/1116/1175 944/1117/1176
f 942/1115/1174 943/1116/1175 704/841/899 765/844/902
f 765/844/902 763/996/1054 941/1114/1173 942/1115/1174
f 763/996/1054 858/995/1053 946/984/1042 945/983/1041
f 947/985/1043 946/984/1042 858/995/1053 762/994/1052
f 800/993/1051 948/986/1044 947/985/1043 762/994/1052
f 949/977/1035 948/986/1044 800/993/1051 758/1086/1144
f 779/1087/1145 950/978/1036 949/977/1035 758/1086/1144
f 951/1016/1074 950/978/1036 779/1087/1145 752/1058/1116
f 872/965/1023 952/963/1021 951/1016/1074 752/1058/1116
f 753/968/1026 953/964/1022 952/963/1021 872/965/1023
f 954/1118/1177 941/1114/1173 763/996/1054 945/983/1041
f 940/1113/1172 941/1114/1173 954/1118/1177 955/1119/1178
f 955/1119/1178 956/1120/1179 939/1112/1171 940/1113/1172
f 945/983/1041 707/848/906 957/1121/1180 954/1118/1177
f 954/1118/1177 957/1121/1180 956/1120/1179 955/1119/1178
f 980/1122/1181 981/1111/1170 939/1112/1171 956/1120/1179
f 979/1123/1182 980/1122/1181 956/1120/1179 957/1121/1180
f 978/847/905 979/1123/1182 957/1121/1180 707/848/906
f 1201/851/909 1202/1124/1183 959/1125/1184 709/852/910
f 961/1126/1185 960/1127/1186 711/856/914 713/855/913
f 962/1128/1187 961/1126/1185 713/855/913 715/858/916
f 715/858/916 806/876/934 963/1129/1188 962/1128/1187
f 806/876/934 725/880/938 964/1130/1189 963/1129/1188
f 965/1131/1190 964/1130/1189 725/880/938 785/879/937
f 785/879/937 727/882/940 966/1132/1191 965/1131/1190
f 727/882/940 729/881/939 967/1133/1192 966/1132/1191
f 968/1134/1193 967/1133/1192 729/881/939 731/885/943
f 969/1135/1194 1192/1136/1195 1193/887/945 733/890/948
f 971/893/951 970/892/950 733/890/948 870/889/947
f 972/1017/1075 971/893/951 870/889/947 732/1019/1077
f 973/960/1018 972/1017/1075 732/1019/1077 781/954/1012
f 974/961/1019 973/960/1018 781/954/1012 750/953/1011
f 975/956/1014 974/961/1019 750/953/1011 802/947/1005
f 976/957/1015 975/956/1014 802/947/1005 708/950/1008
f 977/846/904 976/957/1015 708/950/1008 860/849/907
f 978/847/905 977/846/904 860/849/907 709/852/910
f 959/1125/1184 979/1123/1182 978/847/905 709/852/910
f 958/1137/1196 980/1122/1181 979/1123/1182 959/1125/1184
f 938/1138/1197 981/1111/1170 980/1122/1181 958/1137/1196
f 697/1139/1198 982/830/888 981/1111/1170 938/1138/1197
f 983/831/889 982/830/888 697/1139/1198 848/1140/1199
f 984/912/970 983/831/889 848/1140/1199 696/1141/1200
f 985/913/971 984/912/970 696/1141/1200 790/1142/1201
f 986/916/974 985/913/971 790/1142/1201 744/1143/1202
f 987/917/975 986/916/974 744/1143/1202 811/1144/1203
f 988/1027/1085 987/917/975 811/1144/1203 498/1145/1204
f 989/607/632 988/1027/1085 498/1145/1204 838/1146/1205
f 990/608/633 989/607/632 838/1146/1205 499/1147/1206
f 915/1148/1207 991/1084/1142 990/608/633 499/1147/1206
f 992/1149/1208 969/1135/1194 733/890/948 970/892/950
f 993/1150/1209 992/1149/1208 970/892/950 735/891/949
f 994/1151/1210 993/1150/1209 735/891/949 953/964/1022
f 995/1152/1211 994/1151/1210 953/964/1022 753/968/1026
f 995/1152/1211 753/968/1026 893/967/1025 996/1153/1212
f 896/971/1029 996/1153/1212 893/967/1025 755/972/1030
f 996/1153/1212 896/971/1029 757/973/1031 997/1154/1213
f 998/1155/1214 997/1154/1213 757/973/1031 609/976/1034
f 1000/1156/1215 999/1157/1216 608/725/780 610/724/779
f 1001/1158/1217 1000/1156/1215 610/724/779 611/729/784
f 1003/1064/1122 1002/1063/1121 606/722/777 605/721/776
f 605/721/776 604/720/775 1004/1065/1123 1003/1064/1122
f 1005/1066/1124 1004/1065/1123 604/720/775 603/719/774
f 603/719/774 602/718/773 1006/1067/1125 1005/1066/1124
f 1007/1068/1126 1006/1067/1125 602/718/773 242/349/371
f 242/349/371 240/348/370 1008/1069/1127 1007/1068/1126
f 1009/1070/1128 1008/1069/1127 240/348/370 241/347/369
f 251/368/393 1010/1071/1129 1009/1070/1128 241/347/369
f 607/723/778 606/722/777 1002/1063/1121 875/975/1033
f 1011/1159/1218 1001/1158/1217 611/729/784 612/730/785
f 1012/1160/1219 1011/1159/1218 612/730/785 613/733/788
f 1013/1161/1220 1012/1160/1219 613/733/788 614/734/789
f 1014/1162/1221 1013/1161/1220 614/734/789 615/737/792
f 615/737/792 616/738/793 1015/1163/1222 1014/1162/1221
f 1016/1164/1223 1015/1163/1222 616/738/793 617/741/796
f 876/726/781 609/976/1034 875/975/1033 1002/1063/1121
f 608/725/780 998/1155/1214 609/976/1034 876/726/781
f 999/1157/1216 1017/1165/1224 998/1155/1214 608/725/780
f 995/1152/1211 996/1153/1212 997/1154/1213 1018/1166/1225
f 1017/1165/1224 1018/1166/1225 997/1154/1213 998/1155/1214
f 1018/1166/1225 1019/1167/1226 994/1151/1210 995/1152/1211
f 993/1150/1209 994/1151/1210 1019/1167/1226 1020/1168/1227
f 992/1149/1208 993/1150/1209 1020/1168/1227 1021/1169/1228
f 1021/1169/1228 1022/1170/1229 969/1135/1194 992/1149/1208
f 1022/1170/1229 1191/1171/1230 1192/1136/1195 969/1135/1194
f 1202/1124/1183 1203/1172/1231 958/1137/1196 959/1125/1184
f 1025/1173/1232 1024/1174/1233 960/1127/1186 961/1126/1185
f 1026/1175/1234 1025/1173/1232 961/1126/1185 962/1128/1187
f 962/1128/1187 963/1129/1188 1027/1176/1235 1026/1175/1234
f 963/1129/1188 964/1130/1189 1028/1177/1236 1027/1176/1235
f 964/1130/1189 965/1131/1190 1029/1178/1237 1028/1177/1236
f 965/1131/1190 966/1132/1191 1030/1179/1238 1029/1178/1237
f 1031/1180/1239 1030/1179/1238 966/1132/1191 967/1133/1192
f 1023/1181/1240 1031/1180/1239 967/1133/1192 968/1134/1193
f 1188/1110/1169 1189/1182/1241 1032/1183/1242 937/1109/1168
f 1032/1183/1242 1033/1184/1243 935/1107/1165 937/1109/1168
f 934/1106/1164 935/1107/1165 1033/1184/1243 1034/1185/1244
f 933/1105/1163 934/1106/1164 1034/1185/1244 1035/1186/1245
f 932/1104/1162 933/1105/1163 1035/1186/1245 1036/1187/1246
f 931/1103/1161 932/1104/1162 1036/1187/1246 1037/1188/1247
f 1037/1188/1247 1038/1189/1248 930/1102/1160 931/1103/1161
f 1038/1189/1248 1039/1190/1249 929/1101/1159 930/1102/1160
f 928/1100/1158 929/1101/1159 1039/1190/1249 1040/1191/1250
f 268/388/413 269/389/414 1071/594/619 1072/1192/1251
f 1042/1193/1252 622/746/801 618/749/804 619/1194/1253
f 1043/1195/1254 1042/1193/1252 619/1194/1253 625/1196/1255
f 906/1076/1134 1044/1197/1256 491/692/747 492/689/744
f 1044/1197/1256 1045/1198/1257 490/693/748 491/692/747
f 1045/1198/1257 1046/1199/1258 489/695/750 490/693/748
f 1046/1199/1258 1047/1200/1259 488/698/753 489/695/750
f 487/699/754 488/698/753 1047/1200/1259 1048/1201/1260
f 1048/1201/1260 1049/1202/1261 486/701/756 487/699/754
f 484/704/759 486/701/756 1049/1202/1261 1050/1203/1262
f 1050/1203/1262 1051/1204/1263 485/706/761 484/704/759
f 485/706/761 1051/1204/1263 1052/1205/1264 821/705/760
f 821/705/760 1052/1205/1264 1041/1206/1265 586/1043/1101
f 267/387/412 268/388/413 1072/1192/1251 1073/752/807
f 626/1207/1266 1041/1206/1265 1052/1205/1264 1053/1208/1267
f 1053/1208/1267 1043/1195/1254 625/1196/1255 626/1207/1266
f 1051/1204/1263 1054/1209/1268 1053/1208/1267 1052/1205/1264
f 1056/1210/1269 1055/1211/1270 1042/1193/1252 1043/1195/1254
f 1054/1209/1268 1056/1210/1269 1043/1195/1254 1053/1208/1267
f 1055/1211/1270 1057/1212/1271 622/746/801 1042/1193/1252
f 1057/1212/1271 1058/1213/1272 736/895/953 622/746/801
f 1040/1191/1250 1177/1214/1273 1178/1099/1157 928/1100/1158
f 575/1054/1112 576/1053/1111 1061/603/628 1060/604/629
f 576/1053/1111 577/1052/1110 1062/602/627 1061/603/628
f 577/1052/1110 578/1051/1109 1063/601/626 1062/602/627
f 1064/600/625 1063/601/626 578/1051/1109 579/1050/1108
f 579/1050/1108 580/1049/1107 1065/599/624 1064/600/625
f 580/1049/1107 581/1048/1106 1066/598/623 1065/599/624
f 1067/597/622 1066/598/623 581/1048/1106 582/1047/1105
f 582/1047/1105 583/1046/1104 1068/596/621 1067/597/622
f 583/1046/1104 584/1045/1103 1069/595/620 1068/596/621
f 1070/593/618 1069/595/620 584/1045/1103 585/1044/1102
f 1071/594/619 1070/593/618 585/1044/1102 586/1043/1101
f 1072/1192/1251 1071/594/619 586/1043/1101 1041/1206/1265
f 1073/752/807 1072/1192/1251 1041/1206/1265 626/1207/1266
f 626/1207/1266 625/1196/1255 1074/753/808 1073/752/807
f 625/1196/1255 619/1194/1253 1075/742/797 1074/753/808
f 619/1194/1253 618/749/804 1076/743/798 1075/742/797
f 620/748/803 1077/744/799 1076/743/798 618/749/804
f 1078/745/800 1077/744/799 620/748/803 621/747/802
f 623/896/954 1079/750/805 1078/745/800 621/747/802
f 623/896/954 624/898/956 1080/751/806 1079/750/805
f 1080/751/806 624/898/956 627/900/958 1081/754/809
f 1081/754/809 627/900/958 628/902/960 1082/755/810
f 628/902/960 629/904/962 1083/756/811 1082/755/810
f 1084/757/812 1083/756/811 629/904/962 630/762/817
f 1085/758/813 1084/757/812 630/762/817 631/761/816
f 1086/759/814 1085/758/813 631/761/816 632/760/815
f 634/906/964 1087/764/819 1086/759/814 632/760/815
f 634/906/964 635/908/966 1088/765/820 1087/764/819
f 635/908/966 636/910/968 1089/766/821 1088/765/820
f 884/740/795 1090/1215/1274 1016/1164/1223 617/741/796
f 1089/766/821 1091/1216/1275 253/370/395 254/371/396
f 1091/1216/1275 1092/1217/1276 252/369/394 253/370/395
f 251/368/393 252/369/394 1092/1217/1276 1010/1071/1129
f 884/740/795 1010/1071/1129 1092/1217/1276 1090/1215/1274
f 1091/1216/1275 1093/1218/1277 1090/1215/1274 1092/1217/1276
f 1093/1218/1277 1091/1216/1275 1089/766/821 636/910/968
f 737/897/955 1095/1219/1278 1094/1220/1279 738/899/957
f 1058/1213/1272 1095/1219/1278 737/897/955 736/895/953
f 1097/1221/1280 1096/1222/1281 740/903/961 739/901/959
f 738/899/957 1094/1220/1279 1097/1221/1280 739/901/959
f 1096/1222/1281 1098/1223/1282 633/763/818 740/903/961
f 1098/1223/1282 1099/1224/1283 741/905/963 633/763/818
f 1099/1224/1283 1100/1225/1284 742/907/965 741/905/963
f 1100/1225/1284 1101/1226/1285 743/909/967 742/907/965
f 1102/1227/1286 1093/1218/1277 636/910/968 743/909/967
f 1016/1164/1223 1090/1215/1274 1093/1218/1277 1102/1227/1286
f 743/909/967 1101/1226/1285 1103/1228/1287 1102/1227/1286
f 1102/1227/1286 1103/1228/1287 1015/1163/1222 1016/1164/1223
f 1033/1184/1243 1032/1183/1242 1190/1229/1288 1104/1230/1289
f 1104/1230/1289 1190/1229/1288 1024/1174/1233 1025/1173/1232
f 1032/1183/1242 1189/1182/1241 1204/1231/1290 1190/1229/1288
f 1034/1185/1244 1033/1184/1243 1104/1230/1289 1105/1232/1291
f 1105/1232/1291 1104/1230/1289 1025/1173/1232 1026/1175/1234
f 1107/1233/1292 1105/1232/1291 1026/1175/1234 1106/1234/1293
f 1108/1235/1294 1034/1185/1244 1105/1232/1291 1107/1233/1292
f 1110/1236/1295 1159/1237/1296 1160/1238/1297 1109/1239/1298
f 1160/1238/1297 1161/1240/1299 1111/1241/1300 1109/1239/1298
f 1112/1242/1301 1158/1243/1302 1159/1237/1296 1110/1236/1295
f 1158/1243/1302 1112/1242/1301 1113/1244/1303 1157/1245/1304
f 1157/1245/1304 1113/1244/1303 1114/1246/1305 1156/1247/1306
f 1115/1248/1307 1155/1249/1308 1156/1247/1306 1114/1246/1305
f 675/802/857 1116/1250/1309 347/778/833 648/779/834
f 1116/1250/1309 675/802/857 676/803/858 1117/1251/1310
f 677/804/859 654/785/840 311/440/465 312/441/466
f 677/804/859 1118/1252/1311 1117/1251/1310 676/803/858
f 1419/64/64 1420/67/67 1119/2139/66 63/61/61
f 98/285/285 1121/124/124 1277/123/123 1278/1253/1312
f 1122/289/289 1121/124/124 98/285/285 194/287/287
f 1123/290/290 1122/289/289 194/287/287 193/286/286
f 192/282/282 1124/284/284 1502/283/283 1503/279/279
f 1125/442/467 1124/284/284 192/282/282 313/444/469
f 312/441/466 1125/442/467 1118/1252/1311 677/804/859
f 1416/59/59 1417/1254/1313 61/2137/1314 60/60/60
f 99/130/130 1127/125/125 1280/128/128 1281/131/131
f 191/277/277 1128/1256/1315 1505/1257/1316 1506/278/278
f 314/446/471 1129/1258/1317 1128/1256/1315 191/277/277
f 346/480/505 1130/1259/1318 1129/1258/1317 314/446/471
f 1116/1250/1309 1130/1259/1318 346/480/505 347/778/833
f 1131/1260/1319 1118/1252/1311 1125/442/467 313/444/469
f 1417/1254/1313 1418/63/63 1132/2136/62 61/2137/1314
f 1278/1253/1312 1279/127/127 1134/126/126 98/285/285
f 1128/1256/1315 1135/281/281 1504/280/280 1505/1257/1316
f 1129/1258/1317 1136/443/468 1135/281/281 1128/1256/1315
f 1137/1261/1320 1117/1251/1310 1118/1252/1311 1131/1260/1319
f 1117/1251/1310 1137/1261/1320 1130/1259/1318 1116/1250/1309
f 1136/443/468 1137/1261/1320 1131/1260/1319 313/444/469
f 1129/1258/1317 1130/1259/1318 1137/1261/1320 1136/443/468
f 2210/2303/867 2211/2304/1166 936/1108/1167 683/810/868
f 1139/1262/1321 1138/1263/1322 681/808/864 680/807/863
f 1138/1263/1322 936/1108/1167 682/809/865 681/808/864
f 683/810/868 936/1108/1167 1138/1263/1322 1139/1262/1321
f 1139/1262/1321 679/806/862 678/805/861 683/810/868
f 679/806/862 1139/1262/1321 680/807/863 587/707/762
f 1141/1264/1323 1107/1233/1292 1106/1234/1293 1140/1265/1324
f 1206/1266/1325 1207/1267/1326 1141/1264/1323 1140/1265/1324
f 1142/1268/1327 1108/1235/1294 1107/1233/1292 1141/1264/1323
f 1207/1267/1326 1208/1269/1328 1142/1268/1327 1141/1264/1323
f 1208/1269/1328 1209/1270/1329 1143/1271/1330 1142/1268/1327
f 1144/1272/1331 1205/1273/1332 1206/1266/1325 1140/1265/1324
f 1154/1274/1333 1155/1249/1308 1115/1248/1307 1145/1275/1334
f 1146/1276/1335 1153/1277/1336 1154/1274/1333 1145/1275/1334
f 1147/1278/1337 1152/1279/1338 1153/1277/1336 1146/1276/1335
f 1151/1280/1339 1152/1279/1338 1147/1278/1337 1148/1281/1340
f 1161/1240/1299 1162/1282/1341 1149/1283/1342 1111/1241/1300
f 1149/1283/1342 1162/1282/1341 1163/1284/1343 1150/1285/1344
f 1100/1225/1284 1152/1279/1338 1151/1280/1339 1101/1226/1285
f 1153/1277/1336 1152/1279/1338 1100/1225/1284 1099/1224/1283
f 1154/1274/1333 1153/1277/1336 1099/1224/1283 1098/1223/1282
f 1096/1222/1281 1155/1249/1308 1154/1274/1333 1098/1223/1282
f 1156/1247/1306 1155/1249/1308 1096/1222/1281 1097/1221/1280
f 1094/1220/1279 1157/1245/1304 1156/1247/1306 1097/1221/1280
f 1095/1219/1278 1158/1243/1302 1157/1245/1304 1094/1220/1279
f 1159/1237/1296 1158/1243/1302 1095/1219/1278 1058/1213/1272
f 1160/1238/1297 1159/1237/1296 1058/1213/1272 1057/1212/1271
f 1055/1211/1270 1161/1240/1299 1160/1238/1297 1057/1212/1271
f 1056/1210/1269 1162/1282/1341 1161/1240/1299 1055/1211/1270
f 1163/1284/1343 1162/1282/1341 1056/1210/1269 1054/1209/1268
f 1163/1284/1343 1054/1209/1268 1051/1204/1263 1050/1203/1262
f 1101/1226/1285 1151/1280/1339 1164/1286/1345 1103/1228/1287
f 1103/1228/1287 1164/1286/1345 1014/1162/1221 1015/1163/1222
f 1165/1287/1346 1164/1286/1345 1151/1280/1339 1148/1281/1340
f 1013/1161/1220 1014/1162/1221 1164/1286/1345 1165/1287/1346
f 1150/1285/1344 1163/1284/1343 1050/1203/1262 1049/1202/1261
f 1048/1201/1260 1047/1200/1259 1166/1288/1347 1167/1289/1348
f 1167/1289/1348 1150/1285/1344 1049/1202/1261 1048/1201/1260
f 1168/1290/1349 1166/1288/1347 1047/1200/1259 1046/1199/1258
f 1059/1291/1350 1169/1292/1351 991/1084/1142 915/1148/1207
f 1169/1292/1351 1170/1293/1352 914/1083/1141 991/1084/1142
f 1170/1293/1352 1171/1294/1353 912/1080/1138 914/1083/1141
f 1172/1295/1354 911/1081/1139 912/1080/1138 1171/1294/1353
f 1172/1295/1354 910/1079/1137 913/1082/1140 911/1081/1139
f 910/1079/1137 1172/1295/1354 1171/1294/1353 909/1078/1136
f 908/1077/1135 909/1078/1136 1171/1294/1353 1170/1293/1352
f 1170/1293/1352 1173/1296/1355 907/1075/1133 908/1077/1135
f 1173/1296/1355 1174/1297/1356 906/1076/1134 907/1075/1133
f 1174/1297/1356 1175/1298/1357 1044/1197/1256 906/1076/1134
f 1045/1198/1257 1044/1197/1256 1175/1298/1357 1176/1299/1358
f 1176/1299/1358 1168/1290/1349 1046/1199/1258 1045/1198/1257
f 1178/1099/1157 1177/1214/1273 1059/1291/1350 915/1148/1207
f 499/1147/1206 1179/610/635 1178/1099/1157 915/1148/1207
f 838/1146/1205 1180/611/636 1179/610/635 499/1147/1206
f 498/1145/1204 1181/1026/1084 1180/611/636 838/1146/1205
f 1182/924/982 1181/1026/1084 498/1145/1204 811/1144/1203
f 1183/925/983 1182/924/982 811/1144/1203 744/1143/1202
f 1184/920/978 1183/925/983 744/1143/1202 790/1142/1201
f 1185/921/979 1184/920/978 790/1142/1201 696/1141/1200
f 848/1140/1199 1186/827/885 1185/921/979 696/1141/1200
f 697/1139/1198 1187/828/886 1186/827/885 848/1140/1199
f 1188/1110/1169 1187/828/886 697/1139/1198 938/1138/1197
f 958/1137/1196 1189/1182/1241 1188/1110/1169 938/1138/1197
f 1203/1172/1231 1204/1231/1290 1189/1182/1241 958/1137/1196
f 1192/1136/1195 1191/1171/1230 1023/1181/1240 968/1134/1193
f 1193/887/945 1192/1136/1195 968/1134/1193 731/885/943
f 869/886/944 1194/888/946 1193/887/945 731/885/943
f 730/1020/1078 1195/1018/1076 1194/888/946 869/886/944
f 782/946/1004 1196/951/1009 1195/1018/1076 730/1020/1078
f 749/945/1003 1197/952/1010 1196/951/1009 782/946/1004
f 1198/948/1006 1197/952/1010 749/945/1003 803/944/1002
f 1199/949/1007 1198/948/1006 803/944/1002 710/943/1001
f 1200/850/908 1199/949/1007 710/943/1001 861/853/911
f 1201/851/909 1200/850/908 861/853/911 711/856/914
f 960/1127/1186 1202/1124/1183 1201/851/909 711/856/914
f 1024/1174/1233 1203/1172/1231 1202/1124/1183 960/1127/1186
f 1190/1229/1288 1204/1231/1290 1203/1172/1231 1024/1174/1233
f 1206/1266/1325 1205/1273/1332 1115/1248/1307 1114/1246/1305
f 1113/1244/1303 1207/1267/1326 1206/1266/1325 1114/1246/1305
f 1112/1242/1301 1208/1269/1328 1207/1267/1326 1113/1244/1303
f 1110/1236/1295 1209/1270/1329 1208/1269/1328 1112/1242/1301
f 1211/1300/1359 1111/1241/1300 1149/1283/1342 1210/1301/1360
f 1210/1301/1360 1149/1283/1342 1150/1285/1344 1167/1289/1348
f 1212/1302/1361 1109/1239/1298 1111/1241/1300 1211/1300/1359
f 1109/1239/1298 1212/1302/1361 1209/1270/1329 1110/1236/1295
f 1213/1303/1362 1145/1275/1334 1115/1248/1307 1205/1273/1332
f 1214/1304/1363 1146/1276/1335 1145/1275/1334 1213/1303/1362
f 1215/1305/1364 1147/1278/1337 1146/1276/1335 1214/1304/1363
f 1216/1306/1365 1148/1281/1340 1147/1278/1337 1215/1305/1364
f 1148/1281/1340 1216/1306/1365 1217/1307/1366 1165/1287/1346
f 1165/1287/1346 1217/1307/1366 1012/1160/1219 1013/1161/1220
f 1218/1308/1367 1144/1272/1331 1140/1265/1324 1106/1234/1293
f 1106/1234/1293 1026/1175/1234 1027/1176/1235 1218/1308/1367
f 1219/1309/1368 1035/1186/1245 1034/1185/1244 1108/1235/1294
f 1220/1310/1369 1213/1303/1362 1205/1273/1332 1144/1272/1331
f 1221/1311/1370 1220/1310/1369 1144/1272/1331 1218/1308/1367
f 1218/1308/1367 1027/1176/1235 1028/1177/1236 1221/1311/1370
f 1143/1271/1330 1219/1309/1368 1108/1235/1294 1142/1268/1327
f 1222/1312/1371 1036/1187/1246 1035/1186/1245 1219/1309/1368
f 1212/1302/1361 1223/1313/1372 1143/1271/1330 1209/1270/1329
f 1223/1313/1372 1222/1312/1371 1219/1309/1368 1143/1271/1330
f 1224/1314/1373 1210/1301/1360 1167/1289/1348 1166/1288/1347
f 1225/1315/1374 1211/1300/1359 1210/1301/1360 1224/1314/1373
f 1211/1300/1359 1225/1315/1374 1223/1313/1372 1212/1302/1361
f 1226/1316/1375 1224/1314/1373 1166/1288/1347 1168/1290/1349
f 1227/1317/1376 1225/1315/1374 1224/1314/1373 1226/1316/1375
f 1225/1315/1374 1227/1317/1376 1222/1312/1371 1223/1313/1372
f 1222/1312/1371 1227/1317/1376 1037/1188/1247 1036/1187/1246
f 1228/1318/1377 1226/1316/1375 1168/1290/1349 1176/1299/1358
f 1226/1316/1375 1228/1318/1377 1229/1319/1378 1227/1317/1376
f 1229/1319/1378 1038/1189/1248 1037/1188/1247 1227/1317/1376
f 1230/1320/1379 1214/1304/1363 1213/1303/1362 1220/1310/1369
f 1231/1321/1380 1215/1305/1364 1214/1304/1363 1230/1320/1379
f 1215/1305/1364 1231/1321/1380 1232/1322/1381 1216/1306/1365
f 1216/1306/1365 1232/1322/1381 1233/1323/1382 1217/1307/1366
f 1217/1307/1366 1233/1323/1382 1011/1159/1218 1012/1160/1219
f 1029/1178/1237 1234/1324/1383 1221/1311/1370 1028/1177/1236
f 1234/1324/1383 1230/1320/1379 1220/1310/1369 1221/1311/1370
f 1235/1325/1384 1231/1321/1380 1230/1320/1379 1234/1324/1383
f 1231/1321/1380 1235/1325/1384 1236/1326/1385 1232/1322/1381
f 1232/1322/1381 1236/1326/1385 1237/1327/1386 1233/1323/1382
f 1233/1323/1382 1237/1327/1386 1001/1158/1217 1011/1159/1218
f 1234/1324/1383 1029/1178/1237 1030/1179/1238 1235/1325/1384
f 1039/1190/1249 1038/1189/1248 1229/1319/1378 1238/1328/1387
f 1239/1329/1388 1235/1325/1384 1030/1179/1238 1031/1180/1239
f 1240/1330/1389 1239/1329/1388 1031/1180/1239 1023/1181/1240
f 1241/1331/1390 1240/1330/1389 1023/1181/1240 1191/1171/1230
f 1238/1328/1387 1229/1319/1378 1228/1318/1377 1242/1332/1391
f 1242/1332/1391 1228/1318/1377 1176/1299/1358 1175/1298/1357
f 1243/1333/1392 1242/1332/1391 1175/1298/1357 1174/1297/1356
f 1242/1332/1391 1243/1333/1392 1244/1334/1393 1238/1328/1387
f 1238/1328/1387 1244/1334/1393 1040/1191/1250 1039/1190/1249
f 1244/1334/1393 1243/1333/1392 1177/1214/1273 1040/1191/1250
f 1059/1291/1350 1177/1214/1273 1243/1333/1392 1174/1297/1356
f 1169/1292/1351 1059/1291/1350 1174/1297/1356 1173/1296/1355
f 1170/1293/1352 1169/1292/1351 1173/1296/1355
f 1245/1335/1394 1236/1326/1385 1235/1325/1384 1239/1329/1388
f 1236/1326/1385 1245/1335/1394 1246/1336/1395 1237/1327/1386
f 1237/1327/1386 1246/1336/1395 1000/1156/1215 1001/1158/1217
f 1246/1336/1395 1245/1335/1394 1239/1329/1388 1240/1330/1389
f 1240/1330/1389 1241/1331/1390 1000/1156/1215 1246/1336/1395
f 1247/1337/1396 1019/1167/1226 1018/1166/1225 1017/1165/1224
f 1020/1168/1227 1019/1167/1226 1247/1337/1396 1248/1338/1397
f 1248/1338/1397 1247/1337/1396 1017/1165/1224 999/1157/1216
f 1021/1169/1228 1020/1168/1227 1248/1338/1397 1249/1339/1398
f 1249/1339/1398 1250/1340/1399 1022/1170/1229 1021/1169/1228
f 1191/1171/1230 1022/1170/1229 1250/1340/1399 1241/1331/1390
f 1249/1339/1398 1248/1338/1397 999/1157/1216 1250/1340/1399
f 1250/1340/1399 999/1157/1216 1000/1156/1215 1241/1331/1390
f 69/2143/71 71/2142/73 1364/1341/1400 1365/1342/1401
f 1362/1343/1402 1363/1344/1403 21/22/22 19/20/20
f 1363/1344/1403 1364/1341/1400 71/2142/73 21/22/22
f 1361/1345/1404 1362/1343/1402 19/20/20 15/16/16
f 15/16/16 13/13/13 1360/1346/1405 1361/1345/1404
f 1258/82/82 1257/81/81 36/1347/1406 29/1348/1407
f 29/1348/1407 27/1349/1408 1259/87/87 1258/82/82
f 1260/90/90 1259/87/87 27/1349/1408 25/1350/1409
f 1261/92/92 1260/90/90 25/1350/1409 23/1351/1410
f 1262/94/94 1261/92/92 23/1351/1410 17/1352/1411
f 1263/115/115 1262/94/94 17/1352/1411 7/1353/1412
f 7/1353/1412 5/1354/1413 1264/114/114 1263/115/115
f 1265/112/112 1264/114/114 5/1354/1413 3/1355/1414
f 1266/2352/110 1265/112/112 3/1355/1414 2/1356/1415
f 1267/108/108 1266/110/110 2/2351/1415 10/1357/1416
f 1268/106/106 1267/108/108 10/1357/1416 12/1358/1417
f 1269/104/104 1268/106/106 12/1358/1417 14/1359/1418
f 1270/102/102 1269/104/104 14/1359/1418 16/1360/1419
f 1271/100/100 1270/102/102 16/1360/1419 20/1361/1420
f 1272/97/97 1271/100/100 20/1361/1420 22/1362/1421
f 1273/98/98 1272/97/97 22/1362/1421 70/1363/1422
f 70/1363/1422 68/1364/1423 1274/117/117 1273/98/98
f 1275/120/120 1274/117/117 68/1364/1423 66/1365/1424
f 1276/122/122 1275/120/120 66/1365/1424 64/1366/1425
f 1120/1367/1426 1277/123/123 1276/122/122 64/1366/1425
f 1278/1253/1312 1277/123/123 1120/1367/1426 62/1368/1427
f 1133/1369/1428 1279/127/127 1278/1253/1312 62/1368/1427
f 1280/128/128 1279/127/127 1133/1369/1428 1126/1370/1429
f 1281/131/131 1280/128/128 1126/1370/1429 59/1371/1430
f 1282/132/132 1281/131/131 59/1371/1430 57/1372/1431
f 57/1372/1431 55/1373/1432 1283/133/133 1282/132/132
f 55/1373/1432 53/1374/1433 1284/134/134 1283/133/133
f 51/1375/1434 1285/137/137 1284/134/134 53/1374/1433
f 49/1376/1435 1286/139/139 1285/137/137 51/1375/1434
f 1287/142/142 1286/139/139 49/1376/1435 47/1377/1436
f 1288/144/144 1287/142/142 47/1377/1436 45/1378/1437
f 1288/144/144 45/1378/1437 43/1379/1438 1289/146/145
f 1290/148/148 1289/146/145 43/1379/1438 41/1380/1439
f 1291/150/150 1290/148/148 41/1380/1439 39/1381/1440
f 39/1381/1440 37/1382/1441 1292/151/151 1291/150/150
f 33/1383/1442 1293/86/86 1292/151/151 37/1382/1441
f 1294/84/84 1293/86/86 33/1383/1442 31/1384/1443
f 1257/81/81 1294/84/84 31/1384/1443 36/1347/1406
f 1391/1385/1444 1392/1386/1445 8/2164/7 18/2161/18
f 1390/1387/1446 1391/1385/1444 18/2161/18 24/2160/24
f 1389/1388/1447 1390/1387/1446 24/2160/24 26/2159/25
f 1388/1389/1448 1389/1388/1447 26/2159/25 28/2158/28
f 1386/1390/1449 1387/1391/1450 30/2156/30 35/32/32
f 1387/1391/1450 1388/1389/1448 28/2158/28 30/2156/30
f 32/2157/31 34/2154/36 1384/1392/1451 1385/1393/1452
f 1385/1393/1452 1386/1390/1449 35/32/32 32/2157/31
f 38/2153/38 40/2152/40 1382/1394/1453 1383/1395/1454
f 1384/1392/1451 34/2154/36 38/2153/38 1383/1395/1454
f 1381/1396/1455 1382/1394/1453 40/2152/40 42/2151/42
f 1380/1397/1456 1381/1396/1455 42/2151/42 44/2150/44
f 1378/1398/1457 1379/1399/1458 46/2149/46 48/2148/48
f 46/2149/46 1379/1399/1458 1380/1397/1456 44/2150/44
f 1311/1400/1459 1310/1401/1460 2/1356/1415 3/1355/1414
f 3/1355/1414 5/1354/1413 1312/1402/1461 1311/1400/1459
f 1313/1403/1462 1312/1402/1461 5/1354/1413 7/1353/1412
f 7/1353/1412 17/1352/1411 1314/1404/1463 1313/1403/1462
f 17/1352/1411 23/1351/1410 1315/1405/1464 1314/1404/1463
f 1316/1406/1465 1315/1405/1464 23/1351/1410 25/1350/1409
f 25/1350/1409 27/1349/1408 1317/1407/1466 1316/1406/1465
f 27/1349/1408 29/1348/1407 1318/1408/1467 1317/1407/1466
f 36/1347/1406 1319/1409/1468 1318/1408/1467 29/1348/1407
f 1320/1410/1469 1319/1409/1468 36/1347/1406 31/1384/1443
f 31/1384/1443 33/1383/1442 1321/1411/1470 1320/1410/1469
f 1321/1411/1470 33/1383/1442 37/1382/1441 1322/1412/1471
f 37/1382/1441 39/1381/1440 1323/1413/1472 1322/1412/1471
f 39/1381/1440 41/1380/1439 1324/1414/1473 1323/1413/1472
f 41/1380/1439 43/1379/1438 1325/1415/1474 1324/1414/1473
f 45/1378/1437 1326/1416/1475 1325/1415/1474 43/1379/1438
f 45/1378/1437 47/1377/1436 1327/1417/1476 1326/1416/1475
f 47/1377/1436 49/1376/1435 1328/1418/1477 1327/1417/1476
f 1329/1419/1478 1328/1418/1477 49/1376/1435 51/1375/1434
f 1330/1420/1479 1329/1419/1478 51/1375/1434 53/1374/1433
f 53/1374/1433 55/1373/1432 1331/1421/1480 1330/1420/1479
f 55/1373/1432 57/1372/1431 1332/1422/1481 1331/1421/1480
f 57/1372/1431 59/1371/1430 1333/1423/1482 1332/1422/1481
f 1126/1370/1429 1334/1424/1483 1333/1423/1482 59/1371/1430
f 1133/1369/1428 1335/1425/1484 1334/1424/1483 1126/1370/1429
f 1336/1426/1485 1335/1425/1484 1133/1369/1428 62/1368/1427
f 1120/1367/1426 1337/1427/1486 1336/1426/1485 62/1368/1427
f 1338/1428/1487 1337/1427/1486 1120/1367/1426 64/1366/1425
f 64/1366/1425 66/1365/1424 1339/1429/1488 1338/1428/1487
f 1340/1430/1489 1339/1429/1488 66/1365/1424 68/1364/1423
f 1341/1431/1490 1340/1430/1489 68/1364/1423 70/1363/1422
f 1342/1432/1491 1341/1431/1490 70/1363/1422 22/1362/1421
f 22/1362/1421 20/1361/1420 1343/1433/1492 1342/1432/1491
f 20/1361/1420 16/1360/1419 1344/1434/1493 1343/1433/1492
f 16/1360/1419 14/1359/1418 1345/1435/1494 1344/1434/1493
f 1346/1436/1495 1345/1435/1494 14/1359/1418 12/1358/1417
f 12/1358/1417 10/1357/1416 1347/1437/1496 1346/1436/1495
f 10/1357/1416 2/2351/1415 1310/2350/1460 1347/1437/1496
f 1377/1438/1497 1378/1398/1457 48/2148/48 50/2134/50
f 1376/1439/1498 1377/1438/1497 50/2134/50 52/2133/51
f 52/2133/51 54/2135/53 1375/1440/1499 1376/1439/1498
f 1374/1441/1500 1375/1440/1499 54/2135/53 56/2147/56
f 1373/1442/1501 1374/1441/1500 56/2147/56 58/2146/58
f 1372/1443/1502 1373/1442/1501 58/2146/58 60/2138/60
f 1371/1444/1503 1372/1443/1502 60/2138/60 61/1255/1314
f 1370/1445/1504 1371/1444/1503 61/1255/1314 1132/62/62
f 1369/1446/1505 1370/1445/1504 1132/62/62 63/2140/61
f 1368/1447/1506 1369/1446/1505 63/2140/61 1119/66/66
f 1367/1448/1507 1368/1447/1506 1119/66/66 65/2145/65
f 1366/1449/1508 1367/1448/1507 65/2145/65 67/2144/70
f 1365/1342/1401 1366/1449/1508 67/2144/70 69/2143/71
f 1361/1345/1404 1360/1346/1405 1256/1450/1509 1255/1451/1510
f 1255/1451/1510 1254/1452/1511 1362/1343/1402 1361/1345/1404
f 1254/1452/1511 1253/1453/1512 1363/1344/1403 1362/1343/1402
f 1253/1453/1512 1251/1454/1513 1364/1341/1400 1363/1344/1403
f 1365/1342/1401 1364/1341/1400 1251/1454/1513 1252/1455/1514
f 1252/1455/1514 1359/1456/1515 1366/1449/1508 1365/1342/1401
f 1359/1456/1515 1358/1457/1516 1367/1448/1507 1366/1449/1508
f 1358/1457/1516 1357/1458/1517 1368/1447/1506 1367/1448/1507
f 1357/1458/1517 1356/1459/1518 1369/1446/1505 1368/1447/1506
f 1356/1459/1518 1355/1460/1519 1370/1445/1504 1369/1446/1505
f 1355/1460/1519 1354/1461/1520 1371/1444/1503 1370/1445/1504
f 1354/1461/1520 1353/1462/1521 1372/1443/1502 1371/1444/1503
f 1353/1462/1521 1352/1463/1522 1373/1442/1501 1372/1443/1502
f 1352/1463/1522 1351/1464/1523 1374/1441/1500 1373/1442/1501
f 1351/1464/1523 1350/1465/1524 1375/1440/1499 1374/1441/1500
f 1376/1439/1498 1375/1440/1499 1350/1465/1524 1349/1466/1525
f 1349/1466/1525 1348/1467/1526 1377/1438/1497 1376/1439/1498
f 1348/1467/1526 1309/1468/1527 1378/1398/1457 1377/1438/1497
f 1309/1468/1527 1308/1469/1528 1379/1399/1458 1378/1398/1457
f 1379/1399/1458 1308/1469/1528 1307/1470/1529 1380/1397/1456
f 1307/1470/1529 1306/1471/1530 1381/1396/1455 1380/1397/1456
f 1306/1471/1530 1304/1472/1531 1382/1394/1453 1381/1396/1455
f 1383/1395/1454 1382/1394/1453 1304/1472/1531 1305/1473/1532
f 1302/1474/1533 1384/1392/1451 1383/1395/1454 1305/1473/1532
f 1385/1393/1452 1384/1392/1451 1302/1474/1533 1303/1475/1534
f 1303/1475/1534 1301/1476/1535 1386/1390/1449 1385/1393/1452
f 1301/1476/1535 1300/1477/1536 1387/1391/1450 1386/1390/1449
f 1300/1477/1536 1299/1478/1537 1388/1389/1448 1387/1391/1450
f 1299/1478/1537 1298/1479/1538 1389/1388/1447 1388/1389/1448
f 1298/1479/1538 1297/1480/1539 1390/1387/1446 1389/1388/1447
f 1297/1480/1539 1296/1481/1540 1391/1385/1444 1390/1387/1446
f 1296/1481/1540 1295/1482/1541 1392/1386/1445 1391/1385/1444
f 1394/3/3 1393/2349/2 1310/1401/1460 1311/1400/1459
f 1311/1400/1459 1312/1402/1461 1395/5/5 1394/3/3
f 1396/8/8 1395/5/5 1312/1402/1461 1313/1403/1462
f 1313/1403/1462 1314/1404/1463 1397/17/17 1396/8/8
f 1314/1404/1463 1315/1405/1464 1398/23/23 1397/17/17
f 1399/26/26 1398/23/23 1315/1405/1464 1316/1406/1465
f 1316/1406/1465 1317/1407/1466 1400/27/27 1399/26/26
f 1317/1407/1466 1318/1408/1467 1401/29/29 1400/27/27
f 1318/1408/1467 1319/1409/1468 1402/33/33 1401/29/29
f 1403/34/34 1402/33/33 1319/1409/1468 1320/1410/1469
f 1320/1410/1469 1321/1411/1470 1404/35/35 1403/34/34
f 1404/35/35 1321/1411/1470 1322/1412/1471 1405/37/37
f 1322/1412/1471 1323/1413/1472 1406/39/39 1405/37/37
f 1323/1413/1472 1324/1414/1473 1407/41/41 1406/39/39
f 1324/1414/1473 1325/1415/1474 1408/43/43 1407/41/41
f 1326/1416/1475 1409/45/45 1408/43/43 1325/1415/1474
f 1326/1416/1475 1327/1417/1476 1410/47/47 1409/45/45
f 1327/1417/1476 1328/1418/1477 1411/49/49 1410/47/47
f 1412/52/52 1411/49/49 1328/1418/1477 1329/1419/1478
f 1413/54/54 1412/52/52 1329/1419/1478 1330/1420/1479
f 1330/1420/1479 1331/1421/1480 1414/55/55 1413/54/54
f 1331/1421/1480 1332/1422/1481 1415/57/57 1414/55/55
f 1332/1422/1481 1333/1423/1482 1416/59/59 1415/57/57
f 1333/1423/1482 1334/1424/1483 1417/1254/1313 1416/59/59
f 1334/1424/1483 1335/1425/1484 1418/63/63 1417/1254/1313
f 1419/64/64 1418/63/63 1335/1425/1484 1336/1426/1485
f 1336/1426/1485 1337/1427/1486 1420/67/67 1419/64/64
f 1421/68/68 1420/67/67 1337/1427/1486 1338/1428/1487
f 1338/1428/1487 1339/1429/1488 1422/69/69 1421/68/68
f 1423/72/72 1422/69/69 1339/1429/1488 1340/1430/1489
f 1424/74/74 1423/72/72 1340/1430/1489 1341/1431/1490
f 1425/21/21 1424/74/74 1341/1431/1490 1342/1432/1491
f 1342/1432/1491 1343/1433/1492 1426/19/19 1425/21/21
f 1343/1433/1492 1344/1434/1493 1427/15/15 1426/19/19
f 1344/1434/1493 1345/1435/1494 1428/14/14 1427/15/15
f 1429/11/11 1428/14/14 1345/1435/1494 1346/1436/1495
f 1346/1436/1495 1347/1437/1496 1430/9/9 1429/11/11
f 1347/1437/1496 1310/2350/1460 1393/2/2 1430/9/9
f 13/13/13 11/12/12 1431/1483/1542 1360/1346/1405
f 1432/1484/1543 1256/1450/1509 1360/1346/1405 1431/1483/1542
f 11/12/12 9/10/10 1433/1485/1544 1431/1483/1542
f 1434/1486/1545 1432/1484/1543 1431/1483/1542 1433/1485/1544
f 1392/1386/1445 1435/1487/1546 6/6/6 8/2164/7
f 1295/1482/1541 1436/1488/1547 1435/1487/1546 1392/1386/1445
f 1437/2258/1548 1433/1485/1544 9/10/10 1/2259/1
f 1438/2256/1549 1434/1486/1545 1433/1485/1544 1437/2258/1548
f 1440/1491/1550 1438/1490/1549 1437/1489/1548 1439/1492/1551
f 1439/1492/1551 1437/1489/1548 1/1/1 4/4/4
f 1436/1488/1547 1440/1491/1550 1439/1492/1551 1435/1487/1546
f 4/4/4 6/6/6 1435/1487/1546 1439/1492/1551
f 1442/1493/1552 1564/1494/1553 1565/1495/1554 1441/1496/1555
f 1563/1497/1556 1564/1494/1553 1442/1493/1552 1443/1498/1557
f 1562/1499/1558 1563/1497/1556 1443/1498/1557 1444/1500/1559
f 1557/1501/1560 1558/1502/1561 1445/1503/1562 1446/1504/1563
f 1558/1502/1561 1559/1505/1564 1447/1506/1565 1445/1503/1562
f 1559/1505/1564 1560/1507/1566 1448/1508/1567 1447/1506/1565
f 1448/1508/1567 1560/1507/1566 1561/1509/1568 1449/1510/1569
f 1561/1509/1568 1562/1499/1558 1444/1500/1559 1449/1510/1569
f 1441/1496/1555 1565/1495/1554 1566/1511/1570 1450/1512/1571
f 1454/1513/1572 1451/1514/1573 1534/1515/1574 1535/1516/1575
f 1535/1516/1575 1536/1517/1576 1456/1518/1577 1454/1513/1572
f 103/138/138 1458/154/154 1457/153/153 101/135/135
f 104/140/140 1459/157/157 1458/154/154 103/138/138
f 1460/164/164 1459/157/157 104/140/140 105/141/141
f 1461/166/166 1460/164/164 105/141/141 106/143/143
f 1461/166/166 106/143/143 107/145/146 1462/168/167
f 1463/170/170 1462/168/167 107/145/146 108/147/147
f 1464/351/373 1463/170/170 108/147/147 109/149/149
f 1465/353/375 1464/351/373 109/149/149 72/354/376
f 671/465/490 1466/463/488 1465/353/375 72/354/376
f 666/796/851 1467/798/853 1466/463/488 671/465/490
f 330/76/76 1468/360/385 1467/798/853 666/796/851
f 1469/361/386 1468/360/385 330/76/76 75/75/75
f 75/75/75 121/171/171 1470/362/387 1469/361/386
f 1471/365/390 1470/362/387 121/171/171 123/173/173
f 1472/367/392 1471/365/390 123/173/173 125/175/175
f 1473/315/314 1472/367/392 125/175/175 136/682/710
f 1474/310/309 1473/315/314 136/682/710 128/681/709
f 209/678/706 1475/311/310 1474/310/309 128/681/709
f 1476/306/306 1475/311/310 209/678/706 127/677/705
f 131/675/703 1477/307/303 1476/306/306 127/677/705
f 1478/309/308 1477/307/303 131/675/703 135/672/700
f 420/670/698 1479/234/234 1478/309/308 135/672/700
f 1480/229/229 1479/234/234 420/670/698 133/669/697
f 133/669/697 425/666/694 1481/230/230 1480/229/229
f 1482/239/239 1481/230/230 425/666/694 139/665/693
f 139/665/693 141/662/690 1483/236/236 1482/239/239
f 1484/237/237 1483/236/236 141/662/690 143/660/688
f 1485/241/241 1484/237/237 143/660/688 175/658/686
f 1486/252/252 1485/241/241 175/658/686 147/656/684
f 147/656/684 442/654/682 1487/244/244 1486/252/252
f 1488/245/245 1487/244/244 442/654/682 145/653/681
f 145/653/681 447/651/679 1489/247/247 1488/245/245
f 1490/253/253 1489/247/247 447/651/679 152/648/676
f 152/648/676 149/646/674 1491/254/254 1490/253/253
f 149/646/674 151/645/673 1492/257/257 1491/254/254
f 151/645/673 155/643/671 1493/258/258 1492/257/257
f 155/643/671 165/640/668 1494/261/261 1493/258/258
f 1495/264/264 1494/261/261 165/640/668 157/639/667
f 205/636/664 1496/265/265 1495/264/264 157/639/667
f 1497/269/269 1496/265/265 205/636/664 159/295/295
f 1498/270/270 1497/269/269 159/295/295 183/294/294
f 183/294/294 185/299/299 1499/271/271 1498/270/270
f 185/299/299 187/302/302 1500/273/273 1499/271/271
f 1501/276/276 1500/273/273 187/302/302 189/291/291
f 1123/290/290 1502/283/283 1501/276/276 189/291/291
f 1503/279/279 1502/283/283 1123/290/290 193/286/286
f 1134/126/126 1504/280/280 1503/279/279 193/286/286
f 1505/1257/1316 1504/280/280 1134/126/126 1127/125/125
f 1506/278/278 1505/1257/1316 1127/125/125 99/130/130
f 1507/161/161 1506/278/278 99/130/130 100/129/129
f 100/129/129 102/136/136 1508/160/160 1507/161/161
f 1457/153/153 1508/160/160 102/136/136 101/135/135
f 1536/1517/1576 1537/1519/1578 1510/1520/1579 1456/1518/1577
f 1512/1521/1580 1510/1520/1579 1537/1519/1578 1538/1522/1581
f 1538/1522/1581 1768/1523/1582 1769/1524/1583 1512/1521/1580
f 1539/1525/1584 1808/1526/1585 1809/1527/1586 1514/1528/1587
f 1518/1529/1588 1517/1530/1589 1550/1531/1590 1551/1532/1591
f 1517/1530/1589 1519/1533/1592 1549/1534/1593 1550/1531/1590
f 1519/1533/1592 1520/1535/1594 1548/1536/1595 1549/1534/1593
f 1522/1537/1596 1521/1538/1597 1517/1530/1589 1518/1529/1588
f 1521/1538/1597 1523/1539/1598 1519/1533/1592 1517/1530/1589
f 1523/1539/1598 1524/1540/1599 1520/1535/1594 1519/1533/1592
f 1548/1536/1595 2241/2334/1600 1525/1541/1601 1547/1542/1602
f 1805/1543/1603 1806/1544/1604 1546/1545/1605 1526/1546/1606
f 1800/1547/1607 1801/1548/1608 1547/1542/1602 1525/1541/1601
f 1529/1549/1609 1516/1550/1610 1540/1551/1611 1541/1552/1612
f 1527/1553/1613 1530/1554/1614 1544/1555/1615 1545/1556/1616
f 1541/1552/1612 2169/2261/1617 2170/2262/1618 1529/1549/1609
f 1530/1554/1614 2201/2294/1619 2202/2295/1620 1544/1555/1615
f 1535/1516/1575 1534/1515/1574 1452/1561/1621 1453/1562/1622
f 1453/1562/1622 1455/1563/1623 1536/1517/1576 1535/1516/1575
f 1455/1563/1623 1509/1564/1624 1537/1519/1578 1536/1517/1576
f 1538/1522/1581 1537/1519/1578 1509/1564/1624 1511/1565/1625
f 1511/1565/1625 1767/1566/1626 1768/1523/1582 1538/1522/1581
f 1513/1567/1627 1807/1568/1628 1808/1526/1585 1539/1525/1584
f 1541/1552/1612 1540/1551/1611 1515/1569/1629 1528/1570/1630
f 1528/1570/1630 2168/2260/1631 2169/2261/1617 1541/1552/1612
f 1544/1555/1615 2202/2295/1620 2168/2260/1631 1528/1570/1630
f 1545/1556/1616 1544/1555/1615 1528/1570/1630 1515/1569/1629
f 1806/1544/1604 1807/1568/1628 1513/1567/1627 1546/1545/1605
f 1801/1548/1608 1767/1566/1626 1511/1565/1625 1547/1542/1602
f 1548/1536/1595 1547/1542/1602 1511/1565/1625 1509/1564/1624
f 1549/1534/1593 1548/1536/1595 1509/1564/1624 1455/1563/1623
f 1550/1531/1590 1549/1534/1593 1455/1563/1623 1453/1562/1622
f 1551/1532/1591 1550/1531/1590 1453/1562/1622 1452/1561/1621
f 2241/2334/1600 2242/2335/1632 1552/1572/1633 1525/1541/1601
f 1552/1572/1633 1799/1573/1634 1800/1547/1607 1525/1541/1601
f 1804/1574/1635 1805/1543/1603 1526/1546/1606 1553/1575/1636
f 1554/1576/1637 1555/1577/1638 1530/1554/1614 1527/1553/1613
f 1555/1577/1638 2200/2293/1639 2201/2294/1619 1530/1554/1614
f 1350/1465/1524 1558/1502/1561 1557/1501/1560 1349/1466/1525
f 1351/1464/1523 1559/1505/1564 1558/1502/1561 1350/1465/1524
f 1352/1463/1522 1560/1507/1566 1559/1505/1564 1351/1464/1523
f 1561/1509/1568 1560/1507/1566 1352/1463/1522 1353/1462/1521
f 1354/1461/1520 1562/1499/1558 1561/1509/1568 1353/1462/1521
f 1355/1460/1519 1563/1497/1556 1562/1499/1558 1354/1461/1520
f 1356/1459/1518 1564/1494/1553 1563/1497/1556 1355/1460/1519
f 1565/1495/1554 1564/1494/1553 1356/1459/1518 1357/1458/1517
f 1566/1511/1570 1565/1495/1554 1357/1458/1517 1358/1457/1516
f 1359/1456/1515 1567/1579/1640 1566/1511/1570 1358/1457/1516
f 1567/1579/1640 1451/1514/1573 1450/1512/1571 1566/1511/1570
f 1534/1515/1574 1568/1580/1641 1569/1581/1642 1452/1561/1621
f 1452/1561/1621 1569/1581/1642 1570/1582/1643 1551/1532/1591
f 1572/1583/1644 1571/1584/1645 1648/1585/1646 1649/1586/1647
f 1571/1584/1645 1573/1587/1648 1647/1588/1649 1648/1585/1646
f 1573/1587/1648 1574/1589/1650 1646/1590/1651 1647/1588/1649
f 2243/2336/1652 2244/2337/1653 1575/1591/1654 1645/1592/1655
f 1575/1591/1654 1797/1593/1656 1798/1594/1657 1645/1592/1655
f 1578/1595/1658 1577/1596/1659 1571/1584/1645 1572/1583/1644
f 1580/1597/1660 1579/1598/1661 1577/1596/1659 1578/1595/1658
f 1573/1587/1648 1571/1584/1645 1577/1596/1659 1581/1599/1662
f 1583/1600/1663 1582/2255/1664 1579/1598/1661 1580/1597/1660
f 1585/1602/1665 1584/1603/1666 1582/1601/1664 1583/2257/1663
f 1587/1604/1667 1586/1605/1668 1584/1603/1666 1585/1602/1665
f 1583/1600/1663 1580/1597/1660 1434/1486/1545 1438/2256/1549
f 1440/1491/1550 1585/1602/1665 1583/2257/1663 1438/1490/1549
f 1587/1604/1667 1585/1602/1665 1440/1491/1550 1436/1488/1547
f 1589/1606/1669 1588/1607/1670 1586/1605/1668 1587/1604/1667
f 1591/1608/1671 1590/1609/1672 1588/1607/1670 1589/1606/1669
f 1593/1610/1673 1592/1611/1674 1309/1468/1527 1348/1467/1526
f 1557/1501/1560 1593/1610/1673 1348/1467/1526 1349/1466/1525
f 1595/1612/1675 1592/1611/1674 1593/1610/1673 1594/1613/1676
f 1446/1504/1563 1594/1613/1676 1593/1610/1673 1557/1501/1560
f 1596/1614/1677 1308/1469/1528 1309/1468/1527 1592/1611/1674
f 1308/1469/1528 1596/1614/1677 1597/1615/1678 1307/1470/1529
f 1592/1611/1674 1595/1612/1675 1598/1616/1679 1596/1614/1677
f 1596/1614/1677 1598/1616/1679 1599/1617/1680 1597/1615/1678
f 1600/1618/1681 1306/1471/1530 1307/1470/1529 1597/1615/1678
f 1601/1619/1682 1304/1472/1531 1306/1471/1530 1600/1618/1681
f 1304/1472/1531 1601/1619/1682 1602/1620/1683 1305/1473/1532
f 1603/1621/1684 1302/1474/1533 1305/1473/1532 1602/1620/1683
f 1604/1622/1685 1303/1475/1534 1302/1474/1533 1603/1621/1684
f 1303/1475/1534 1604/1622/1685 1300/1477/1536 1301/1476/1535
f 1605/1623/1686 1299/1478/1537 1300/1477/1536 1604/1622/1685
f 1299/1478/1537 1605/1623/1686 1606/1624/1687 1298/1479/1538
f 1298/1479/1538 1606/1624/1687 1607/1625/1688 1297/1480/1539
f 1589/1606/1669 1587/1604/1667 1436/1488/1547 1295/1482/1541
f 1589/1606/1669 1295/1482/1541 1296/1481/1540 1591/1608/1671
f 1297/1480/1539 1607/1625/1688 1591/1608/1671 1296/1481/1540
f 1605/1623/1686 1604/1622/1685 1603/1621/1684 1608/1626/1689
f 1607/1625/1688 1609/1627/1690 1590/1609/1672 1591/1608/1671
f 1606/1624/1687 1610/1628/1691 1609/1627/1690 1607/1625/1688
f 1610/1628/1691 1606/1624/1687 1605/1623/1686 1608/1626/1689
f 1611/1629/1692 1600/1618/1681 1597/1615/1678 1599/1617/1680
f 1600/1618/1681 1611/1629/1692 1612/1630/1693 1601/1619/1682
f 1613/1631/1694 1602/1620/1683 1601/1619/1682 1612/1630/1693
f 1608/1626/1689 1603/1621/1684 1602/1620/1683 1613/1631/1694
f 1615/1632/1695 1608/1626/1689 1613/1631/1694 1614/1633/1696
f 1614/1633/1696 1613/1631/1694 1612/1630/1693 1616/1634/1697
f 1616/1634/1697 1612/1630/1693 1611/1629/1692 1617/1635/1698
f 1598/1616/1679 1618/1636/1699 1619/1637/1700 1599/1617/1680
f 1599/1617/1680 1619/1637/1700 1617/1635/1698 1611/1629/1692
f 1594/1613/1676 1620/1638/1701 1621/1639/1702 1595/1612/1675
f 1595/1612/1675 1621/1639/1702 1618/1636/1699 1598/1616/1679
f 1445/1503/1562 1622/1640/1703 1623/1641/1704 1446/1504/1563
f 1446/1504/1563 1623/1641/1704 1620/1638/1701 1594/1613/1676
f 1625/1642/1705 2198/2291/1706 2199/2292/1707 1642/1645/1708
f 1542/1557/1709 2010/1646/1710 2011/1647/1711 1532/1558/1712
f 2044/1648/1713 2010/1646/1710 1542/1557/1709 1531/1571/1714
f 2043/1649/1715 2044/1648/1713 1531/1571/1714 1543/1560/1716
f 2042/1650/1717 2043/1649/1715 1543/1560/1716 1533/1559/1718
f 2041/1651/1719 2042/1650/1717 1533/1559/1718 1556/1578/1720
f 1624/1643/1721 2039/1652/1722 2040/1653/1723 1641/1644/1724
f 1634/1654/1725 2038/1655/1726 2039/1652/1722 1624/1643/1721
f 1636/1656/1727 2037/1657/1728 2038/1655/1726 1634/1654/1725
f 1638/2248/1729 2036/1659/1730 2037/1657/1728 1636/1656/1727
f 1576/1660/1731 1802/1661/1732 1803/1662/1733 1644/1663/1734
f 1639/1664/1735 1625/1642/1705 1642/1645/1708 1643/1665/1736
f 1641/1644/1724 2040/1653/1723 2041/1651/1719 1556/1578/1720
f 1642/1645/1708 2199/2292/1707 2200/2293/1639 1555/1577/1638
f 1643/1665/1736 1642/1645/1708 1555/1577/1638 1554/1576/1637
f 1644/1663/1734 1803/1662/1733 1804/1574/1635 1553/1575/1636
f 1645/1592/1655 1798/1594/1657 1799/1573/1634 1552/1572/1633
f 2242/2335/1632 2243/2336/1652 1645/1592/1655 1552/1572/1633
f 1647/1588/1649 1646/1590/1651 1524/1540/1599 1523/1539/1598
f 1648/1585/1646 1647/1588/1649 1523/1539/1598 1521/1538/1597
f 1649/1586/1647 1648/1585/1646 1521/1538/1597 1522/1537/1596
f 1579/1598/1661 1650/1666/1737 1581/1599/1662 1577/1596/1659
f 1584/1603/1666 1651/1667/1738 1652/1668/1739 1582/1601/1664
f 1582/2255/1664 1652/2254/1739 1650/1666/1737 1579/1598/1661
f 1651/1667/1738 1584/1603/1666 1586/1605/1668 1653/1669/1740
f 1588/1607/1670 1654/1670/1741 1653/1669/1740 1586/1605/1668
f 1654/1670/1741 1588/1607/1670 1590/1609/1672 1655/1671/1742
f 1656/1672/1743 1610/1628/1691 1608/1626/1689 1615/1632/1695
f 1610/1628/1691 1656/1672/1743 1657/1673/1744 1609/1627/1690
f 1655/1671/1742 1590/1609/1672 1609/1627/1690 1657/1673/1744
f 1658/1674/1745 1450/1512/1571 1451/1514/1573 1454/1513/1572
f 1450/1512/1571 1658/1674/1745 1659/1675/1746 1441/1496/1555
f 1441/1496/1555 1659/1675/1746 1660/1676/1747 1442/1493/1552
f 1661/1677/1748 1443/1498/1557 1442/1493/1552 1660/1676/1747
f 1447/1506/1565 1662/1678/1749 1622/1640/1703 1445/1503/1562
f 1662/1678/1749 1447/1506/1565 1448/1508/1567 1663/1679/1750
f 1663/1679/1750 1448/1508/1567 1449/1510/1569 1664/1680/1751
f 1664/1680/1751 1449/1510/1569 1444/1500/1559 1665/1681/1752
f 1665/1681/1752 1444/1500/1559 1443/1498/1557 1661/1677/1748
f 1650/1666/1737 1666/1682/1753 1667/1683/1754 1581/1599/1662
f 1574/1589/1650 1573/1587/1648 1581/1599/1662 1667/1683/1754
f 1454/1513/1572 1456/1518/1577 1668/1684/1755 1658/1674/1745
f 1658/1674/1745 1668/1684/1755 1669/1685/1756 1659/1675/1746
f 1659/1675/1746 1669/1685/1756 1670/1686/1757 1660/1676/1747
f 1671/1687/1758 1661/1677/1748 1660/1676/1747 1670/1686/1757
f 1661/1677/1748 1671/1687/1758 1672/1688/1759 1665/1681/1752
f 1673/1689/1760 1664/1680/1751 1665/1681/1752 1672/1688/1759
f 1664/1680/1751 1673/1689/1760 1674/1690/1761 1663/1679/1750
f 1663/1679/1750 1674/1690/1761 1675/1691/1762 1662/1678/1749
f 1662/1678/1749 1675/1691/1762 1676/1692/1763 1622/1640/1703
f 1623/1641/1704 1677/1693/1764 1678/1694/1765 1620/1638/1701
f 1622/1640/1703 1676/1692/1763 1677/1693/1764 1623/1641/1704
f 1620/1638/1701 1678/1694/1765 1679/1695/1766 1621/1639/1702
f 1680/1696/1767 1618/1636/1699 1621/1639/1702 1679/1695/1766
f 1618/1636/1699 1680/1696/1767 1681/1697/1768 1619/1637/1700
f 1682/1698/1769 1617/1635/1698 1619/1637/1700 1681/1697/1768
f 1684/1699/1770 1614/1633/1696 1616/1634/1697 1683/1700/1771
f 1683/1700/1771 1616/1634/1697 1617/1635/1698 1682/1698/1769
f 1685/1701/1772 1615/1632/1695 1614/1633/1696 1684/1699/1770
f 1686/1702/1773 1656/1672/1743 1615/1632/1695 1685/1701/1772
f 1656/1672/1743 1686/1702/1773 1687/1703/1774 1657/1673/1744
f 1689/1704/1775 1669/1685/1756 1668/1684/1755 1688/1705/1776
f 1688/1705/1776 1668/1684/1755 1456/1518/1577 1510/1520/1579
f 1691/1706/1777 1671/1687/1758 1670/1686/1757 1690/1707/1778
f 1690/1707/1778 1670/1686/1757 1669/1685/1756 1689/1704/1775
f 1692/1708/1779 1672/1688/1759 1671/1687/1758 1691/1706/1777
f 1694/1709/1780 1654/1670/1741 1655/1671/1742 1693/1710/1781
f 1693/1710/1781 1655/1671/1742 1657/1673/1744 1687/1703/1774
f 1654/1670/1741 1694/1709/1780 1695/1711/1782 1653/1669/1740
f 1652/2254/1739 1696/2253/1783 1666/1682/1753 1650/1666/1737
f 1651/1667/1738 1697/1713/1784 1696/1712/1783 1652/1668/1739
f 1695/1711/1782 1697/1713/1784 1651/1667/1738 1653/1669/1740
f 1698/1714/1785 1688/1705/1776 1510/1520/1579 1512/1521/1580
f 1699/1715/1786 1689/1704/1775 1688/1705/1776 1698/1714/1785
f 1769/1524/1583 1770/1716/1787 1698/1714/1785 1512/1521/1580
f 1701/1717/1788 1690/1707/1778 1689/1704/1775 1699/1715/1786
f 1434/1486/1545 1580/1597/1660 1578/1595/1658 1432/1484/1543
f 1575/1591/1654 2244/2337/1653 2245/2338/1789 1702/1718/1790
f 1702/1718/1790 2245/2338/1789 2246/2339/1791 1703/1719/1792
f 1703/1719/1792 2246/2339/1791 2247/2340/1793 1704/2252/1794
f 2247/2341/1793 2248/2342/1795 1705/1721/1796 1704/1720/1794
f 2248/2342/1795 2249/2343/1797 1706/1722/1798 1705/1721/1796
f 1706/1722/1798 2249/2343/1797 2250/2344/1799 1707/1723/1800
f 1687/1703/1774 1708/1724/1801 1709/1725/1802 2251/2345/1803
f 2250/2344/1799 2251/2345/1803 1709/1725/1802 1707/1723/1800
f 1686/1702/1773 1710/1726/1804 1708/1724/1801 1687/1703/1774
f 1685/1701/1772 1711/1727/1805 1710/1726/1804 1686/1702/1773
f 1711/1727/1805 1685/1701/1772 1684/1699/1770 1712/1728/1806
f 1683/1700/1771 1713/1729/1807 1712/1728/1806 1684/1699/1770
f 1714/1730/1808 1673/1689/1760 1672/1688/1759 1692/1708/1779
f 1715/1731/1809 1674/1690/1761 1673/1689/1760 1714/1730/1808
f 1674/1690/1761 1715/1731/1809 1716/1732/1810 1675/1691/1762
f 1717/1733/1811 1676/1692/1763 1675/1691/1762 1716/1732/1810
f 1718/1734/1812 1677/1693/1764 1676/1692/1763 1717/1733/1811
f 1719/1735/1813 1678/1694/1765 1677/1693/1764 1718/1734/1812
f 1721/1736/1814 1680/1696/1767 1679/1695/1766 1720/1737/1815
f 1678/1694/1765 1719/1735/1813 1720/1737/1815 1679/1695/1766
f 1713/1729/1807 1683/1700/1771 1682/1698/1769 1722/1738/1816
f 1681/1697/1768 1723/1739/1817 1722/1738/1816 1682/1698/1769
f 1680/1696/1767 1721/1736/1814 1723/1739/1817 1681/1697/1768
f 1710/1726/1804 1724/1740/1818 1725/1741/1819 1708/1724/1801
f 1724/1740/1818 1710/1726/1804 1711/1727/1805 1726/1742/1820
f 1726/1742/1820 1711/1727/1805 1712/1728/1806 1727/1743/1821
f 1713/1729/1807 1728/1744/1822 1727/1743/1821 1712/1728/1806
f 1722/1738/1816 1729/1745/1823 1728/1744/1822 1713/1729/1807
f 1723/1739/1817 1730/1746/1824 1729/1745/1823 1722/1738/1816
f 1721/1736/1814 1731/1747/1825 1730/1746/1824 1723/1739/1817
f 1720/1737/1815 1732/1748/1826 1731/1747/1825 1721/1736/1814
f 1719/1735/1813 1733/1749/1827 1732/1748/1826 1720/1737/1815
f 1718/1734/1812 1734/1750/1828 1733/1749/1827 1719/1735/1813
f 1717/1733/1811 1735/1751/1829 1734/1750/1828 1718/1734/1812
f 1735/1751/1829 1717/1733/1811 1716/1732/1810 1736/1752/1830
f 1736/1752/1830 1716/1732/1810 1715/1731/1809 1737/1753/1831
f 1737/1753/1831 1715/1731/1809 1714/1730/1808 1738/1754/1832
f 1692/1708/1779 1739/1755/1833 1738/1754/1832 1714/1730/1808
f 1691/1706/1777 1740/1756/1834 1739/1755/1833 1692/1708/1779
f 1740/1756/1834 1691/1706/1777 1690/1707/1778 1701/1717/1788
f 1708/1724/1801 1725/1741/1819 1709/1725/1802
f 1702/1718/1790 1796/1757/1835 1797/1593/1656 1575/1591/1654
f 1795/1758/1836 1796/1757/1835 1702/1718/1790 1703/1719/1792
f 1704/2252/1794 1794/1759/1837 1795/1758/1836 1703/1719/1792
f 1792/1760/1838 1793/1761/1839 1705/1721/1796 1706/1722/1798
f 1705/1721/1796 1793/1761/1839 1794/2251/1837 1704/1720/1794
f 1791/1762/1840 1792/1760/1838 1706/1722/1798 1707/1723/1800
f 1709/1725/1802 1790/1763/1841 1791/1762/1840 1707/1723/1800
f 1789/1764/1842 1790/1763/1841 1709/1725/1802 1725/1741/1819
f 1724/1740/1818 1788/1765/1843 1789/1764/1842 1725/1741/1819
f 1726/1742/1820 1787/1766/1844 1788/1765/1843 1724/1740/1818
f 1787/1766/1844 1726/1742/1820 1727/1743/1821 1786/1767/1845
f 1728/1744/1822 1785/1768/1846 1786/1767/1845 1727/1743/1821
f 1729/1745/1823 1784/1769/1847 1785/1768/1846 1728/1744/1822
f 1730/1746/1824 1783/1770/1848 1784/1769/1847 1729/1745/1823
f 1770/1716/1787 1771/1771/1849 1699/1715/1786 1698/1714/1785
f 1771/1771/1849 1772/1772/1850 1701/1717/1788 1699/1715/1786
f 1772/1772/1850 1773/1773/1851 1740/1756/1834 1701/1717/1788
f 1731/1747/1825 1782/1774/1852 1783/1770/1848 1730/1746/1824
f 1732/1748/1826 1781/1775/1853 1782/1774/1852 1731/1747/1825
f 1733/1749/1827 1780/1776/1854 1781/1775/1853 1732/1748/1826
f 1734/1750/1828 1779/1777/1855 1780/1776/1854 1733/1749/1827
f 1735/1751/1829 1778/1778/1856 1779/1777/1855 1734/1750/1828
f 1736/1752/1830 1777/1779/1857 1778/1778/1856 1735/1751/1829
f 1740/1756/1834 1773/1773/1851 1774/1780/1858 1739/1755/1833
f 1774/1780/1858 1775/1781/1859 1738/1754/1832 1739/1755/1833
f 1775/1781/1859 1776/1782/1860 1737/1753/1831 1738/1754/1832
f 1776/1782/1860 1777/1779/1857 1736/1752/1830 1737/1753/1831
f 1768/1523/1582 1767/1566/1626 1513/1567/1627 1539/1525/1584
f 1769/1524/1583 1768/1523/1582 1539/1525/1584 1514/1528/1587
f 1700/1783/1861 1770/1716/1787 1769/1524/1583 1514/1528/1587
f 1755/1784/1862 1771/1771/1849 1770/1716/1787 1700/1783/1861
f 1756/1785/1863 1772/1772/1850 1771/1771/1849 1755/1784/1862
f 1757/1786/1864 1773/1773/1851 1772/1772/1850 1756/1785/1863
f 1774/1780/1858 1773/1773/1851 1757/1786/1864 1764/1787/1865
f 1765/1788/1866 1775/1781/1859 1774/1780/1858 1764/1787/1865
f 1766/1789/1867 1776/1782/1860 1775/1781/1859 1765/1788/1866
f 1763/1790/1868 1777/1779/1857 1776/1782/1860 1766/1789/1867
f 1778/1778/1856 1777/1779/1857 1763/1790/1868 1762/1791/1869
f 1779/1777/1855 1778/1778/1856 1762/1791/1869 1761/1792/1870
f 1780/1776/1854 1779/1777/1855 1761/1792/1870 1760/1793/1871
f 1781/1775/1853 1780/1776/1854 1760/1793/1871 1759/1794/1872
f 1782/1774/1852 1781/1775/1853 1759/1794/1872 1758/1795/1873
f 1782/1774/1852 1758/1795/1873 1754/1796/1874 1783/1770/1848
f 1784/1769/1847 1783/1770/1848 1754/1796/1874 1753/1797/1875
f 1785/1768/1846 1784/1769/1847 1753/1797/1875 1752/1798/1876
f 1786/1767/1845 1785/1768/1846 1752/1798/1876 1751/1799/1877
f 1750/1800/1878 1787/1766/1844 1786/1767/1845 1751/1799/1877
f 1788/1765/1843 1787/1766/1844 1750/1800/1878 1749/1801/1879
f 1789/1764/1842 1788/1765/1843 1749/1801/1879 1748/1802/1880
f 1747/1803/1881 1790/1763/1841 1789/1764/1842 1748/1802/1880
f 1791/1762/1840 1790/1763/1841 1747/1803/1881 1746/1804/1882
f 1744/1805/1883 1792/1760/1838 1791/1762/1840 1746/1804/1882
f 1745/1806/1884 1793/1761/1839 1792/1760/1838 1744/1805/1883
f 1794/2251/1837 1793/1761/1839 1745/1806/1884 1743/1807/1885
f 1795/1758/1836 1794/1759/1837 1743/2250/1885 1742/1808/1886
f 1741/1809/1887 1796/1757/1835 1795/1758/1836 1742/1808/1886
f 1797/1593/1656 1796/1757/1835 1741/1809/1887 1576/1660/1731
f 1798/1594/1657 1797/1593/1656 1576/1660/1731 1644/1663/1734
f 1799/1573/1634 1798/1594/1657 1644/1663/1734 1553/1575/1636
f 1800/1547/1607 1799/1573/1634 1553/1575/1636 1526/1546/1606
f 1546/1545/1605 1801/1548/1608 1800/1547/1607 1526/1546/1606
f 1513/1567/1627 1767/1566/1626 1801/1548/1608 1546/1545/1605
f 1803/1662/1733 1802/1661/1732 1639/1664/1735 1643/1665/1736
f 1804/1574/1635 1803/1662/1733 1643/1665/1736 1554/1576/1637
f 1527/1553/1613 1805/1543/1603 1804/1574/1635 1554/1576/1637
f 1545/1556/1616 1806/1544/1604 1805/1543/1603 1527/1553/1613
f 1515/1569/1629 1807/1568/1628 1806/1544/1604 1545/1556/1616
f 1808/1526/1585 1807/1568/1628 1515/1569/1629 1540/1551/1611
f 1809/1527/1586 1808/1526/1585 1540/1551/1611 1516/1550/1610
f 1810/1810/1888 1700/1783/1861 1514/1528/1587 1809/1527/1586
f 1811/1811/1889 1755/1784/1862 1700/1783/1861 1810/1810/1888
f 1812/1812/1890 1756/1785/1863 1755/1784/1862 1811/1811/1889
f 1813/1813/1891 1757/1786/1864 1756/1785/1863 1812/1812/1890
f 1814/1814/1892 1764/1787/1865 1757/1786/1864 1813/1813/1891
f 1815/1815/1893 1765/1788/1866 1764/1787/1865 1814/1814/1892
f 1816/1816/1894 1766/1789/1867 1765/1788/1866 1815/1815/1893
f 1817/1817/1895 1763/1790/1868 1766/1789/1867 1816/1816/1894
f 1818/1818/1896 1762/1791/1869 1763/1790/1868 1817/1817/1895
f 1820/1819/1897 1760/1793/1871 1761/1792/1870 1819/1820/1898
f 1819/1820/1898 1761/1792/1870 1762/1791/1869 1818/1818/1896
f 1821/1821/1899 1759/1794/1872 1760/1793/1871 1820/1819/1897
f 1822/1822/1900 1758/1795/1873 1759/1794/1872 1821/1821/1899
f 1758/1795/1873 1822/1822/1900 1823/1823/1901 1754/1796/1874
f 1754/1796/1874 1823/1823/1901 1824/1824/1902 1753/1797/1875
f 1753/1797/1875 1824/1824/1902 1825/1825/1903 1752/1798/1876
f 1752/1798/1876 1825/1825/1903 1826/1826/1904 1751/1799/1877
f 1827/1827/1905 1750/1800/1878 1751/1799/1877 1826/1826/1904
f 1750/1800/1878 1827/1827/1905 1828/1828/1906 1749/1801/1879
f 1749/1801/1879 1828/1828/1906 1829/1829/1907 1748/1802/1880
f 1748/1802/1880 1829/1829/1907 1830/1830/1908 1747/1803/1881
f 1747/1803/1881 1830/1830/1908 1831/1831/1909 1746/1804/1882
f 1832/1832/1910 1744/1805/1883 1746/1804/1882 1831/1831/1909
f 1744/1805/1883 1832/1832/1910 1833/1833/1911 1745/1806/1884
f 1745/1806/1884 1833/1833/1911 1834/1834/1912 1743/1807/1885
f 1741/1809/1887 1835/1835/1913 1802/1661/1732 1576/1660/1731
f 1835/1835/1913 1741/1809/1887 1742/1808/1886 1836/1836/1914
f 1743/2250/1885 1834/2249/1912 1836/1836/1914 1742/1808/1886
f 1432/1484/1543 1578/1595/1658 1572/1583/1644 1256/1450/1509
f 1255/1451/1510 1256/1450/1509 1572/1583/1644 1649/1586/1647
f 1255/1451/1510 1649/1586/1647 1522/1537/1596 1254/1452/1511
f 1567/1579/1640 1359/1456/1515 1252/1455/1514 1568/1580/1641
f 1568/1580/1641 1534/1515/1574 1451/1514/1573 1567/1579/1640
f 1251/1454/1513 1569/1581/1642 1568/1580/1641 1252/1455/1514
f 1569/1581/1642 1251/1454/1513 1253/1453/1512 1570/1582/1643
f 1551/1532/1591 1570/1582/1643 1837/1837/1915 1518/1529/1588
f 1570/1582/1643 1253/1453/1512 1254/1452/1511 1837/1837/1915
f 1518/1529/1588 1837/1837/1915 1254/1452/1511 1522/1537/1596
f 1838/1838/1916 1810/1810/1888 1809/1527/1586 1516/1550/1610
f 1839/1839/1917 1811/1811/1889 1810/1810/1888 1838/1838/1916
f 1835/1835/1913 1840/1840/1918 1639/1664/1735 1802/1661/1732
f 1836/1836/1914 1841/1841/1919 1840/1840/1918 1835/1835/1913
f 1841/1841/1919 1836/1836/1914 1834/2249/1912 1842/2246/1920
f 1833/1833/1911 1843/1843/1921 1842/1842/1920 1834/1834/1912
f 1832/1832/1910 1844/1844/1922 1843/1843/1921 1833/1833/1911
f 1831/1831/1909 1845/1845/1923 1844/1844/1922 1832/1832/1910
f 1845/1845/1923 1831/1831/1909 1830/1830/1908 1846/1846/1924
f 1829/1829/1907 1847/1847/1925 1846/1846/1924 1830/1830/1908
f 1828/1828/1906 1848/1848/1926 1847/1847/1925 1829/1829/1907
f 1827/1827/1905 1849/1849/1927 1848/1848/1926 1828/1828/1906
f 1849/1849/1927 1827/1827/1905 1826/1826/1904 1850/1850/1928
f 1825/1825/1903 1851/1851/1929 1850/1850/1928 1826/1826/1904
f 1824/1824/1902 1852/1852/1930 1851/1851/1929 1825/1825/1903
f 1823/1823/1901 1853/1853/1931 1852/1852/1930 1824/1824/1902
f 1822/1822/1900 1854/1854/1932 1853/1853/1931 1823/1823/1901
f 1821/1821/1899 1855/1855/1933 1854/1854/1932 1822/1822/1900
f 1820/1819/1897 1856/1856/1934 1855/1855/1933 1821/1821/1899
f 1819/1820/1898 1857/1857/1935 1856/1856/1934 1820/1819/1897
f 1857/1857/1935 1819/1820/1898 1818/1818/1896 1858/1858/1936
f 1858/1858/1936 1818/1818/1896 1817/1817/1895 1859/1859/1937
f 1816/1816/1894 1860/1860/1938 1859/1859/1937 1817/1817/1895
f 1860/1860/1938 1816/1816/1894 1815/1815/1893 1861/1861/1939
f 1814/1814/1892 1862/1862/1940 1861/1861/1939 1815/1815/1893
f 1862/1862/1940 1814/1814/1892 1813/1813/1891 1863/1863/1941
f 1811/1811/1889 1839/1839/1917 1864/1864/1942 1812/1812/1890
f 1863/1863/1941 1813/1813/1891 1812/1812/1890 1864/1864/1942
f 1864/1864/1942 1865/1865/1943 1866/1866/1944 1863/1863/1941
f 1863/1863/1941 1866/1866/1944 1867/1867/1945 1862/1862/1940
f 1868/1868/1946 1861/1861/1939 1862/1862/1940 1867/1867/1945
f 1839/1839/1917 1869/1869/1947 1865/1865/1943 1864/1864/1942
f 1869/1869/1947 1839/1839/1917 1838/1838/1916 1870/1870/1948
f 1516/1550/1610 1529/1549/1609 1870/1870/1948 1838/1838/1916
f 1871/1871/1949 1860/1860/1938 1861/1861/1939 1868/1868/1946
f 1872/1872/1950 1859/1859/1937 1860/1860/1938 1871/1871/1949
f 1873/1873/1951 1858/1858/1936 1859/1859/1937 1872/1872/1950
f 1874/1874/1952 1857/1857/1935 1858/1858/1936 1873/1873/1951
f 1875/1875/1953 2197/2290/1954 2198/2291/1706 1625/1642/1705
f 1625/1642/1705 1639/1664/1735 1840/1840/1918 1875/1875/1953
f 1841/1841/1919 1876/1876/1955 1875/1875/1953 1840/1840/1918
f 1876/1876/1955 2196/2289/1956 2197/2290/1954 1875/1875/1953
f 1877/2247/1957 2195/2287/1958 2196/2289/1956 1876/1876/1955
f 1876/1876/1955 1841/1841/1919 1842/2246/1920 1877/2247/1957
f 2194/2286/1959 2195/2288/1958 1877/1877/1957 1878/1878/1960
f 1843/1843/1921 1878/1878/1960 1877/1877/1957 1842/1842/1920
f 2035/1880/1961 2036/2243/1730 1638/1658/1729 1879/1879/1962
f 1878/1878/1960 1843/1843/1921 1844/1844/1922 1881/1881/1963
f 1845/1845/1923 1882/1882/1964 1881/1881/1963 1844/1844/1922
f 1884/1883/1965 2034/1884/1966 2035/1880/1961 1879/1879/1962
f 1881/1881/1963 2193/2285/1967 2194/2286/1959 1878/1878/1960
f 2192/2284/1968 2193/2285/1967 1881/1881/1963 1882/1882/1964
f 1885/1885/1969 2033/1886/1970 2034/1884/1966 1884/1883/1965
f 1888/1887/1971 2032/1888/1972 2033/1886/1970 1885/1885/1969
f 1889/1889/1973 2191/2283/1974 2192/2284/1968 1882/1882/1964
f 1882/1882/1964 1845/1845/1923 1846/1846/1924 1889/1889/1973
f 1890/1890/1975 1856/1856/1934 1857/1857/1935 1874/1874/1952
f 1891/1891/1976 1855/1855/1933 1856/1856/1934 1890/1890/1975
f 1892/1892/1977 1854/1854/1932 1855/1855/1933 1891/1891/1976
f 1854/1854/1932 1892/1892/1977 1893/1893/1978 1853/1853/1931
f 1894/1894/1979 1852/1852/1930 1853/1853/1931 1893/1893/1978
f 1852/1852/1930 1894/1894/1979 1895/1895/1980 1851/1851/1929
f 1896/1896/1981 1850/1850/1928 1851/1851/1929 1895/1895/1980
f 1897/1897/1982 1849/1849/1927 1850/1850/1928 1896/1896/1981
f 1849/1849/1927 1897/1897/1982 1898/1898/1983 1848/1848/1926
f 1899/1899/1984 1847/1847/1925 1848/1848/1926 1898/1898/1983
f 1847/1847/1925 1899/1899/1984 1889/1889/1973 1846/1846/1924
f 1899/1899/1984 2190/2282/1985 2191/2283/1974 1889/1889/1973
f 2189/2281/1986 2190/2282/1985 1899/1899/1984 1898/1898/1983
f 2188/2280/1987 1897/1897/1982 1896/1896/1981 2187/2279/1988
f 1897/1897/1982 2188/2280/1987 2189/2281/1986 1898/1898/1983
f 1895/1895/1980 2186/2278/1989 2187/2279/1988 1896/1896/1981
f 1894/1894/1979 2185/2277/1990 2186/2278/1989 1895/1895/1980
f 2184/2276/1991 2185/2277/1990 1894/1894/1979 1893/1893/1978
f 2170/2262/1618 2171/2263/1992 1870/1870/1948 1529/1549/1609
f 1870/1870/1948 2171/2263/1992 2172/2264/1993 1869/1869/1947
f 2172/2264/1993 2173/2265/1994 1865/1865/1943 1869/1869/1947
f 1865/1865/1943 2173/2265/1994 2174/2266/1995 1866/1866/1944
f 2174/2266/1995 2175/2267/1996 1867/1867/1945 1866/1866/1944
f 2175/2267/1996 2176/2268/1997 1868/1868/1946 1867/1867/1945
f 2176/2268/1997 2177/2269/1998 1871/1871/1949 1868/1868/1946
f 2177/2269/1998 2178/2270/1999 1872/1872/1950 1871/1871/1949
f 2011/1647/1711 2012/1915/2000 1907/1907/2001 1532/1558/1712
f 1907/1907/2001 2012/1915/2000 2013/1916/2002 1908/1908/2003
f 1908/1908/2003 2013/1916/2002 2014/1917/2004 1909/1909/2005
f 1909/1909/2005 2014/1917/2004 2015/1918/2006 1910/1910/2007
f 2178/2270/1999 2179/2271/2008 1873/1873/1951 1872/1872/1950
f 2179/2271/2008 2180/2272/2009 1874/1874/1952 1873/1873/1951
f 2180/2272/2009 2181/2273/2010 1890/1890/1975 1874/1874/1952
f 2181/2273/2010 2182/2274/2011 1891/1891/1976 1890/1890/1975
f 2182/2274/2011 2183/2275/2012 1892/1892/1977 1891/1891/1976
f 1892/1892/1977 2183/2275/2012 2184/2276/1991 1893/1893/1978
f 1900/1900/2013 2031/1924/2014 2032/1888/1972 1888/1887/1971
f 1901/1901/2015 2030/1925/2016 2031/1924/2014 1900/1900/2013
f 1903/1903/2017 2029/1926/2018 2030/1925/2016 1901/1901/2015
f 2029/1926/2018 1903/1903/2017 1902/1902/2019 2028/1927/2020
f 1904/1904/2021 2027/1928/2022 2028/1927/2020 1902/1902/2019
f 1905/1905/2023 2026/1929/2024 2027/1928/2022 1904/1904/2021
f 1906/1906/2025 2025/1930/2026 2026/1929/2024 1905/1905/2023
f 1923/1923/2027 2024/1931/2028 2025/1930/2026 1906/1906/2025
f 2023/1932/2029 2024/1931/2028 1923/1923/2027 1922/1922/2030
f 1921/1921/2031 2022/1933/2032 2023/1932/2029 1922/1922/2030
f 2021/1934/2033 2022/1933/2032 1921/1921/2031 1920/1920/2034
f 2020/1935/2035 2021/1934/2033 1920/1920/2034 1919/1919/2036
f 2019/1936/2037 2020/1935/2035 1919/1919/2036 1914/1914/2038
f 2018/1937/2039 2019/1936/2037 1914/1914/2038 1913/1913/2040
f 1910/1910/2007 2015/1918/2006 2016/1938/2041 1911/1911/2042
f 1912/1912/2043 2017/1939/2044 2018/1937/2039 1913/1913/2040
f 2016/1938/2041 2017/1939/2044 1912/1912/2043 1911/1911/2042
f 1916/1940/2045 2098/1941/2046 2099/1942/2047 1917/1943/2048
f 1915/1944/2049 2132/1945/2050 2098/1941/2046 1916/1940/2045
f 2131/1946/2051 2132/1945/2050 1915/1944/2049 1627/1947/2052
f 1626/1948/2053 2130/1949/2054 2131/1946/2051 1627/1947/2052
f 1628/1950/2055 2129/1951/2056 2130/1949/2054 1626/1948/2053
f 2128/1952/2057 2129/1951/2056 1628/1950/2055 1629/1953/2058
f 2127/1954/2059 2128/1952/2057 1629/1953/2058 1630/1955/2060
f 1631/1956/2061 2126/1957/2062 2127/1954/2059 1630/1955/2060
f 2125/1958/2063 2126/1957/2062 1631/1956/2061 1640/1959/2064
f 1632/1960/2065 2124/1961/2066 2125/1958/2063 1640/1959/2064
f 1917/1943/2048 2099/1942/2047 2100/1962/2067 1918/1963/2068
f 2100/1962/2067 2101/1964/2069 1938/1965/2070 1918/1963/2068
f 2101/1964/2069 2102/1966/2071 1939/1967/2072 1938/1965/2070
f 1939/1967/2072 2102/1966/2071 2103/1968/2073 1937/1969/2074
f 2103/1968/2073 2104/1970/2075 1936/1971/2076 1937/1969/2074
f 1936/1971/2076 2104/1970/2075 2105/1972/2077 1935/1973/2078
f 1935/1973/2078 2105/1972/2077 2106/1974/2079 1934/1975/2080
f 2106/1974/2079 2107/1976/2081 1933/1977/2082 1934/1975/2080
f 2107/1976/2081 2108/1978/2083 1932/1979/2084 1933/1977/2082
f 2108/1978/2083 2109/1980/2085 1931/1981/2086 1932/1979/2084
f 1931/1981/2086 2109/1980/2085 2110/1982/2087 1930/1983/2088
f 2110/1982/2087 2111/1984/2089 1929/1985/2090 1930/1983/2088
f 1633/1986/2091 2123/1987/2092 2124/1961/2066 1632/1960/2065
f 1635/1988/2093 2122/1989/2094 2123/1987/2092 1633/1986/2091
f 1637/1990/2095 2121/1991/2096 2122/1989/2094 1635/1988/2093
f 1880/1992/2097 2120/1993/2098 2121/2241/2096 1637/2244/2095
f 1883/1994/2099 2119/1995/2100 2120/1993/2098 1880/1992/2097
f 1886/1996/2101 2118/1997/2102 2119/1995/2100 1883/1994/2099
f 1887/1998/2103 2117/1999/2104 2118/1997/2102 1886/1996/2101
f 1924/2000/2105 2116/2001/2106 2117/1999/2104 1887/1998/2103
f 1925/2002/2107 2115/2003/2108 2116/2001/2106 1924/2000/2105
f 1925/2002/2107 1926/2004/2109 2114/2005/2110 2115/2003/2108
f 2114/2005/2110 1926/2004/2109 1927/2006/2111 2113/2007/2112
f 2112/2008/2113 2113/2007/2112 1927/2006/2111 1928/2009/2114
f 2111/1984/2089 2112/2008/2113 1928/2009/2114 1929/1985/2090
f 1955/2010/2115 1975/2232/2116 1976/2240/2117 1956/2013/2118
f 1977/2239/2119 1957/2015/2120 1956/2013/2118 1976/2240/2117
f 1978/2238/2121 1958/2017/2122 1957/2015/2120 1977/2239/2119
f 1979/2237/2123 1959/2019/2124 1958/2017/2122 1978/2238/2121
f 1980/2236/2125 1960/2021/2126 1959/2019/2124 1979/2237/2123
f 1960/2021/2126 1980/2236/2125 1981/2235/2127 1961/2023/2128
f 1962/2024/2129 1961/2023/2128 1981/2235/2127 1982/2234/2130
f 1982/2234/2130 1983/2233/2131 1974/2027/2132 1962/2024/2129
f 1983/2233/2131 1984/2224/2133 1973/2029/2134 1974/2027/2132
f 1954/2030/2135 1985/2231/2136 1975/2232/2116 1955/2010/2115
f 1985/2231/2136 1954/2030/2135 1953/2032/2137 1986/2230/2138
f 1986/2230/2138 1953/2032/2137 1952/2034/2139 1987/2229/2140
f 1987/2229/2140 1952/2034/2139 1951/2036/2141 1988/2228/2142
f 1988/2228/2142 1951/2036/2141 1941/2038/2143 1989/2227/2144
f 1989/2227/2144 1941/2038/2143 1940/2040/2145 1990/2226/2146
f 1942/2042/2147 1991/2225/2148 1990/2226/2146 1940/2040/2145
f 1943/2044/2149 1992/2207/2150 1991/2225/2148 1942/2042/2147
f 1993/2223/2151 1972/2047/2152 1973/2029/2134 1984/2224/2133
f 1993/2223/2151 1994/2222/2153 1971/2049/2154 1972/2047/2152
f 1994/2222/2153 1995/2221/2155 1970/2051/2156 1971/2049/2154
f 1995/2221/2155 1996/2220/2157 1969/2053/2158 1970/2051/2156
f 1997/2219/2159 1968/2055/2160 1969/2053/2158 1996/2220/2157
f 1998/2218/2161 1967/2057/2162 1968/2055/2160 1997/2219/2159
f 1967/2057/2162 1998/2218/2161 1999/2217/2163 1966/2059/2164
f 1966/2059/2164 1999/2217/2163 2000/2216/2165 1965/2242/2166
f 1965/2061/2166 2000/2245/2165 2001/2215/2167 1964/2063/2168
f 2002/2214/2169 1963/2065/2170 1964/2063/2168 2001/2215/2167
f 2003/2213/2171 1950/2067/2172 1963/2065/2170 2002/2214/2169
f 2004/2212/2173 1949/2069/2174 1950/2067/2172 2003/2213/2171
f 2005/2211/2175 1948/2071/2176 1949/2069/2174 2004/2212/2173
f 2006/2210/2177 1947/2073/2178 1948/2071/2176 2005/2211/2175
f 2007/2209/2179 1946/2075/2180 1947/2073/2178 2006/2210/2177
f 2008/2208/2181 1945/2077/2182 1946/2075/2180 2007/2209/2179
f 2008/2208/2181 2009/2206/2183 1944/2079/2184 1945/2077/2182
f 1944/2079/2184 2009/2206/2183 1992/2207/2150 1943/2044/2149
f 2011/1647/1711 2010/1646/1710 1626/1948/2053 1627/1947/2052
f 1915/1944/2049 2012/1915/2000 2011/1647/1711 1627/1947/2052
f 2013/1916/2002 2012/1915/2000 1915/1944/2049 1916/1940/2045
f 2014/1917/2004 2013/1916/2002 1916/1940/2045 1917/1943/2048
f 2015/1918/2006 2014/1917/2004 1917/1943/2048 1918/1963/2068
f 2016/1938/2041 2015/1918/2006 1918/1963/2068 1938/1965/2070
f 1939/1967/2072 2017/1939/2044 2016/1938/2041 1938/1965/2070
f 2018/1937/2039 2017/1939/2044 1939/1967/2072 1937/1969/2074
f 1936/1971/2076 2019/1936/2037 2018/1937/2039 1937/1969/2074
f 1935/1973/2078 2020/1935/2035 2019/1936/2037 1936/1971/2076
f 1934/1975/2080 2021/1934/2033 2020/1935/2035 1935/1973/2078
f 1933/1977/2082 2022/1933/2032 2021/1934/2033 1934/1975/2080
f 2023/1932/2029 2022/1933/2032 1933/1977/2082 1932/1979/2084
f 1931/1981/2086 2024/1931/2028 2023/1932/2029 1932/1979/2084
f 2024/1931/2028 1931/1981/2086 1930/1983/2088 2025/1930/2026
f 2026/1929/2024 2025/1930/2026 1930/1983/2088 1929/1985/2090
f 2027/1928/2022 2026/1929/2024 1929/1985/2090 1928/2009/2114
f 2028/1927/2020 2027/1928/2022 1928/2009/2114 1927/2006/2111
f 1926/2004/2109 2029/1926/2018 2028/1927/2020 1927/2006/2111
f 2030/1925/2016 2029/1926/2018 1926/2004/2109 1925/2002/2107
f 2031/1924/2014 2030/1925/2016 1925/2002/2107 1924/2000/2105
f 2032/1888/1972 2031/1924/2014 1924/2000/2105 1887/1998/2103
f 2033/1886/1970 2032/1888/1972 1887/1998/2103 1886/1996/2101
f 2034/1884/1966 2033/1886/1970 1886/1996/2101 1883/1994/2099
f 2035/1880/1961 2034/1884/1966 1883/1994/2099 1880/1992/2097
f 1637/2244/2095 2036/2243/1730 2035/1880/1961 1880/1992/2097
f 2037/1657/1728 2036/1659/1730 1637/1990/2095 1635/1988/2093
f 2038/1655/1726 2037/1657/1728 1635/1988/2093 1633/1986/2091
f 2039/1652/1722 2038/1655/1726 1633/1986/2091 1632/1960/2065
f 2040/1653/1723 2039/1652/1722 1632/1960/2065 1640/1959/2064
f 2041/1651/1719 2040/1653/1723 1640/1959/2064 1631/1956/2061
f 1630/1955/2060 2042/1650/1717 2041/1651/1719 1631/1956/2061
f 1629/1953/2058 2043/1649/1715 2042/1650/1717 1630/1955/2060
f 1628/1950/2055 2044/1648/1713 2043/1649/1715 1629/1953/2058
f 1626/1948/2053 2010/1646/1710 2044/1648/1713 1628/1950/2055
f 2046/2080/2185 1990/2041/2146 1991/2043/2148 2045/2081/2186
f 2047/2082/2187 1989/2039/2144 1990/2041/2146 2046/2080/2185
f 2048/2083/2188 1988/2037/2142 1989/2039/2144 2047/2082/2187
f 1988/2037/2142 2048/2083/2188 2049/2084/2189 1987/2035/2140
f 1987/2035/2140 2049/2084/2189 2050/2085/2190 1986/2033/2138
f 1986/2033/2138 2050/2085/2190 2051/2086/2191 1985/2031/2136
f 2052/2087/2192 1975/2011/2116 1985/2031/2136 2051/2086/2191
f 2053/2088/2193 1976/2012/2117 1975/2011/2116 2052/2087/2192
f 2054/2089/2194 1977/2014/2119 1976/2012/2117 2053/2088/2193
f 2055/2090/2195 1978/2016/2121 1977/2014/2119 2054/2089/2194
f 1978/2016/2121 2055/2090/2195 2056/2091/2196 1979/2018/2123
f 2057/2092/2197 1980/2020/2125 1979/2018/2123 2056/2091/2196
f 1980/2020/2125 2057/2092/2197 2058/2093/2198 1981/2022/2127
f 2059/2094/2199 1982/2025/2130 1981/2022/2127 2058/2093/2198
f 2060/2095/2200 1983/2026/2131 1982/2025/2130 2059/2094/2199
f 2061/2096/2201 1984/2028/2133 1983/2026/2131 2060/2095/2200
f 2062/2097/2202 1993/2046/2151 1984/2028/2133 2061/2096/2201
f 1993/2046/2151 2062/2097/2202 2063/2098/2203 1994/2048/2153
f 1994/2048/2153 2063/2098/2203 2064/2099/2204 1995/2050/2155
f 1992/2045/2150 2065/2100/2205 2045/2081/2186 1991/2043/2148
f 2009/2078/2183 2066/2101/2206 2065/2100/2205 1992/2045/2150
f 2008/2076/2181 2067/2102/2207 2066/2101/2206 2009/2078/2183
f 2007/2074/2179 2068/2103/2208 2067/2102/2207 2008/2076/2181
f 2068/2103/2208 2007/2074/2179 2006/2072/2177 2069/2104/2209
f 2070/2105/2210 1996/2052/2157 1995/2050/2155 2064/2099/2204
f 1996/2052/2157 2070/2105/2210 2071/2106/2211 1997/2054/2159
f 1997/2054/2159 2071/2106/2211 2072/2107/2212 1998/2056/2161
f 1998/2056/2161 2072/2107/2212 2073/2108/2213 1999/2058/2163
f 2005/2070/2175 2074/2109/2214 2069/2104/2209 2006/2072/2177
f 2004/2068/2173 2075/2110/2215 2074/2109/2214 2005/2070/2175
f 2003/2066/2171 2076/2111/2216 2075/2110/2215 2004/2068/2173
f 2002/2064/2169 2077/2112/2217 2076/2111/2216 2003/2066/2171
f 2077/2112/2217 2002/2064/2169 2001/2062/2167 2078/2113/2218
f 2078/2113/2218 2001/2062/2167 2000/2347/2165 2079/2346/2219
f 2079/2114/2219 2000/2060/2165 1999/2058/2163 2073/2108/2213
f 2046/2080/2185 2157/2195/2220 2154/2192/2221 2047/2082/2187
f 2154/2192/2221 2155/2193/2222 2048/2083/2188 2047/2082/2187
f 2049/2084/2189 2158/2196/2223 2156/2194/2224 2050/2085/2190
f 2065/2100/2205 2152/2190/2225 2153/2191/2226 2045/2081/2186
f 2066/2101/2206 2166/2204/2227 2152/2190/2225 2065/2100/2205
f 2150/2188/2228 2151/2189/2229 2067/2102/2207 2068/2103/2208
f 2068/2103/2208 2069/2104/2209 2167/2205/2230 2150/2188/2228
f 2075/2110/2215 2148/2186/2231 2149/2187/2232 2074/2109/2214
f 2077/2112/2217 2147/2185/2233 2165/2203/2234 2076/2111/2216
f 2146/2184/2235 2147/2185/2233 2077/2112/2217 2078/2113/2218
f 2079/2346/2219 2164/2202/2236 2146/2184/2235 2078/2113/2218
f 2156/2194/2224 2133/2171/2237 2051/2086/2191 2050/2085/2190
f 2053/2088/2193 2052/2087/2192 2159/2197/2238 2134/2172/2239
f 2134/2172/2239 2135/2173/2240 2054/2089/2194 2053/2088/2193
f 2056/2091/2196 2055/2090/2195 2160/2198/2241 2136/2174/2242
f 2136/2174/2242 2137/2175/2243 2057/2092/2197 2056/2091/2196
f 2057/2092/2197 2137/2175/2243 2161/2199/2244 2058/2093/2198
f 2072/2107/2212 2144/2182/2245 2145/2183/2246 2073/2108/2213
f 2071/2106/2211 2163/2201/2247 2144/2182/2245 2072/2107/2212
f 2064/2099/2204 2142/2180/2248 2143/2181/2249 2070/2105/2210
f 2059/2094/2199 2138/2176/2250 2139/2177/2251 2060/2095/2200
f 2140/2178/2252 2062/2097/2202 2061/2096/2201 2162/2200/2253
f 2063/2098/2203 2141/2179/2254 2142/2180/2248 2064/2099/2204
f 2140/2178/2252 2141/2179/2254 2063/2098/2203 2062/2097/2202
f 2093/2127/2255 2087/2122/2256 2086/2121/2257 2092/2128/2258
f 2094/2129/2259 2088/2123/2260 2087/2122/2256 2093/2127/2255
f 2092/2128/2258 2095/2130/2261 2096/2131/2262 2093/2127/2255
f 2086/2121/2257 2081/2116/2263 2080/2115/2264 2092/2128/2258
f 2084/2119/2265 2096/2131/2262 2095/2130/2261 2083/2118/2266
f 2082/2117/2267 2095/2130/2261 2092/2128/2258 2080/2115/2264
f 2095/2130/2261 2082/2117/2267 2083/2118/2266
f 2097/2132/2268 2094/2129/2259 2093/2127/2255 2096/2131/2262
f 2085/2120/2269 2097/2132/2268 2096/2131/2262 2084/2119/2265
f 2091/2126/2270 2088/2123/2260 2094/2129/2259 2090/2125/2271
f 2094/2129/2259 2097/2132/2268 2089/2124/2272 2090/2125/2271
f 2085/2120/2269 2089/2124/2272 2097/2132/2268
f 2099/1942/2047 2098/1941/2046 1940/2040/2145 1941/2038/2143
f 2100/1962/2067 2099/1942/2047 1941/2038/2143 1951/2036/2141
f 1952/2034/2139 2101/1964/2069 2100/1962/2067 1951/2036/2141
f 1953/2032/2137 2102/1966/2071 2101/1964/2069 1952/2034/2139
f 2103/1968/2073 2102/1966/2071 1953/2032/2137 1954/2030/2135
f 1955/2010/2115 2104/1970/2075 2103/1968/2073 1954/2030/2135
f 2105/1972/2077 2104/1970/2075 1955/2010/2115 1956/2013/2118
f 2106/1974/2079 2105/1972/2077 1956/2013/2118 1957/2015/2120
f 1958/2017/2122 2107/1976/2081 2106/1974/2079 1957/2015/2120
f 1959/2019/2124 2108/1978/2083 2107/1976/2081 1958/2017/2122
f 1960/2021/2126 2109/1980/2085 2108/1978/2083 1959/2019/2124
f 2109/1980/2085 1960/2021/2126 1961/2023/2128 2110/1982/2087
f 1961/2023/2128 1962/2024/2129 2111/1984/2089 2110/1982/2087
f 1962/2024/2129 1974/2027/2132 2112/2008/2113 2111/1984/2089
f 1973/2029/2134 2113/2007/2112 2112/2008/2113 1974/2027/2132
f 1972/2047/2152 2114/2005/2110 2113/2007/2112 1973/2029/2134
f 2115/2003/2108 2114/2005/2110 1972/2047/2152 1971/2049/2154
f 2116/2001/2106 2115/2003/2108 1971/2049/2154 1970/2051/2156
f 2117/1999/2104 2116/2001/2106 1970/2051/2156 1969/2053/2158
f 2118/1997/2102 2117/1999/2104 1969/2053/2158 1968/2055/2160
f 2119/1995/2100 2118/1997/2102 1968/2055/2160 1967/2057/2162
f 2120/1993/2098 2119/1995/2100 1967/2057/2162 1966/2059/2164
f 2121/2241/2096 2120/1993/2098 1966/2059/2164 1965/2242/2166
f 2122/1989/2094 2121/1991/2096 1965/2061/2166 1964/2063/2168
f 2123/1987/2092 2122/1989/2094 1964/2063/2168 1963/2065/2170
f 2124/1961/2066 2123/1987/2092 1963/2065/2170 1950/2067/2172
f 2125/1958/2063 2124/1961/2066 1950/2067/2172 1949/2069/2174
f 1948/2071/2176 2126/1957/2062 2125/1958/2063 1949/2069/2174
f 2127/1954/2059 2126/1957/2062 1948/2071/2176 1947/2073/2178
f 1946/2075/2180 2128/1952/2057 2127/1954/2059 1947/2073/2178
f 1945/2077/2182 2129/1951/2056 2128/1952/2057 1946/2075/2180
f 2130/1949/2054 2129/1951/2056 1945/2077/2182 1944/2079/2184
f 2131/1946/2051 2130/1949/2054 1944/2079/2184 1943/2044/2149
f 1943/2044/2149 1942/2042/2147 2132/1945/2050 2131/1946/2051
f 2098/1941/2046 2132/1945/2050 1942/2042/2147 1940/2040/2145
f 819/1055/1113 1060/604/629 885/1072/1130 719/1056/1114
f 887/1036/1094 886/1040/1098 598/713/768
f 819/1055/1113 575/1054/1112 1060/604/629
f 818/1057/1115 719/1056/1114 885/1072/1130 899/1030/1088
f 2134/2172/2239 2159/2197/2238 2133/2171/2237 2086/2121/2257
f 2087/2122/2256 2135/2173/2240 2134/2172/2239 2086/2121/2257
f 2136/2174/2242 2160/2198/2241 2135/2173/2240 2087/2122/2256
f 2088/2123/2260 2137/2175/2243 2136/2174/2242 2087/2122/2256
f 2137/2175/2243 2088/2123/2260 2138/2176/2250 2161/2199/2244
f 2088/2123/2260 2091/2126/2270 2139/2177/2251 2138/2176/2250
f 2091/2126/2270 2140/2178/2252 2162/2200/2253 2139/2177/2251
f 2090/2125/2271 2141/2179/2254 2140/2178/2252 2091/2126/2270
f 2142/2180/2248 2141/2179/2254 2090/2125/2271
f 2143/2181/2249 2142/2180/2248 2090/2125/2271 2089/2124/2272
f 2144/2182/2245 2163/2201/2247 2143/2181/2249 2089/2124/2272
f 2145/2183/2246 2144/2182/2245 2089/2124/2272 2085/2120/2269
f 2085/2120/2269 2146/2184/2235 2164/2202/2236 2145/2183/2246
f 2084/2119/2265 2147/2185/2233 2146/2184/2235 2085/2120/2269
f 2148/2186/2231 2165/2203/2234 2147/2185/2233 2084/2119/2265
f 2149/2187/2232 2148/2186/2231 2084/2119/2265 2083/2118/2266
f 2150/2188/2228 2167/2205/2230 2149/2187/2232 2083/2118/2266
f 2082/2117/2267 2151/2189/2229 2150/2188/2228 2083/2118/2266
f 2152/2190/2225 2166/2204/2227 2151/2189/2229 2082/2117/2267
f 2153/2191/2226 2152/2190/2225 2082/2117/2267 2080/2115/2264
f 2154/2192/2221 2157/2195/2220 2153/2191/2226 2080/2115/2264
f 2081/2116/2263 2155/2193/2222 2154/2192/2221 2080/2115/2264
f 2156/2194/2224 2158/2196/2223 2155/2193/2222 2081/2116/2263
f 2086/2121/2257 2133/2171/2237 2156/2194/2224 2081/2116/2263
f 2046/2080/2185 2045/2081/2186 2153/2191/2226 2157/2195/2220
f 2048/2083/2188 2155/2193/2222 2158/2196/2223 2049/2084/2189
f 2159/2197/2238 2052/2087/2192 2051/2086/2191 2133/2171/2237
f 2160/2198/2241 2055/2090/2195 2054/2089/2194 2135/2173/2240
f 2058/2093/2198 2161/2199/2244 2138/2176/2250 2059/2094/2199
f 2061/2096/2201 2060/2095/2200 2139/2177/2251 2162/2200/2253
f 2070/2105/2210 2143/2181/2249 2163/2201/2247 2071/2106/2211
f 2145/2183/2246 2164/2202/2236 2079/2114/2219 2073/2108/2213
f 2076/2111/2216 2165/2203/2234 2148/2186/2231 2075/2110/2215
f 2067/2102/2207 2151/2189/2229 2166/2204/2227 2066/2101/2206
f 2167/2205/2230 2069/2104/2209 2074/2109/2214 2149/2187/2232
f 2169/2261/1617 2168/2260/1631 1531/1571/1714 1542/1557/1709
f 2170/2262/1618 2169/2261/1617 1542/1557/1709 1532/1558/1712
f 1907/1907/2001 2171/2263/1992 2170/2262/1618 1532/1558/1712
f 2172/2264/1993 2171/2263/1992 1907/1907/2001 1908/1908/2003
f 1909/1909/2005 2173/2265/1994 2172/2264/1993 1908/1908/2003
f 2174/2266/1995 2173/2265/1994 1909/1909/2005 1910/1910/2007
f 1911/1911/2042 2175/2267/1996 2174/2266/1995 1910/1910/2007
f 1912/1912/2043 2176/2268/1997 2175/2267/1996 1911/1911/2042
f 1913/1913/2040 2177/2269/1998 2176/2268/1997 1912/1912/2043
f 1914/1914/2038 2178/2270/1999 2177/2269/1998 1913/1913/2040
f 1919/1919/2036 2179/2271/2008 2178/2270/1999 1914/1914/2038
f 1920/1920/2034 2180/2272/2009 2179/2271/2008 1919/1919/2036
f 1921/1921/2031 2181/2273/2010 2180/2272/2009 1920/1920/2034
f 1922/1922/2030 2182/2274/2011 2181/2273/2010 1921/1921/2031
f 1923/1923/2027 2183/2275/2012 2182/2274/2011 1922/1922/2030
f 2183/2275/2012 1923/1923/2027 1906/1906/2025 2184/2276/1991
f 1905/1905/2023 2185/2277/1990 2184/2276/1991 1906/1906/2025
f 2186/2278/1989 2185/2277/1990 1905/1905/2023 1904/1904/2021
f 2187/2279/1988 2186/2278/1989 1904/1904/2021 1902/1902/2019
f 1903/1903/2017 2188/2280/1987 2187/2279/1988 1902/1902/2019
f 2189/2281/1986 2188/2280/1987 1903/1903/2017 1901/1901/2015
f 1900/1900/2013 2190/2282/1985 2189/2281/1986 1901/1901/2015
f 2191/2283/1974 2190/2282/1985 1900/1900/2013 1888/1887/1971
f 2192/2284/1968 2191/2283/1974 1888/1887/1971 1885/1885/1969
f 1884/1883/1965 2193/2285/1967 2192/2284/1968 1885/1885/1969
f 2194/2286/1959 2193/2285/1967 1884/1883/1965 1879/1879/1962
f 1638/1658/1729 2195/2288/1958 2194/2286/1959 1879/1879/1962
f 2196/2289/1956 2195/2287/1958 1638/2248/1729 1636/1656/1727
f 2197/2290/1954 2196/2289/1956 1636/1656/1727 1634/1654/1725
f 2198/2291/1706 2197/2290/1954 1634/1654/1725 1624/1643/1721
f 2199/2292/1707 2198/2291/1706 1624/1643/1721 1641/1644/1724
f 2200/2293/1639 2199/2292/1707 1641/1644/1724 1556/1578/1720
f 2201/2294/1619 2200/2293/1639 1556/1578/1720 1533/1559/1718
f 2202/2295/1620 2201/2294/1619 1533/1559/1718 1543/1560/1716
f 2168/2260/1631 2202/2295/1620 1543/1560/1716 1531/1571/1714
f 2204/2297/737 2203/2361/736 538/679/707 539/680/708
f 539/680/708 540/683/711 2205/2298/738 2204/2297/737
f 540/683/711 124/176/176 2206/2299/647 2205/2298/738
f 2207/2300/644 2206/2299/647 124/176/176 122/174/174
f 2208/2301/645 2207/2300/644 122/174/174 120/172/172
f 120/172/172 74/78/78 2209/2302/860 2208/2301/645
f 74/78/78 331/77/77 2210/2303/867 2209/2302/860
f 665/797/852 2211/2304/1166 2210/2303/867 331/77/77
f 665/797/852 670/464/489 2212/2305/866 2211/2304/1166
f 73/355/377 2213/2306/382 2212/2305/866 670/464/489
f 569/183/183 568/186/186 2215/2308/733 2214/2360/734
f 2216/2309/732 2215/2308/733 568/186/186 567/188/188
f 2217/2310/731 2216/2309/732 567/188/188 566/187/187
f 566/187/187 565/194/194 2218/2311/730 2217/2310/731
f 2219/2312/729 2218/2311/730 565/194/194 564/198/198
f 564/198/198 563/197/197 2220/2313/728 2219/2312/729
f 2221/2314/727 2220/2313/728 563/197/197 562/200/200
f 2222/2315/726 2221/2314/727 562/200/200 561/202/202
f 2223/2316/725 2222/2315/726 561/202/202 560/249/249
f 2224/2317/724 2223/2316/725 560/249/249 559/204/204
f 2225/2318/723 2224/2317/724 559/204/204 558/203/203
f 558/203/203 557/214/214 2226/2319/722 2225/2318/723
f 557/214/214 556/208/208 2227/2320/721 2226/2319/722
f 555/207/207 2228/2321/720 2227/2320/721 556/208/208
f 2229/2322/719 2228/2321/720 555/207/207 554/211/211
f 554/211/211 553/216/216 2230/2323/718 2229/2322/719
f 553/216/216 552/218/218 2231/2324/717 2230/2323/718
f 2232/2325/716 2231/2324/717 552/218/218 551/222/222
f 551/222/222 550/221/221 2233/2326/715 2232/2325/716
f 2234/2327/714 2233/2326/715 550/221/221 549/226/226
f 549/226/226 548/225/225 2235/2328/713 2234/2327/714
f 548/225/225 547/228/228 2236/2329/712 2235/2328/713
f 2237/2330/735 2203/2296/736 571/179/179 570/184/184
f 570/184/184 569/183/183 2214/2360/734 2237/2330/735
f 79/85/85 2252/2410/381 246/357/380 2213/2306/382
f 514/633/662 2236/2358/712 513/632/660 197/303/354
f 514/633/662 197/303/354 2240/2333/353 163/300/300
f 227/332/346 2238/2331/349 2272/2431/348 96/119/119
f 226/331/345 2239/2332/351 2238/2331/349 227/332/346
f 226/331/345 200/301/301 2240/2333/353 2239/2332/351
f 163/300/300 2240/2333/353 200/301/301 199/298/298
f 1520/1535/1594 2241/2334/1600 1548/1536/1595
f 1524/1540/1599 2242/2335/1632 2241/2334/1600 1520/1535/1594
f 1646/1590/1651 2243/2336/1652 2242/2335/1632 1524/1540/1599
f 1574/1589/1650 2244/2337/1653 2243/2336/1652 1646/1590/1651
f 2245/2338/1789 2244/2337/1653 1574/1589/1650 1667/1683/1754
f 2246/2339/1791 2245/2338/1789 1667/1683/1754 1666/1682/1753
f 2247/2340/1793 2246/2339/1791 1666/1682/1753 1696/2253/1783
f 1697/1713/1784 2248/2342/1795 2247/2341/1793 1696/1712/1783
f 1695/1711/1782 2249/2343/1797 2248/2342/1795 1697/1713/1784
f 2250/2344/1799 2249/2343/1797 1695/1711/1782 1694/1709/1780
f 1693/1710/1781 2251/2345/1803 2250/2344/1799 1694/1709/1780
f 1687/1703/1774 2251/2345/1803 1693/1710/1781
f 2253/2411/379 2252/2410/381 79/85/85 78/83/83
f 2254/2412/344 2253/2411/379 78/83/83 76/80/80
f 2255/2413/341 2254/2412/344 76/80/80 77/79/79
f 77/79/79 80/88/88 2256/2414/340 2255/2413/341
f 2257/2415/338 2256/2414/340 80/88/88 81/89/89
f 2258/2416/336 2257/2415/338 81/89/89 82/91/91
f 2259/2417/324 2258/2416/336 82/91/91 83/93/93
f 2260/2418/322 2259/2417/324 83/93/93 94/116/116
f 2261/2419/320 2260/2418/322 94/116/116 93/113/113
f 2262/2420/316 2261/2419/320 93/113/113 92/111/111
f 2263/2421/317 2262/2420/316 92/111/111 91/2356/109
f 90/107/107 2264/2423/325 2263/2422/317 91/109/109
f 2265/2424/327 2264/2423/325 90/107/107 89/105/105
f 88/103/103 2266/2425/331 2265/2424/327 89/105/105
f 2267/2426/332 2266/2425/331 88/103/103 87/101/101
f 2268/2427/334 2267/2426/332 87/101/101 86/99/99
f 86/99/99 84/96/96 2269/2428/359 2268/2427/334
f 84/96/96 85/95/95 2270/2429/360 2269/2428/359
f 2271/2430/347 2270/2429/360 85/95/95 95/118/118
f 96/119/119 2272/2431/348 2271/2430/347 95/118/118
